-- phpMyAdmin SQL Dump
-- version 5.1.1
-- https://www.phpmyadmin.net/
--
-- Host: 127.0.0.1
-- Generation Time: May 01, 2023 at 01:41 PM
-- Server version: 10.4.22-MariaDB
-- PHP Version: 7.3.33

SET SQL_MODE = "NO_AUTO_VALUE_ON_ZERO";
START TRANSACTION;
SET time_zone = "+00:00";


/*!40101 SET @OLD_CHARACTER_SET_CLIENT=@@CHARACTER_SET_CLIENT */;
/*!40101 SET @OLD_CHARACTER_SET_RESULTS=@@CHARACTER_SET_RESULTS */;
/*!40101 SET @OLD_COLLATION_CONNECTION=@@COLLATION_CONNECTION */;
/*!40101 SET NAMES utf8mb4 */;

--
-- Database: `simulasidb`
--

-- --------------------------------------------------------

--
-- Table structure for table `frs_accounting_balance`
--

CREATE TABLE `frs_accounting_balance` (
  `item_id` int(11) NOT NULL,
  `account` char(15) NOT NULL,
  `amount_beginning` double NOT NULL,
  `amount_debit` double NOT NULL,
  `amount_credit` double NOT NULL,
  `amount_saldo` double NOT NULL,
  `period` date NOT NULL,
  `category_book` char(1) NOT NULL
) ENGINE=InnoDB DEFAULT CHARSET=latin1;

--
-- Dumping data for table `frs_accounting_balance`
--

INSERT INTO `frs_accounting_balance` (`item_id`, `account`, `amount_beginning`, `amount_debit`, `amount_credit`, `amount_saldo`, `period`, `category_book`) VALUES
(1, '1', 0, 0, 0, 0, '2023-01-01', '1'),
(2, '11', 0, 0, 0, 0, '2023-01-01', '1'),
(3, '111', 0, 0, 0, 0, '2023-01-01', '1'),
(4, '1111', 0, 0, 0, 0, '2023-01-01', '1'),
(5, '11111', 0, 0, 0, 0, '2023-01-01', '1'),
(6, '11111001', 4500, 0, 0, 0, '2023-01-01', '1'),
(7, '1112', 0, 0, 0, 0, '2023-01-01', '1'),
(8, '11121', 0, 0, 0, 0, '2023-01-01', '1'),
(9, '111211', 0, 0, 0, 0, '2023-01-01', '1'),
(10, '11121101', 1000, 0, 0, 0, '2023-01-01', '1'),
(11, '111212', 0, 0, 0, 0, '2023-01-01', '1'),
(12, '11121201', 2500, 0, 0, 0, '2023-01-01', '1'),
(13, '1113', 0, 0, 0, 0, '2023-01-01', '1'),
(14, '11130001', 0, 0, 0, 0, '2023-01-01', '1'),
(15, '1114', 0, 0, 0, 0, '2023-01-01', '1'),
(16, '11140001', 0, 0, 0, 0, '2023-01-01', '1'),
(17, '1119', 0, 0, 0, 0, '2023-01-01', '1'),
(18, '11190001', 0, 0, 0, 0, '2023-01-01', '1'),
(19, '11190002', 0, 0, 0, 0, '2023-01-01', '1'),
(20, '112', 0, 0, 0, 0, '2023-01-01', '1'),
(21, '1121', 0, 0, 0, 0, '2023-01-01', '1'),
(22, '11210001', 0, 0, 0, 0, '2023-01-01', '1'),
(23, '1122', 0, 0, 0, 0, '2023-01-01', '1'),
(24, '11220001', 0, 0, 0, 0, '2023-01-01', '1'),
(25, '1123', 0, 0, 0, 0, '2023-01-01', '1'),
(26, '11230001', 0, 0, 0, 0, '2023-01-01', '1'),
(27, '1131', 0, 0, 0, 0, '2023-01-01', '1'),
(28, '11310001', 0, 0, 0, 0, '2023-01-01', '1'),
(29, '11310002', 0, 0, 0, 0, '2023-01-01', '1'),
(30, '1132', 0, 0, 0, 0, '2023-01-01', '1'),
(31, '11320001', 0, 0, 0, 0, '2023-01-01', '1'),
(32, '114', 0, 0, 0, 0, '2023-01-01', '1'),
(33, '1141', 0, 0, 0, 0, '2023-01-01', '1'),
(34, '11410001', 0, 0, 0, 0, '2023-01-01', '1'),
(35, '11410002', 0, 0, 0, 0, '2023-01-01', '1'),
(36, '1142', 0, 0, 0, 0, '2023-01-01', '1'),
(37, '11420001', 0, 0, 0, 0, '2023-01-01', '1'),
(38, '11420002', 0, 0, 0, 0, '2023-01-01', '1'),
(39, '11420003', 0, 0, 0, 0, '2023-01-01', '1'),
(40, '1143', 0, 0, 0, 0, '2023-01-01', '1'),
(41, '11430001', 0, 0, 0, 0, '2023-01-01', '1'),
(42, '1144', 0, 0, 0, 0, '2023-01-01', '1'),
(43, '11440001', 0, 0, 0, 0, '2023-01-01', '1'),
(44, '1145', 0, 0, 0, 0, '2023-01-01', '1'),
(45, '11450001', 0, 0, 0, 0, '2023-01-01', '1'),
(46, '1146', 0, 0, 0, 0, '2023-01-01', '1'),
(47, '11460001', 0, 0, 0, 0, '2023-01-01', '1'),
(48, '11460002', 0, 0, 0, 0, '2023-01-01', '1'),
(49, '116', 0, 0, 0, 0, '2023-01-01', '1'),
(50, '11600001', 0, 0, 0, 0, '2023-01-01', '1'),
(51, '11600002', 0, 0, 0, 0, '2023-01-01', '1'),
(52, '11600003', 0, 0, 0, 0, '2023-01-01', '1'),
(53, '11600004', 0, 0, 0, 0, '2023-01-01', '1'),
(54, '11600005', 0, 0, 0, 0, '2023-01-01', '1'),
(55, '11600006', 0, 0, 0, 0, '2023-01-01', '1'),
(56, '11600007', 0, 0, 0, 0, '2023-01-01', '1'),
(57, '11600008', 0, 0, 0, 0, '2023-01-01', '1'),
(58, '117', 0, 0, 0, 0, '2023-01-01', '1'),
(59, '11700001', 0, 0, 0, 0, '2023-01-01', '1'),
(60, '11700002', 0, 0, 0, 0, '2023-01-01', '1'),
(61, '11700003', 0, 0, 0, 0, '2023-01-01', '1'),
(62, '11700004', 0, 0, 0, 0, '2023-01-01', '1'),
(63, '11700005', 0, 0, 0, 0, '2023-01-01', '1'),
(64, '118', 0, 0, 0, 0, '2023-01-01', '1'),
(65, '11800001', 0, 0, 0, 0, '2023-01-01', '1'),
(66, '11800002', 0, 0, 0, 0, '2023-01-01', '1'),
(67, '11800003', 0, 0, 0, 0, '2023-01-01', '1'),
(68, '11800004', 0, 0, 0, 0, '2023-01-01', '1'),
(69, '11800005', 0, 0, 0, 0, '2023-01-01', '1'),
(70, '11800006', 0, 0, 0, 0, '2023-01-01', '1'),
(71, '119', 0, 0, 0, 0, '2023-01-01', '1'),
(72, '11900001', 0, 0, 0, 0, '2023-01-01', '1'),
(73, '12', 0, 0, 0, 0, '2023-01-01', '1'),
(74, '121', 0, 0, 0, 0, '2023-01-01', '1'),
(75, '12100001', 0, 0, 0, 0, '2023-01-01', '1'),
(76, '122', 0, 0, 0, 0, '2023-01-01', '1'),
(77, '12200001', 0, 0, 0, 0, '2023-01-01', '1'),
(78, '123', 0, 0, 0, 0, '2023-01-01', '1'),
(79, '1231', 0, 0, 0, 0, '2023-01-01', '1'),
(80, '12310001', 0, 0, 0, 0, '2023-01-01', '1'),
(81, '12310002', 0, 0, 0, 0, '2023-01-01', '1'),
(82, '12310003', 0, 0, 0, 0, '2023-01-01', '1'),
(83, '12310004', 0, 0, 0, 0, '2023-01-01', '1'),
(84, '12310005', 0, 0, 0, 0, '2023-01-01', '1'),
(85, '12310006', 0, 0, 0, 0, '2023-01-01', '1'),
(86, '12310007', 0, 0, 0, 0, '2023-01-01', '1'),
(87, '1232', 0, 0, 0, 0, '2023-01-01', '1'),
(88, '12320001', 0, 0, 0, 0, '2023-01-01', '1'),
(89, '12320002', 0, 0, 0, 0, '2023-01-01', '1'),
(90, '12320003', 0, 0, 0, 0, '2023-01-01', '1'),
(91, '12320004', 0, 0, 0, 0, '2023-01-01', '1'),
(92, '12320005', 0, 0, 0, 0, '2023-01-01', '1'),
(93, '12320006', 0, 0, 0, 0, '2023-01-01', '1'),
(94, '12320007', 0, 0, 0, 0, '2023-01-01', '1'),
(95, '1233', 0, 0, 0, 0, '2023-01-01', '1'),
(96, '12330001', 0, 0, 0, 0, '2023-01-01', '1'),
(97, '12330002', 0, 0, 0, 0, '2023-01-01', '1'),
(98, '12330003', 0, 0, 0, 0, '2023-01-01', '1'),
(99, '12330004', 0, 0, 0, 0, '2023-01-01', '1'),
(100, '12330005', 0, 0, 0, 0, '2023-01-01', '1'),
(101, '124', 0, 0, 0, 0, '2023-01-01', '1'),
(102, '12400001', 0, 0, 0, 0, '2023-01-01', '1'),
(103, '125', 0, 0, 0, 0, '2023-01-01', '1'),
(104, '12500001', 0, 0, 0, 0, '2023-01-01', '1'),
(105, '126', 0, 0, 0, 0, '2023-01-01', '1'),
(106, '12600001', 0, 0, 0, 0, '2023-01-01', '1'),
(107, '127', 0, 0, 0, 0, '2023-01-01', '1'),
(108, '12700001', 0, 0, 0, 0, '2023-01-01', '1'),
(109, '12700002', 0, 0, 0, 0, '2023-01-01', '1'),
(110, '2', 0, 0, 0, 0, '2023-01-01', '1'),
(111, '21', 0, 0, 0, 0, '2023-01-01', '1'),
(112, '211', 0, 0, 0, 0, '2023-01-01', '1'),
(113, '21100001', 0, 0, 0, 0, '2023-01-01', '1'),
(114, '212', 0, 0, 0, 0, '2023-01-01', '1'),
(115, '2121', 0, 0, 0, 0, '2023-01-01', '1'),
(116, '21210001', 0, 0, 0, 0, '2023-01-01', '1'),
(117, '2122', 0, 0, 0, 0, '2023-01-01', '1'),
(118, '21220001', 0, 0, 0, 0, '2023-01-01', '1'),
(119, '213', 0, 0, 0, 0, '2023-01-01', '1'),
(120, '21300001', 0, 0, 0, 0, '2023-01-01', '1'),
(121, '21300002', 0, 0, 0, 0, '2023-01-01', '1'),
(122, '214', 0, 0, 0, 0, '2023-01-01', '1'),
(123, '21400001', 0, 0, 0, 0, '2023-01-01', '1'),
(124, '21400002', 0, 0, 0, 0, '2023-01-01', '1'),
(125, '21400003', 0, 0, 0, 0, '2023-01-01', '1'),
(126, '21400004', 0, 0, 0, 0, '2023-01-01', '1'),
(127, '21400005', 0, 0, 0, 0, '2023-01-01', '1'),
(128, '21400006', 0, 0, 0, 0, '2023-01-01', '1'),
(129, '21400007', 0, 0, 0, 0, '2023-01-01', '1'),
(130, '21400008', 0, 0, 0, 0, '2023-01-01', '1'),
(131, '21400009', 0, 0, 0, 0, '2023-01-01', '1'),
(132, '21400010', 0, 0, 0, 0, '2023-01-01', '1'),
(133, '21400011', 0, 0, 0, 0, '2023-01-01', '1'),
(134, '215', 0, 0, 0, 0, '2023-01-01', '1'),
(135, '21500001', 0, 0, 0, 0, '2023-01-01', '1'),
(136, '21500002', 0, 0, 0, 0, '2023-01-01', '1'),
(137, '21500003', 0, 0, 0, 0, '2023-01-01', '1'),
(138, '21500004', 0, 0, 0, 0, '2023-01-01', '1'),
(139, '21500005', 0, 0, 0, 0, '2023-01-01', '1'),
(140, '21500006', 0, 0, 0, 0, '2023-01-01', '1'),
(141, '21500007', 0, 0, 0, 0, '2023-01-01', '1'),
(142, '21500008', 0, 0, 0, 0, '2023-01-01', '1'),
(143, '21500009', 0, 0, 0, 0, '2023-01-01', '1'),
(144, '216', 0, 0, 0, 0, '2023-01-01', '1'),
(145, '21600001', 0, 0, 0, 0, '2023-01-01', '1'),
(146, '22', 0, 0, 0, 0, '2023-01-01', '1'),
(147, '221', 0, 0, 0, 0, '2023-01-01', '1'),
(148, '22100001', 0, 0, 0, 0, '2023-01-01', '1'),
(149, '222', 0, 0, 0, 0, '2023-01-01', '1'),
(150, '2221', 0, 0, 0, 0, '2023-01-01', '1'),
(151, '22210001', 0, 0, 0, 0, '2023-01-01', '1'),
(152, '2222', 0, 0, 0, 0, '2023-01-01', '1'),
(153, '22220001', 0, 0, 0, 0, '2023-01-01', '1'),
(154, '223', 0, 0, 0, 0, '2023-01-01', '1'),
(155, '22300001', 0, 0, 0, 0, '2023-01-01', '1'),
(156, '3', 0, 0, 0, 0, '2023-01-01', '1'),
(157, '31', 0, 0, 0, 0, '2023-01-01', '1'),
(158, '31000001', 0, 0, 0, 0, '2023-01-01', '1'),
(159, '31000002', 0, 0, 0, 0, '2023-01-01', '1'),
(160, '32', 0, 0, 0, 0, '2023-01-01', '1'),
(161, '32000001', 0, 0, 0, 0, '2023-01-01', '1'),
(162, '36', 0, 0, 0, 0, '2023-01-01', '1'),
(163, '36000001', 0, 0, 0, 0, '2023-01-01', '1'),
(164, '36000002', 0, 0, 0, 0, '2023-01-01', '1'),
(165, '4', 0, 0, 0, 0, '2023-01-01', '1'),
(166, '41', 0, 0, 0, 0, '2023-01-01', '1'),
(167, '41000001', 0, 0, 0, 0, '2023-01-01', '1'),
(168, '42', 0, 0, 0, 0, '2023-01-01', '1'),
(169, '42000001', 0, 0, 0, 0, '2023-01-01', '1'),
(170, '43', 0, 0, 0, 0, '2023-01-01', '1'),
(171, '43000001', 0, 0, 0, 0, '2023-01-01', '1'),
(172, '5', 0, 0, 0, 0, '2023-01-01', '1'),
(173, '51', 0, 0, 0, 0, '2023-01-01', '1'),
(174, '51000001', 0, 0, 0, 0, '2023-01-01', '1'),
(175, '51000002', 0, 0, 0, 0, '2023-01-01', '1'),
(176, '51000003', 0, 0, 0, 0, '2023-01-01', '1'),
(177, '51000004', 0, 0, 0, 0, '2023-01-01', '1'),
(178, '51000005', 0, 0, 0, 0, '2023-01-01', '1'),
(179, '51000006', 0, 0, 0, 0, '2023-01-01', '1'),
(180, '51000007', 0, 0, 0, 0, '2023-01-01', '1'),
(181, '51000008', 0, 0, 0, 0, '2023-01-01', '1'),
(182, '52', 0, 0, 0, 0, '2023-01-01', '1'),
(183, '521', 0, 0, 0, 0, '2023-01-01', '1'),
(184, '52100001', 0, 0, 0, 0, '2023-01-01', '1'),
(185, '52100002', 0, 0, 0, 0, '2023-01-01', '1'),
(186, '52100003', 0, 0, 0, 0, '2023-01-01', '1'),
(187, '52100004', 0, 0, 0, 0, '2023-01-01', '1'),
(188, '52100005', 0, 0, 0, 0, '2023-01-01', '1'),
(189, '52100006', 0, 0, 0, 0, '2023-01-01', '1'),
(190, '52100007', 0, 0, 0, 0, '2023-01-01', '1'),
(191, '52100008', 0, 0, 0, 0, '2023-01-01', '1'),
(192, '522', 0, 0, 0, 0, '2023-01-01', '1'),
(193, '52200001', 0, 0, 0, 0, '2023-01-01', '1'),
(194, '52200002', 0, 0, 0, 0, '2023-01-01', '1'),
(195, '52200003', 0, 0, 0, 0, '2023-01-01', '1'),
(196, '52200004', 0, 0, 0, 0, '2023-01-01', '1'),
(197, '52200005', 0, 0, 0, 0, '2023-01-01', '1'),
(198, '52200006', 0, 0, 0, 0, '2023-01-01', '1'),
(199, '52200007', 0, 0, 0, 0, '2023-01-01', '1'),
(200, '52200008', 0, 0, 0, 0, '2023-01-01', '1'),
(201, '523', 0, 0, 0, 0, '2023-01-01', '1'),
(202, '52300001', 0, 0, 0, 0, '2023-01-01', '1'),
(203, '52300002', 0, 0, 0, 0, '2023-01-01', '1'),
(204, '52300003', 0, 0, 0, 0, '2023-01-01', '1'),
(205, '52300004', 0, 0, 0, 0, '2023-01-01', '1'),
(206, '52300005', 0, 0, 0, 0, '2023-01-01', '1'),
(207, '52300006', 0, 0, 0, 0, '2023-01-01', '1'),
(208, '52300007', 0, 0, 0, 0, '2023-01-01', '1'),
(209, '52300008', 0, 0, 0, 0, '2023-01-01', '1'),
(210, '524', 0, 0, 0, 0, '2023-01-01', '1'),
(211, '52400001', 0, 0, 0, 0, '2023-01-01', '1'),
(212, '52400002', 0, 0, 0, 0, '2023-01-01', '1'),
(213, '52400003', 0, 0, 0, 0, '2023-01-01', '1'),
(214, '52400004', 0, 0, 0, 0, '2023-01-01', '1'),
(215, '52400005', 0, 0, 0, 0, '2023-01-01', '1'),
(216, '52400006', 0, 0, 0, 0, '2023-01-01', '1'),
(217, '52400007', 0, 0, 0, 0, '2023-01-01', '1'),
(218, '52400008', 0, 0, 0, 0, '2023-01-01', '1'),
(219, '525', 0, 0, 0, 0, '2023-01-01', '1'),
(220, '52500001', 0, 0, 0, 0, '2023-01-01', '1'),
(221, '52500002', 0, 0, 0, 0, '2023-01-01', '1'),
(222, '52500003', 0, 0, 0, 0, '2023-01-01', '1'),
(223, '52500004', 0, 0, 0, 0, '2023-01-01', '1'),
(224, '52500005', 0, 0, 0, 0, '2023-01-01', '1'),
(225, '52500006', 0, 0, 0, 0, '2023-01-01', '1'),
(226, '52500007', 0, 0, 0, 0, '2023-01-01', '1'),
(227, '52500008', 0, 0, 0, 0, '2023-01-01', '1'),
(228, '526', 0, 0, 0, 0, '2023-01-01', '1'),
(229, '52600001', 0, 0, 0, 0, '2023-01-01', '1'),
(230, '52600002', 0, 0, 0, 0, '2023-01-01', '1'),
(231, '52600003', 0, 0, 0, 0, '2023-01-01', '1'),
(232, '52600004', 0, 0, 0, 0, '2023-01-01', '1'),
(233, '52600005', 0, 0, 0, 0, '2023-01-01', '1'),
(234, '52600006', 0, 0, 0, 0, '2023-01-01', '1'),
(235, '52600007', 0, 0, 0, 0, '2023-01-01', '1'),
(236, '52600008', 0, 0, 0, 0, '2023-01-01', '1'),
(237, '53', 0, 0, 0, 0, '2023-01-01', '1'),
(238, '531', 0, 0, 0, 0, '2023-01-01', '1'),
(239, '53100001', 0, 0, 0, 0, '2023-01-01', '1'),
(240, '53100002', 0, 0, 0, 0, '2023-01-01', '1'),
(241, '53100003', 0, 0, 0, 0, '2023-01-01', '1'),
(242, '532', 0, 0, 0, 0, '2023-01-01', '1'),
(243, '53200001', 0, 0, 0, 0, '2023-01-01', '1'),
(244, '53200002', 0, 0, 0, 0, '2023-01-01', '1'),
(245, '53200003', 0, 0, 0, 0, '2023-01-01', '1'),
(246, '533', 0, 0, 0, 0, '2023-01-01', '1'),
(247, '53300001', 0, 0, 0, 0, '2023-01-01', '1'),
(248, '53300002', 0, 0, 0, 0, '2023-01-01', '1'),
(249, '54', 0, 0, 0, 0, '2023-01-01', '1'),
(250, '541', 0, 0, 0, 0, '2023-01-01', '1'),
(251, '54100001', 0, 0, 0, 0, '2023-01-01', '1'),
(252, '54100002', 0, 0, 0, 0, '2023-01-01', '1'),
(253, '54100003', 0, 0, 0, 0, '2023-01-01', '1'),
(254, '54100004', 0, 0, 0, 0, '2023-01-01', '1'),
(255, '54100005', 0, 0, 0, 0, '2023-01-01', '1'),
(256, '542', 0, 0, 0, 0, '2023-01-01', '1'),
(257, '54200001', 0, 0, 0, 0, '2023-01-01', '1'),
(258, '54200002', 0, 0, 0, 0, '2023-01-01', '1'),
(259, '54200003', 0, 0, 0, 0, '2023-01-01', '1'),
(260, '54200004', 0, 0, 0, 0, '2023-01-01', '1'),
(261, '54200005', 0, 0, 0, 0, '2023-01-01', '1'),
(262, '54200006', 0, 0, 0, 0, '2023-01-01', '1'),
(263, '54200007', 0, 0, 0, 0, '2023-01-01', '1'),
(264, '54200008', 0, 0, 0, 0, '2023-01-01', '1'),
(265, '54200009', 0, 0, 0, 0, '2023-01-01', '1'),
(266, '54200010', 0, 0, 0, 0, '2023-01-01', '1'),
(267, '54200011', 0, 0, 0, 0, '2023-01-01', '1'),
(268, '55', 0, 0, 0, 0, '2023-01-01', '1'),
(269, '55000001', 0, 0, 0, 0, '2023-01-01', '1'),
(270, '55000002', 0, 0, 0, 0, '2023-01-01', '1'),
(271, '56', 0, 0, 0, 0, '2023-01-01', '1'),
(272, '56000001', 0, 0, 0, 0, '2023-01-01', '1'),
(273, '56000002', 0, 0, 0, 0, '2023-01-01', '1'),
(274, '57', 0, 0, 0, 0, '2023-01-01', '1'),
(275, '57000001', 0, 0, 0, 0, '2023-01-01', '1'),
(276, '57000002', 0, 0, 0, 0, '2023-01-01', '1'),
(277, '6', 0, 0, 0, 0, '2023-01-01', '1'),
(278, '61', 0, 0, 0, 0, '2023-01-01', '1'),
(279, '61000001', 0, 0, 0, 0, '2023-01-01', '1'),
(280, '61000002', 0, 0, 0, 0, '2023-01-01', '1'),
(281, '61000003', 0, 0, 0, 0, '2023-01-01', '1'),
(282, '61000004', 0, 0, 0, 0, '2023-01-01', '1'),
(283, '61000005', 0, 0, 0, 0, '2023-01-01', '1'),
(284, '61000006', 0, 0, 0, 0, '2023-01-01', '1'),
(285, '62', 0, 0, 0, 0, '2023-01-01', '1'),
(286, '62000001', 0, 0, 0, 0, '2023-01-01', '1'),
(287, '62000002', 0, 0, 0, 0, '2023-01-01', '1'),
(288, '62000003', 0, 0, 0, 0, '2023-01-01', '1'),
(289, '62000004', 0, 0, 0, 0, '2023-01-01', '1'),
(290, '62000005', 0, 0, 0, 0, '2023-01-01', '1'),
(291, '63', 0, 0, 0, 0, '2023-01-01', '1'),
(292, '63000001', 0, 0, 0, 0, '2023-01-01', '1'),
(293, '63000002', 0, 0, 0, 0, '2023-01-01', '1'),
(294, '63000003', 0, 0, 0, 0, '2023-01-01', '1'),
(295, '63000004', 0, 0, 0, 0, '2023-01-01', '1'),
(296, '63000005', 0, 0, 0, 0, '2023-01-01', '1'),
(297, '63000006', 0, 0, 0, 0, '2023-01-01', '1'),
(298, '63000007', 0, 0, 0, 0, '2023-01-01', '1'),
(299, '63000008', 0, 0, 0, 0, '2023-01-01', '1'),
(300, '63000009', 0, 0, 0, 0, '2023-01-01', '1'),
(301, '63000010', 0, 0, 0, 0, '2023-01-01', '1'),
(302, '63000011', 0, 0, 0, 0, '2023-01-01', '1'),
(303, '63000012', 0, 0, 0, 0, '2023-01-01', '1'),
(304, '63000013', 0, 0, 0, 0, '2023-01-01', '1'),
(305, '63000014', 0, 0, 0, 0, '2023-01-01', '1'),
(306, '63000015', 0, 0, 0, 0, '2023-01-01', '1'),
(307, '63000016', 0, 0, 0, 0, '2023-01-01', '1'),
(308, '9', 0, 0, 0, 0, '2023-01-01', '1'),
(309, '91', 0, 0, 0, 0, '2023-01-01', '1'),
(310, '91000001', 0, 0, 0, 0, '2023-01-01', '1'),
(311, '91000002', 0, 0, 0, 0, '2023-01-01', '1'),
(312, '91000003', 0, 0, 0, 0, '2023-01-01', '1'),
(313, '91000004', 0, 0, 0, 0, '2023-01-01', '1'),
(314, '91000005', 0, 0, 0, 0, '2023-01-01', '1'),
(315, '91000006', 0, 0, 0, 0, '2023-01-01', '1'),
(316, '91000007', 0, 0, 0, 0, '2023-01-01', '1'),
(317, '91000008', 0, 0, 0, 0, '2023-01-01', '1'),
(318, '92', 0, 0, 0, 0, '2023-01-01', '1'),
(319, '92000001', 0, 0, 0, 0, '2023-01-01', '1'),
(320, '92000002', 0, 0, 0, 0, '2023-01-01', '1'),
(321, '92000003', 0, 0, 0, 0, '2023-01-01', '1'),
(322, '92000004', 0, 0, 0, 0, '2023-01-01', '1'),
(323, '92000005', 0, 0, 0, 0, '2023-01-01', '1'),
(324, '92000006', 0, 0, 0, 0, '2023-01-01', '1'),
(325, '92000007', 0, 0, 0, 0, '2023-01-01', '1'),
(326, '92000008', 0, 0, 0, 0, '2023-01-01', '1'),
(327, '92000009', 0, 0, 0, 0, '2023-01-01', '1'),
(328, '92000010', 0, 0, 0, 0, '2023-01-01', '1'),
(329, '92000011', 0, 0, 0, 0, '2023-01-01', '1'),
(330, '92000012', 0, 0, 0, 0, '2023-01-01', '1'),
(331, '92000013', 0, 0, 0, 0, '2023-01-01', '1'),
(332, '92000014', 0, 0, 0, 0, '2023-01-01', '1'),
(333, '92000015', 0, 0, 0, 0, '2023-01-01', '1'),
(334, '92000016', 0, 0, 0, 0, '2023-01-01', '1'),
(335, '93', 0, 0, 0, 0, '2023-01-01', '1'),
(336, '93000001', 0, 0, 0, 0, '2023-01-01', '1'),
(337, '93000002', 0, 0, 0, 0, '2023-01-01', '1'),
(338, '93000003', 0, 0, 0, 0, '2023-01-01', '1'),
(339, '94', 0, 0, 0, 0, '2023-01-01', '1'),
(340, '94000001', 0, 0, 0, 0, '2023-01-01', '1'),
(341, '94000002', 0, 0, 0, 0, '2023-01-01', '1'),
(512, '1', 0, 0, 0, 0, '2022-12-01', '1'),
(513, '11', 0, 0, 0, 0, '2022-12-01', '1'),
(514, '111', 0, 0, 0, 0, '2022-12-01', '1'),
(515, '1111', 0, 0, 0, 0, '2022-12-01', '1'),
(516, '11111', 0, 0, 0, 0, '2022-12-01', '1'),
(517, '11111001', 0, 0, 0, 4500, '2022-12-01', '1'),
(518, '1112', 0, 0, 0, 0, '2022-12-01', '1'),
(519, '11121', 0, 0, 0, 0, '2022-12-01', '1'),
(520, '111211', 0, 0, 0, 0, '2022-12-01', '1'),
(521, '11121101', 0, 0, 0, 1000, '2022-12-01', '1'),
(522, '111212', 0, 0, 0, 0, '2022-12-01', '1'),
(523, '11121201', 0, 0, 0, 2500, '2022-12-01', '1'),
(524, '1113', 0, 0, 0, 0, '2022-12-01', '1'),
(525, '11130001', 0, 0, 0, 0, '2022-12-01', '1'),
(526, '1114', 0, 0, 0, 0, '2022-12-01', '1'),
(527, '11140001', 0, 0, 0, 0, '2022-12-01', '1'),
(528, '1119', 0, 0, 0, 0, '2022-12-01', '1'),
(529, '11190001', 0, 0, 0, 0, '2022-12-01', '1'),
(530, '11190002', 0, 0, 0, 0, '2022-12-01', '1'),
(531, '112', 0, 0, 0, 0, '2022-12-01', '1'),
(532, '1121', 0, 0, 0, 0, '2022-12-01', '1'),
(533, '11210001', 0, 0, 0, 0, '2022-12-01', '1'),
(534, '1122', 0, 0, 0, 0, '2022-12-01', '1'),
(535, '11220001', 0, 0, 0, 0, '2022-12-01', '1'),
(536, '1123', 0, 0, 0, 0, '2022-12-01', '1'),
(537, '11230001', 0, 0, 0, 0, '2022-12-01', '1'),
(538, '1131', 0, 0, 0, 0, '2022-12-01', '1'),
(539, '11310001', 0, 0, 0, 0, '2022-12-01', '1'),
(540, '11310002', 0, 0, 0, 0, '2022-12-01', '1'),
(541, '1132', 0, 0, 0, 0, '2022-12-01', '1'),
(542, '11320001', 0, 0, 0, 0, '2022-12-01', '1'),
(543, '114', 0, 0, 0, 0, '2022-12-01', '1'),
(544, '1141', 0, 0, 0, 0, '2022-12-01', '1'),
(545, '11410001', 0, 0, 0, 0, '2022-12-01', '1'),
(546, '11410002', 0, 0, 0, 0, '2022-12-01', '1'),
(547, '1142', 0, 0, 0, 0, '2022-12-01', '1'),
(548, '11420001', 0, 0, 0, 0, '2022-12-01', '1'),
(549, '11420002', 0, 0, 0, 0, '2022-12-01', '1'),
(550, '11420003', 0, 0, 0, 0, '2022-12-01', '1'),
(551, '1143', 0, 0, 0, 0, '2022-12-01', '1'),
(552, '11430001', 0, 0, 0, 0, '2022-12-01', '1'),
(553, '1144', 0, 0, 0, 0, '2022-12-01', '1'),
(554, '11440001', 0, 0, 0, 0, '2022-12-01', '1'),
(555, '1145', 0, 0, 0, 0, '2022-12-01', '1'),
(556, '11450001', 0, 0, 0, 0, '2022-12-01', '1'),
(557, '1146', 0, 0, 0, 0, '2022-12-01', '1'),
(558, '11460001', 0, 0, 0, 0, '2022-12-01', '1'),
(559, '11460002', 0, 0, 0, 0, '2022-12-01', '1'),
(560, '116', 0, 0, 0, 0, '2022-12-01', '1'),
(561, '11600001', 0, 0, 0, 0, '2022-12-01', '1'),
(562, '11600002', 0, 0, 0, 0, '2022-12-01', '1'),
(563, '11600003', 0, 0, 0, 0, '2022-12-01', '1'),
(564, '11600004', 0, 0, 0, 0, '2022-12-01', '1'),
(565, '11600005', 0, 0, 0, 0, '2022-12-01', '1'),
(566, '11600006', 0, 0, 0, 0, '2022-12-01', '1'),
(567, '11600007', 0, 0, 0, 0, '2022-12-01', '1'),
(568, '11600008', 0, 0, 0, 0, '2022-12-01', '1'),
(569, '117', 0, 0, 0, 0, '2022-12-01', '1'),
(570, '11700001', 0, 0, 0, 0, '2022-12-01', '1'),
(571, '11700002', 0, 0, 0, 0, '2022-12-01', '1'),
(572, '11700003', 0, 0, 0, 0, '2022-12-01', '1'),
(573, '11700004', 0, 0, 0, 0, '2022-12-01', '1'),
(574, '11700005', 0, 0, 0, 0, '2022-12-01', '1'),
(575, '118', 0, 0, 0, 0, '2022-12-01', '1'),
(576, '11800001', 0, 0, 0, 0, '2022-12-01', '1'),
(577, '11800002', 0, 0, 0, 0, '2022-12-01', '1'),
(578, '11800003', 0, 0, 0, 0, '2022-12-01', '1'),
(579, '11800004', 0, 0, 0, 0, '2022-12-01', '1'),
(580, '11800005', 0, 0, 0, 0, '2022-12-01', '1'),
(581, '11800006', 0, 0, 0, 0, '2022-12-01', '1'),
(582, '119', 0, 0, 0, 0, '2022-12-01', '1'),
(583, '11900001', 0, 0, 0, 0, '2022-12-01', '1'),
(584, '12', 0, 0, 0, 0, '2022-12-01', '1'),
(585, '121', 0, 0, 0, 0, '2022-12-01', '1'),
(586, '12100001', 0, 0, 0, 0, '2022-12-01', '1'),
(587, '122', 0, 0, 0, 0, '2022-12-01', '1'),
(588, '12200001', 0, 0, 0, 0, '2022-12-01', '1'),
(589, '123', 0, 0, 0, 0, '2022-12-01', '1'),
(590, '1231', 0, 0, 0, 0, '2022-12-01', '1'),
(591, '12310001', 0, 0, 0, 0, '2022-12-01', '1'),
(592, '12310002', 0, 0, 0, 0, '2022-12-01', '1'),
(593, '12310003', 0, 0, 0, 0, '2022-12-01', '1'),
(594, '12310004', 0, 0, 0, 0, '2022-12-01', '1'),
(595, '12310005', 0, 0, 0, 0, '2022-12-01', '1'),
(596, '12310006', 0, 0, 0, 0, '2022-12-01', '1'),
(597, '12310007', 0, 0, 0, 0, '2022-12-01', '1'),
(598, '1232', 0, 0, 0, 0, '2022-12-01', '1'),
(599, '12320001', 0, 0, 0, 0, '2022-12-01', '1'),
(600, '12320002', 0, 0, 0, 0, '2022-12-01', '1'),
(601, '12320003', 0, 0, 0, 0, '2022-12-01', '1'),
(602, '12320004', 0, 0, 0, 0, '2022-12-01', '1'),
(603, '12320005', 0, 0, 0, 0, '2022-12-01', '1'),
(604, '12320006', 0, 0, 0, 0, '2022-12-01', '1'),
(605, '12320007', 0, 0, 0, 0, '2022-12-01', '1'),
(606, '1233', 0, 0, 0, 0, '2022-12-01', '1'),
(607, '12330001', 0, 0, 0, 0, '2022-12-01', '1'),
(608, '12330002', 0, 0, 0, 0, '2022-12-01', '1'),
(609, '12330003', 0, 0, 0, 0, '2022-12-01', '1'),
(610, '12330004', 0, 0, 0, 0, '2022-12-01', '1'),
(611, '12330005', 0, 0, 0, 0, '2022-12-01', '1'),
(612, '124', 0, 0, 0, 0, '2022-12-01', '1'),
(613, '12400001', 0, 0, 0, 0, '2022-12-01', '1'),
(614, '125', 0, 0, 0, 0, '2022-12-01', '1'),
(615, '12500001', 0, 0, 0, 0, '2022-12-01', '1'),
(616, '126', 0, 0, 0, 0, '2022-12-01', '1'),
(617, '12600001', 0, 0, 0, 0, '2022-12-01', '1'),
(618, '127', 0, 0, 0, 0, '2022-12-01', '1'),
(619, '12700001', 0, 0, 0, 0, '2022-12-01', '1'),
(620, '12700002', 0, 0, 0, 0, '2022-12-01', '1'),
(621, '2', 0, 0, 0, 0, '2022-12-01', '1'),
(622, '21', 0, 0, 0, 0, '2022-12-01', '1'),
(623, '211', 0, 0, 0, 0, '2022-12-01', '1'),
(624, '21100001', 0, 0, 0, 0, '2022-12-01', '1'),
(625, '212', 0, 0, 0, 0, '2022-12-01', '1'),
(626, '2121', 0, 0, 0, 0, '2022-12-01', '1'),
(627, '21210001', 0, 0, 0, 0, '2022-12-01', '1'),
(628, '2122', 0, 0, 0, 0, '2022-12-01', '1'),
(629, '21220001', 0, 0, 0, 0, '2022-12-01', '1'),
(630, '213', 0, 0, 0, 0, '2022-12-01', '1'),
(631, '21300001', 0, 0, 0, 0, '2022-12-01', '1'),
(632, '21300002', 0, 0, 0, 0, '2022-12-01', '1'),
(633, '214', 0, 0, 0, 0, '2022-12-01', '1'),
(634, '21400001', 0, 0, 0, 0, '2022-12-01', '1'),
(635, '21400002', 0, 0, 0, 0, '2022-12-01', '1'),
(636, '21400003', 0, 0, 0, 0, '2022-12-01', '1'),
(637, '21400004', 0, 0, 0, 0, '2022-12-01', '1'),
(638, '21400005', 0, 0, 0, 0, '2022-12-01', '1'),
(639, '21400006', 0, 0, 0, 0, '2022-12-01', '1'),
(640, '21400007', 0, 0, 0, 0, '2022-12-01', '1'),
(641, '21400008', 0, 0, 0, 0, '2022-12-01', '1'),
(642, '21400009', 0, 0, 0, 0, '2022-12-01', '1'),
(643, '21400010', 0, 0, 0, 0, '2022-12-01', '1'),
(644, '21400011', 0, 0, 0, 0, '2022-12-01', '1'),
(645, '215', 0, 0, 0, 0, '2022-12-01', '1'),
(646, '21500001', 0, 0, 0, 0, '2022-12-01', '1'),
(647, '21500002', 0, 0, 0, 0, '2022-12-01', '1'),
(648, '21500003', 0, 0, 0, 0, '2022-12-01', '1'),
(649, '21500004', 0, 0, 0, 0, '2022-12-01', '1'),
(650, '21500005', 0, 0, 0, 0, '2022-12-01', '1'),
(651, '21500006', 0, 0, 0, 0, '2022-12-01', '1'),
(652, '21500007', 0, 0, 0, 0, '2022-12-01', '1'),
(653, '21500008', 0, 0, 0, 0, '2022-12-01', '1'),
(654, '21500009', 0, 0, 0, 0, '2022-12-01', '1'),
(655, '216', 0, 0, 0, 0, '2022-12-01', '1'),
(656, '21600001', 0, 0, 0, 0, '2022-12-01', '1'),
(657, '22', 0, 0, 0, 0, '2022-12-01', '1'),
(658, '221', 0, 0, 0, 0, '2022-12-01', '1'),
(659, '22100001', 0, 0, 0, 0, '2022-12-01', '1'),
(660, '222', 0, 0, 0, 0, '2022-12-01', '1'),
(661, '2221', 0, 0, 0, 0, '2022-12-01', '1'),
(662, '22210001', 0, 0, 0, 0, '2022-12-01', '1'),
(663, '2222', 0, 0, 0, 0, '2022-12-01', '1'),
(664, '22220001', 0, 0, 0, 0, '2022-12-01', '1'),
(665, '223', 0, 0, 0, 0, '2022-12-01', '1'),
(666, '22300001', 0, 0, 0, 0, '2022-12-01', '1'),
(667, '3', 0, 0, 0, 0, '2022-12-01', '1'),
(668, '31', 0, 0, 0, 0, '2022-12-01', '1'),
(669, '31000001', 0, 0, 0, 0, '2022-12-01', '1'),
(670, '31000002', 0, 0, 0, 0, '2022-12-01', '1'),
(671, '32', 0, 0, 0, 0, '2022-12-01', '1'),
(672, '32000001', 0, 0, 0, 0, '2022-12-01', '1'),
(673, '36', 0, 0, 0, 0, '2022-12-01', '1'),
(674, '36000001', 0, 0, 0, 0, '2022-12-01', '1'),
(675, '36000002', 0, 0, 0, 0, '2022-12-01', '1'),
(676, '4', 0, 0, 0, 0, '2022-12-01', '1'),
(677, '41', 0, 0, 0, 0, '2022-12-01', '1'),
(678, '41000001', 0, 0, 0, 0, '2022-12-01', '1'),
(679, '42', 0, 0, 0, 0, '2022-12-01', '1'),
(680, '42000001', 0, 0, 0, 0, '2022-12-01', '1'),
(681, '43', 0, 0, 0, 0, '2022-12-01', '1'),
(682, '43000001', 0, 0, 0, 0, '2022-12-01', '1'),
(683, '5', 0, 0, 0, 0, '2022-12-01', '1'),
(684, '51', 0, 0, 0, 0, '2022-12-01', '1'),
(685, '51000001', 0, 0, 0, 0, '2022-12-01', '1'),
(686, '51000002', 0, 0, 0, 0, '2022-12-01', '1'),
(687, '51000003', 0, 0, 0, 0, '2022-12-01', '1'),
(688, '51000004', 0, 0, 0, 0, '2022-12-01', '1'),
(689, '51000005', 0, 0, 0, 0, '2022-12-01', '1'),
(690, '51000006', 0, 0, 0, 0, '2022-12-01', '1'),
(691, '51000007', 0, 0, 0, 0, '2022-12-01', '1'),
(692, '51000008', 0, 0, 0, 0, '2022-12-01', '1'),
(693, '52', 0, 0, 0, 0, '2022-12-01', '1'),
(694, '521', 0, 0, 0, 0, '2022-12-01', '1'),
(695, '52100001', 0, 0, 0, 0, '2022-12-01', '1'),
(696, '52100002', 0, 0, 0, 0, '2022-12-01', '1'),
(697, '52100003', 0, 0, 0, 0, '2022-12-01', '1'),
(698, '52100004', 0, 0, 0, 0, '2022-12-01', '1'),
(699, '52100005', 0, 0, 0, 0, '2022-12-01', '1'),
(700, '52100006', 0, 0, 0, 0, '2022-12-01', '1'),
(701, '52100007', 0, 0, 0, 0, '2022-12-01', '1'),
(702, '52100008', 0, 0, 0, 0, '2022-12-01', '1'),
(703, '522', 0, 0, 0, 0, '2022-12-01', '1'),
(704, '52200001', 0, 0, 0, 0, '2022-12-01', '1'),
(705, '52200002', 0, 0, 0, 0, '2022-12-01', '1'),
(706, '52200003', 0, 0, 0, 0, '2022-12-01', '1'),
(707, '52200004', 0, 0, 0, 0, '2022-12-01', '1'),
(708, '52200005', 0, 0, 0, 0, '2022-12-01', '1'),
(709, '52200006', 0, 0, 0, 0, '2022-12-01', '1'),
(710, '52200007', 0, 0, 0, 0, '2022-12-01', '1'),
(711, '52200008', 0, 0, 0, 0, '2022-12-01', '1'),
(712, '523', 0, 0, 0, 0, '2022-12-01', '1'),
(713, '52300001', 0, 0, 0, 0, '2022-12-01', '1'),
(714, '52300002', 0, 0, 0, 0, '2022-12-01', '1'),
(715, '52300003', 0, 0, 0, 0, '2022-12-01', '1'),
(716, '52300004', 0, 0, 0, 0, '2022-12-01', '1'),
(717, '52300005', 0, 0, 0, 0, '2022-12-01', '1'),
(718, '52300006', 0, 0, 0, 0, '2022-12-01', '1'),
(719, '52300007', 0, 0, 0, 0, '2022-12-01', '1'),
(720, '52300008', 0, 0, 0, 0, '2022-12-01', '1'),
(721, '524', 0, 0, 0, 0, '2022-12-01', '1'),
(722, '52400001', 0, 0, 0, 0, '2022-12-01', '1'),
(723, '52400002', 0, 0, 0, 0, '2022-12-01', '1'),
(724, '52400003', 0, 0, 0, 0, '2022-12-01', '1'),
(725, '52400004', 0, 0, 0, 0, '2022-12-01', '1'),
(726, '52400005', 0, 0, 0, 0, '2022-12-01', '1'),
(727, '52400006', 0, 0, 0, 0, '2022-12-01', '1'),
(728, '52400007', 0, 0, 0, 0, '2022-12-01', '1'),
(729, '52400008', 0, 0, 0, 0, '2022-12-01', '1'),
(730, '525', 0, 0, 0, 0, '2022-12-01', '1'),
(731, '52500001', 0, 0, 0, 0, '2022-12-01', '1'),
(732, '52500002', 0, 0, 0, 0, '2022-12-01', '1'),
(733, '52500003', 0, 0, 0, 0, '2022-12-01', '1'),
(734, '52500004', 0, 0, 0, 0, '2022-12-01', '1'),
(735, '52500005', 0, 0, 0, 0, '2022-12-01', '1'),
(736, '52500006', 0, 0, 0, 0, '2022-12-01', '1'),
(737, '52500007', 0, 0, 0, 0, '2022-12-01', '1'),
(738, '52500008', 0, 0, 0, 0, '2022-12-01', '1'),
(739, '526', 0, 0, 0, 0, '2022-12-01', '1'),
(740, '52600001', 0, 0, 0, 0, '2022-12-01', '1'),
(741, '52600002', 0, 0, 0, 0, '2022-12-01', '1'),
(742, '52600003', 0, 0, 0, 0, '2022-12-01', '1'),
(743, '52600004', 0, 0, 0, 0, '2022-12-01', '1'),
(744, '52600005', 0, 0, 0, 0, '2022-12-01', '1'),
(745, '52600006', 0, 0, 0, 0, '2022-12-01', '1'),
(746, '52600007', 0, 0, 0, 0, '2022-12-01', '1'),
(747, '52600008', 0, 0, 0, 0, '2022-12-01', '1'),
(748, '53', 0, 0, 0, 0, '2022-12-01', '1'),
(749, '531', 0, 0, 0, 0, '2022-12-01', '1'),
(750, '53100001', 0, 0, 0, 0, '2022-12-01', '1'),
(751, '53100002', 0, 0, 0, 0, '2022-12-01', '1'),
(752, '53100003', 0, 0, 0, 0, '2022-12-01', '1'),
(753, '532', 0, 0, 0, 0, '2022-12-01', '1'),
(754, '53200001', 0, 0, 0, 0, '2022-12-01', '1'),
(755, '53200002', 0, 0, 0, 0, '2022-12-01', '1'),
(756, '53200003', 0, 0, 0, 0, '2022-12-01', '1'),
(757, '533', 0, 0, 0, 0, '2022-12-01', '1'),
(758, '53300001', 0, 0, 0, 0, '2022-12-01', '1'),
(759, '53300002', 0, 0, 0, 0, '2022-12-01', '1'),
(760, '54', 0, 0, 0, 0, '2022-12-01', '1'),
(761, '541', 0, 0, 0, 0, '2022-12-01', '1'),
(762, '54100001', 0, 0, 0, 0, '2022-12-01', '1'),
(763, '54100002', 0, 0, 0, 0, '2022-12-01', '1'),
(764, '54100003', 0, 0, 0, 0, '2022-12-01', '1'),
(765, '54100004', 0, 0, 0, 0, '2022-12-01', '1'),
(766, '54100005', 0, 0, 0, 0, '2022-12-01', '1'),
(767, '542', 0, 0, 0, 0, '2022-12-01', '1'),
(768, '54200001', 0, 0, 0, 0, '2022-12-01', '1'),
(769, '54200002', 0, 0, 0, 0, '2022-12-01', '1'),
(770, '54200003', 0, 0, 0, 0, '2022-12-01', '1'),
(771, '54200004', 0, 0, 0, 0, '2022-12-01', '1'),
(772, '54200005', 0, 0, 0, 0, '2022-12-01', '1'),
(773, '54200006', 0, 0, 0, 0, '2022-12-01', '1'),
(774, '54200007', 0, 0, 0, 0, '2022-12-01', '1'),
(775, '54200008', 0, 0, 0, 0, '2022-12-01', '1'),
(776, '54200009', 0, 0, 0, 0, '2022-12-01', '1'),
(777, '54200010', 0, 0, 0, 0, '2022-12-01', '1'),
(778, '54200011', 0, 0, 0, 0, '2022-12-01', '1'),
(779, '55', 0, 0, 0, 0, '2022-12-01', '1'),
(780, '55000001', 0, 0, 0, 0, '2022-12-01', '1'),
(781, '55000002', 0, 0, 0, 0, '2022-12-01', '1'),
(782, '56', 0, 0, 0, 0, '2022-12-01', '1'),
(783, '56000001', 0, 0, 0, 0, '2022-12-01', '1'),
(784, '56000002', 0, 0, 0, 0, '2022-12-01', '1'),
(785, '57', 0, 0, 0, 0, '2022-12-01', '1'),
(786, '57000001', 0, 0, 0, 0, '2022-12-01', '1'),
(787, '57000002', 0, 0, 0, 0, '2022-12-01', '1'),
(788, '6', 0, 0, 0, 0, '2022-12-01', '1'),
(789, '61', 0, 0, 0, 0, '2022-12-01', '1'),
(790, '61000001', 0, 0, 0, 0, '2022-12-01', '1'),
(791, '61000002', 0, 0, 0, 0, '2022-12-01', '1'),
(792, '61000003', 0, 0, 0, 0, '2022-12-01', '1'),
(793, '61000004', 0, 0, 0, 0, '2022-12-01', '1'),
(794, '61000005', 0, 0, 0, 0, '2022-12-01', '1'),
(795, '61000006', 0, 0, 0, 0, '2022-12-01', '1'),
(796, '62', 0, 0, 0, 0, '2022-12-01', '1'),
(797, '62000001', 0, 0, 0, 0, '2022-12-01', '1'),
(798, '62000002', 0, 0, 0, 0, '2022-12-01', '1'),
(799, '62000003', 0, 0, 0, 0, '2022-12-01', '1'),
(800, '62000004', 0, 0, 0, 0, '2022-12-01', '1'),
(801, '62000005', 0, 0, 0, 0, '2022-12-01', '1'),
(802, '63', 0, 0, 0, 0, '2022-12-01', '1'),
(803, '63000001', 0, 0, 0, 0, '2022-12-01', '1'),
(804, '63000002', 0, 0, 0, 0, '2022-12-01', '1'),
(805, '63000003', 0, 0, 0, 0, '2022-12-01', '1'),
(806, '63000004', 0, 0, 0, 0, '2022-12-01', '1'),
(807, '63000005', 0, 0, 0, 0, '2022-12-01', '1'),
(808, '63000006', 0, 0, 0, 0, '2022-12-01', '1'),
(809, '63000007', 0, 0, 0, 0, '2022-12-01', '1'),
(810, '63000008', 0, 0, 0, 0, '2022-12-01', '1'),
(811, '63000009', 0, 0, 0, 0, '2022-12-01', '1'),
(812, '63000010', 0, 0, 0, 0, '2022-12-01', '1'),
(813, '63000011', 0, 0, 0, 0, '2022-12-01', '1'),
(814, '63000012', 0, 0, 0, 0, '2022-12-01', '1'),
(815, '63000013', 0, 0, 0, 0, '2022-12-01', '1'),
(816, '63000014', 0, 0, 0, 0, '2022-12-01', '1'),
(817, '63000015', 0, 0, 0, 0, '2022-12-01', '1'),
(818, '63000016', 0, 0, 0, 0, '2022-12-01', '1'),
(819, '9', 0, 0, 0, 0, '2022-12-01', '1'),
(820, '91', 0, 0, 0, 0, '2022-12-01', '1'),
(821, '91000001', 0, 0, 0, 0, '2022-12-01', '1'),
(822, '91000002', 0, 0, 0, 0, '2022-12-01', '1'),
(823, '91000003', 0, 0, 0, 0, '2022-12-01', '1'),
(824, '91000004', 0, 0, 0, 0, '2022-12-01', '1'),
(825, '91000005', 0, 0, 0, 0, '2022-12-01', '1'),
(826, '91000006', 0, 0, 0, 0, '2022-12-01', '1'),
(827, '91000007', 0, 0, 0, 0, '2022-12-01', '1'),
(828, '91000008', 0, 0, 0, 0, '2022-12-01', '1'),
(829, '92', 0, 0, 0, 0, '2022-12-01', '1'),
(830, '92000001', 0, 0, 0, 0, '2022-12-01', '1'),
(831, '92000002', 0, 0, 0, 0, '2022-12-01', '1'),
(832, '92000003', 0, 0, 0, 0, '2022-12-01', '1'),
(833, '92000004', 0, 0, 0, 0, '2022-12-01', '1'),
(834, '92000005', 0, 0, 0, 0, '2022-12-01', '1'),
(835, '92000006', 0, 0, 0, 0, '2022-12-01', '1'),
(836, '92000007', 0, 0, 0, 0, '2022-12-01', '1'),
(837, '92000008', 0, 0, 0, 0, '2022-12-01', '1'),
(838, '92000009', 0, 0, 0, 0, '2022-12-01', '1'),
(839, '92000010', 0, 0, 0, 0, '2022-12-01', '1'),
(840, '92000011', 0, 0, 0, 0, '2022-12-01', '1'),
(841, '92000012', 0, 0, 0, 0, '2022-12-01', '1'),
(842, '92000013', 0, 0, 0, 0, '2022-12-01', '1'),
(843, '92000014', 0, 0, 0, 0, '2022-12-01', '1'),
(844, '92000015', 0, 0, 0, 0, '2022-12-01', '1'),
(845, '92000016', 0, 0, 0, 0, '2022-12-01', '1'),
(846, '93', 0, 0, 0, 0, '2022-12-01', '1'),
(847, '93000001', 0, 0, 0, 0, '2022-12-01', '1'),
(848, '93000002', 0, 0, 0, 0, '2022-12-01', '1'),
(849, '93000003', 0, 0, 0, 0, '2022-12-01', '1'),
(850, '94', 0, 0, 0, 0, '2022-12-01', '1'),
(851, '94000001', 0, 0, 0, 0, '2022-12-01', '1'),
(852, '94000002', 0, 0, 0, 0, '2022-12-01', '1'),
(853, '11440002', 0, 0, 0, 0, '2023-01-01', '1'),
(854, '11440002', 0, 0, 0, 0, '2022-12-01', '1'),
(855, '11440003', 1914700, 0, 0, 0, '2023-01-01', '1'),
(856, '11440003', 0, 0, 0, 0, '2022-12-01', '1'),
(857, '11440004', 37500000, 0, 0, 0, '2023-01-01', '1'),
(858, '11440004', 0, 0, 0, 0, '2022-12-01', '1'),
(859, '11440005', 0, 0, 0, 0, '2023-01-01', '1'),
(860, '11440005', 0, 0, 0, 0, '2022-12-01', '1'),
(861, '11440006', 0, 0, 0, 0, '2023-01-01', '1'),
(862, '11440006', 0, 0, 0, 0, '2022-12-01', '1'),
(863, '11440007', 0, 0, 0, 0, '2023-01-01', '1'),
(864, '11440007', 0, 0, 0, 0, '2022-12-01', '1'),
(865, '11440008', 0, 0, 0, 0, '2023-01-01', '1'),
(866, '11440008', 0, 0, 0, 0, '2022-12-01', '1'),
(867, '11440009', 0, 0, 0, 0, '2023-01-01', '1'),
(868, '11440009', 0, 0, 0, 0, '2022-12-01', '1'),
(869, '11440010', 0, 0, 0, 0, '2023-01-01', '1'),
(870, '11440010', 0, 0, 0, 0, '2022-12-01', '1'),
(871, '1147', 0, 0, 0, 0, '2023-01-01', '1'),
(872, '1147', 0, 0, 0, 0, '2022-12-01', '1'),
(873, '21210002', 0, 0, 0, 0, '2023-01-01', '1'),
(874, '21210002', 0, 0, 0, 0, '2022-12-01', '1'),
(875, '41000002', 0, 0, 0, 0, '2023-01-01', '1'),
(876, '41000002', 0, 0, 0, 0, '2022-12-01', '1'),
(877, '41000003', 0, 0, 0, 0, '2023-01-01', '1'),
(878, '41000003', 0, 0, 0, 0, '2022-12-01', '1'),
(879, '41000004', 0, 0, 0, 0, '2023-01-01', '1'),
(880, '41000004', 0, 0, 0, 0, '2022-12-01', '1'),
(881, '41000005', 0, 0, 0, 0, '2023-01-01', '1'),
(882, '41000005', 0, 0, 0, 0, '2022-12-01', '1'),
(883, '41000006', 0, 0, 0, 0, '2023-01-01', '1'),
(884, '41000006', 0, 0, 0, 0, '2022-12-01', '1'),
(885, '41000007', 0, 0, 0, 0, '2023-01-01', '1'),
(886, '41000007', 0, 0, 0, 0, '2022-12-01', '1'),
(887, '41000008', 0, 0, 0, 0, '2023-01-01', '1'),
(888, '41000008', 0, 0, 0, 0, '2022-12-01', '1'),
(889, '41000009', 0, 0, 0, 0, '2023-01-01', '1'),
(890, '41000009', 0, 0, 0, 0, '2022-12-01', '1'),
(891, '41000010', 0, 0, 0, 0, '2023-01-01', '1'),
(892, '41000010', 0, 0, 0, 0, '2022-12-01', '1'),
(893, '42000002', 0, 0, 0, 0, '2023-01-01', '1'),
(894, '42000002', 0, 0, 0, 0, '2022-12-01', '1'),
(895, '42000003', 0, 0, 0, 0, '2023-01-01', '1'),
(896, '42000003', 0, 0, 0, 0, '2022-12-01', '1'),
(897, '42000004', 0, 0, 0, 0, '2023-01-01', '1'),
(898, '42000004', 0, 0, 0, 0, '2022-12-01', '1'),
(899, '42000005', 0, 0, 0, 0, '2023-01-01', '1'),
(900, '42000005', 0, 0, 0, 0, '2022-12-01', '1'),
(901, '42000006', 0, 0, 0, 0, '2023-01-01', '1'),
(902, '42000006', 0, 0, 0, 0, '2022-12-01', '1'),
(903, '42000007', 0, 0, 0, 0, '2023-01-01', '1'),
(904, '42000007', 0, 0, 0, 0, '2022-12-01', '1'),
(905, '42000008', 0, 0, 0, 0, '2023-01-01', '1'),
(906, '42000008', 0, 0, 0, 0, '2022-12-01', '1'),
(907, '42000009', 0, 0, 0, 0, '2023-01-01', '1'),
(908, '42000009', 0, 0, 0, 0, '2022-12-01', '1'),
(909, '42000010', 0, 0, 0, 0, '2023-01-01', '1'),
(910, '42000010', 0, 0, 0, 0, '2022-12-01', '1'),
(911, '43000002', 0, 0, 0, 0, '2023-01-01', '1'),
(912, '43000002', 0, 0, 0, 0, '2022-12-01', '1'),
(913, '43000003', 0, 0, 0, 0, '2023-01-01', '1'),
(914, '43000003', 0, 0, 0, 0, '2022-12-01', '1'),
(915, '43000004', 0, 0, 0, 0, '2023-01-01', '1'),
(916, '43000004', 0, 0, 0, 0, '2022-12-01', '1'),
(917, '43000005', 0, 0, 0, 0, '2023-01-01', '1'),
(918, '43000005', 0, 0, 0, 0, '2022-12-01', '1'),
(919, '43000006', 0, 0, 0, 0, '2023-01-01', '1'),
(920, '43000006', 0, 0, 0, 0, '2022-12-01', '1'),
(921, '43000007', 0, 0, 0, 0, '2023-01-01', '1'),
(922, '43000007', 0, 0, 0, 0, '2022-12-01', '1'),
(923, '43000008', 0, 0, 0, 0, '2023-01-01', '1'),
(924, '43000008', 0, 0, 0, 0, '2022-12-01', '1'),
(925, '43000009', 0, 0, 0, 0, '2023-01-01', '1'),
(926, '43000009', 0, 0, 0, 0, '2022-12-01', '1'),
(927, '43000010', 0, 0, 0, 0, '2023-01-01', '1'),
(928, '43000010', 0, 0, 0, 0, '2022-12-01', '1'),
(929, '5701', 0, 0, 0, 0, '2023-01-01', '1'),
(930, '5701', 0, 0, 0, 0, '2022-12-01', '1'),
(931, '57010001', 0, 0, 0, 0, '2023-01-01', '1'),
(932, '57010001', 0, 0, 0, 0, '2022-12-01', '1'),
(933, '57010002', 0, 0, 0, 0, '2023-01-01', '1'),
(934, '57010002', 0, 0, 0, 0, '2022-12-01', '1'),
(935, '57010003', 0, 0, 0, 0, '2023-01-01', '1'),
(936, '57010003', 0, 0, 0, 0, '2022-12-01', '1'),
(937, '57010004', 37500000, 0, 0, 0, '2023-01-01', '1'),
(938, '57010004', 0, 0, 0, 0, '2022-12-01', '1'),
(939, '57010005', 0, 0, 0, 0, '2023-01-01', '1'),
(940, '57010005', 0, 0, 0, 0, '2022-12-01', '1'),
(941, '57010006', 0, 0, 0, 0, '2023-01-01', '1'),
(942, '57010006', 0, 0, 0, 0, '2022-12-01', '1'),
(943, '57010007', 0, 0, 0, 0, '2023-01-01', '1'),
(944, '57010007', 0, 0, 0, 0, '2022-12-01', '1'),
(945, '57010008', 0, 0, 0, 0, '2023-01-01', '1'),
(946, '57010008', 0, 0, 0, 0, '2022-12-01', '1'),
(947, '57010009', 0, 0, 0, 0, '2023-01-01', '1'),
(948, '57010009', 0, 0, 0, 0, '2022-12-01', '1'),
(949, '57010010', 0, 0, 0, 0, '2023-01-01', '1'),
(950, '57010010', 0, 0, 0, 0, '2022-12-01', '1'),
(951, '5702', 0, 0, 0, 0, '2023-01-01', '1'),
(952, '5702', 0, 0, 0, 0, '2022-12-01', '1'),
(953, '57020001', 0, 0, 0, 0, '2023-01-01', '1'),
(954, '57020001', 0, 0, 0, 0, '2022-12-01', '1'),
(955, '57020002', 0, 0, 0, 0, '2023-01-01', '1'),
(956, '57020002', 0, 0, 0, 0, '2022-12-01', '1'),
(957, '57020003', 0, 0, 0, 0, '2023-01-01', '1'),
(958, '57020003', 0, 0, 0, 0, '2022-12-01', '1'),
(959, '57020004', 0, 0, 0, 0, '2023-01-01', '1'),
(960, '57020004', 0, 0, 0, 0, '2022-12-01', '1'),
(961, '57020005', 0, 0, 0, 0, '2023-01-01', '1'),
(962, '57020005', 0, 0, 0, 0, '2022-12-01', '1'),
(963, '57020006', 0, 0, 0, 0, '2023-01-01', '1'),
(964, '57020006', 0, 0, 0, 0, '2022-12-01', '1'),
(965, '57020007', 0, 0, 0, 0, '2023-01-01', '1'),
(966, '57020007', 0, 0, 0, 0, '2022-12-01', '1'),
(967, '57020008', 0, 0, 0, 0, '2023-01-01', '1'),
(968, '57020008', 0, 0, 0, 0, '2022-12-01', '1'),
(969, '57020009', 0, 0, 0, 0, '2023-01-01', '1'),
(970, '57020009', 0, 0, 0, 0, '2022-12-01', '1'),
(971, '57020010', 0, 0, 0, 0, '2023-01-01', '1'),
(972, '57020010', 0, 0, 0, 0, '2022-12-01', '1'),
(973, '5703', 0, 0, 0, 0, '2023-01-01', '1'),
(974, '5703', 0, 0, 0, 0, '2022-12-01', '1'),
(975, '57030001', 0, 0, 0, 0, '2023-01-01', '1'),
(976, '57030001', 0, 0, 0, 0, '2022-12-01', '1'),
(977, '57030002', 0, 0, 0, 0, '2023-01-01', '1'),
(978, '57030002', 0, 0, 0, 0, '2022-12-01', '1'),
(979, '57030003', 0, 0, 0, 0, '2023-01-01', '1'),
(980, '57030003', 0, 0, 0, 0, '2022-12-01', '1'),
(981, '57030004', 0, 0, 0, 0, '2023-01-01', '1'),
(982, '57030004', 0, 0, 0, 0, '2022-12-01', '1'),
(983, '57030005', 0, 0, 0, 0, '2023-01-01', '1'),
(984, '57030005', 0, 0, 0, 0, '2022-12-01', '1'),
(985, '57030006', 0, 0, 0, 0, '2023-01-01', '1'),
(986, '57030006', 0, 0, 0, 0, '2022-12-01', '1'),
(987, '57030007', 0, 0, 0, 0, '2023-01-01', '1'),
(988, '57030007', 0, 0, 0, 0, '2022-12-01', '1'),
(989, '57030008', 0, 0, 0, 0, '2023-01-01', '1'),
(990, '57030008', 0, 0, 0, 0, '2022-12-01', '1'),
(991, '57030009', 0, 0, 0, 0, '2023-01-01', '1'),
(992, '57030009', 0, 0, 0, 0, '2022-12-01', '1'),
(993, '57030010', 0, 0, 0, 0, '2023-01-01', '1'),
(994, '57030010', 0, 0, 0, 0, '2022-12-01', '1'),
(995, '5704', 0, 0, 0, 0, '2023-01-01', '1'),
(996, '5704', 0, 0, 0, 0, '2022-12-01', '1'),
(997, '5705', 0, 0, 0, 0, '2023-01-01', '1'),
(998, '5705', 0, 0, 0, 0, '2022-12-01', '1'),
(999, '5706', 0, 0, 0, 0, '2023-01-01', '1'),
(1000, '5706', 0, 0, 0, 0, '2022-12-01', '1'),
(1001, '57060001', 0, 0, 0, 0, '2023-01-01', '1'),
(1002, '57060001', 0, 0, 0, 0, '2022-12-01', '1'),
(1003, '57060002', 0, 0, 0, 0, '2023-01-01', '1'),
(1004, '57060002', 0, 0, 0, 0, '2022-12-01', '1'),
(1005, '57060003', 0, 0, 0, 0, '2023-01-01', '1'),
(1006, '57060003', 0, 0, 0, 0, '2022-12-01', '1'),
(1007, '57060004', 0, 0, 0, 0, '2023-01-01', '1'),
(1008, '57060004', 0, 0, 0, 0, '2022-12-01', '1'),
(1009, '57060005', 0, 0, 0, 0, '2023-01-01', '1'),
(1010, '57060005', 0, 0, 0, 0, '2022-12-01', '1'),
(1011, '57060006', 0, 0, 0, 0, '2023-01-01', '1'),
(1012, '57060006', 0, 0, 0, 0, '2022-12-01', '1'),
(1013, '57060007', 0, 0, 0, 0, '2023-01-01', '1'),
(1014, '57060007', 0, 0, 0, 0, '2022-12-01', '1'),
(1015, '57060008', 0, 0, 0, 0, '2023-01-01', '1'),
(1016, '57060008', 0, 0, 0, 0, '2022-12-01', '1'),
(1017, '57060009', 0, 0, 0, 0, '2023-01-01', '1'),
(1018, '57060009', 0, 0, 0, 0, '2022-12-01', '1'),
(1019, '57060010', 0, 0, 0, 0, '2023-01-01', '1'),
(1020, '57060010', 0, 0, 0, 0, '2022-12-01', '1'),
(1021, '5707', 0, 0, 0, 0, '2023-01-01', '1'),
(1022, '5707', 0, 0, 0, 0, '2022-12-01', '1'),
(1023, '57070001', 0, 0, 0, 0, '2023-01-01', '1'),
(1024, '57070001', 0, 0, 0, 0, '2022-12-01', '1'),
(1025, '57070002', 0, 0, 0, 0, '2023-01-01', '1'),
(1026, '57070002', 0, 0, 0, 0, '2022-12-01', '1'),
(1027, '57070003', 0, 0, 0, 0, '2023-01-01', '1'),
(1028, '57070003', 0, 0, 0, 0, '2022-12-01', '1'),
(1029, '57070004', 0, 0, 0, 0, '2023-01-01', '1'),
(1030, '57070004', 0, 0, 0, 0, '2022-12-01', '1'),
(1031, '57070005', 0, 0, 0, 0, '2023-01-01', '1'),
(1032, '57070005', 0, 0, 0, 0, '2022-12-01', '1'),
(1033, '57070006', 0, 0, 0, 0, '2023-01-01', '1'),
(1034, '57070006', 0, 0, 0, 0, '2022-12-01', '1'),
(1035, '57070007', 0, 0, 0, 0, '2023-01-01', '1'),
(1036, '57070007', 0, 0, 0, 0, '2022-12-01', '1'),
(1037, '57070008', 0, 0, 0, 0, '2023-01-01', '1'),
(1038, '57070008', 0, 0, 0, 0, '2022-12-01', '1'),
(1039, '57070009', 0, 0, 0, 0, '2023-01-01', '1'),
(1040, '57070009', 0, 0, 0, 0, '2022-12-01', '1'),
(1041, '57070010', 0, 0, 0, 0, '2023-01-01', '1'),
(1042, '57070010', 0, 0, 0, 0, '2022-12-01', '1'),
(1043, '5708', 0, 0, 0, 0, '2023-01-01', '1'),
(1044, '5708', 0, 0, 0, 0, '2022-12-01', '1'),
(1045, '57080001', 0, 0, 0, 0, '2023-01-01', '1'),
(1046, '57080001', 0, 0, 0, 0, '2022-12-01', '1'),
(1047, '57080002', 0, 0, 0, 0, '2023-01-01', '1'),
(1048, '57080002', 0, 0, 0, 0, '2022-12-01', '1'),
(1049, '57080003', 0, 0, 0, 0, '2023-01-01', '1'),
(1050, '57080003', 0, 0, 0, 0, '2022-12-01', '1'),
(1051, '57080004', 0, 0, 0, 0, '2023-01-01', '1'),
(1052, '57080004', 0, 0, 0, 0, '2022-12-01', '1'),
(1053, '57080005', 0, 0, 0, 0, '2023-01-01', '1'),
(1054, '57080005', 0, 0, 0, 0, '2022-12-01', '1'),
(1055, '57080006', 0, 0, 0, 0, '2023-01-01', '1'),
(1056, '57080006', 0, 0, 0, 0, '2022-12-01', '1'),
(1057, '57080007', 0, 0, 0, 0, '2023-01-01', '1'),
(1058, '57080007', 0, 0, 0, 0, '2022-12-01', '1'),
(1059, '57080008', 0, 0, 0, 0, '2023-01-01', '1'),
(1060, '57080008', 0, 0, 0, 0, '2022-12-01', '1'),
(1061, '57080009', 0, 0, 0, 0, '2023-01-01', '1'),
(1062, '57080009', 0, 0, 0, 0, '2022-12-01', '1'),
(1063, '57080010', 0, 0, 0, 0, '2023-01-01', '1'),
(1064, '57080010', 0, 0, 0, 0, '2022-12-01', '1'),
(1065, '11210002', 0, 0, 0, 0, '2023-01-01', '1'),
(1066, '11210002', 0, 0, 0, 0, '2022-12-01', '1'),
(1067, '11460003', 0, 0, 0, 0, '2023-01-01', '1'),
(1068, '11460003', 0, 0, 0, 0, '2022-12-01', '1'),
(1069, '2123', 0, 0, 0, 0, '2023-01-01', '1'),
(1070, '2123', 0, 0, 0, 0, '2022-12-01', '1'),
(1071, '21230001', 0, 0, 0, 0, '2023-01-01', '1'),
(1072, '21230001', 0, 0, 0, 0, '2022-12-01', '1'),
(1073, '5501', 0, 0, 0, 0, '2023-01-01', '1'),
(1074, '5501', 0, 0, 0, 0, '2022-12-01', '1'),
(1075, '55010001', 0, 0, 0, 0, '2023-01-01', '1'),
(1076, '55010001', 0, 0, 0, 0, '2022-12-01', '1'),
(1077, '55010002', 0, 0, 0, 0, '2023-01-01', '1'),
(1078, '55010002', 0, 0, 0, 0, '2022-12-01', '1'),
(1079, '55010003', 0, 0, 0, 0, '2023-01-01', '1'),
(1080, '55010003', 0, 0, 0, 0, '2022-12-01', '1'),
(1081, '55010004', 0, 0, 0, 0, '2023-01-01', '1'),
(1082, '55010004', 0, 0, 0, 0, '2022-12-01', '1'),
(1083, '55010005', 0, 0, 0, 0, '2023-01-01', '1'),
(1084, '55010005', 0, 0, 0, 0, '2022-12-01', '1'),
(1085, '55010006', 0, 0, 0, 0, '2023-01-01', '1'),
(1086, '55010006', 0, 0, 0, 0, '2022-12-01', '1'),
(1087, '55010007', 0, 0, 0, 0, '2023-01-01', '1'),
(1088, '55010007', 0, 0, 0, 0, '2022-12-01', '1'),
(1089, '55010008', 0, 0, 0, 0, '2023-01-01', '1'),
(1090, '55010008', 0, 0, 0, 0, '2022-12-01', '1'),
(1091, '55010009', 0, 0, 0, 0, '2023-01-01', '1'),
(1092, '55010009', 0, 0, 0, 0, '2022-12-01', '1'),
(1093, '55010010', 0, 0, 0, 0, '2023-01-01', '1'),
(1094, '55010010', 0, 0, 0, 0, '2022-12-01', '1'),
(1095, '5502', 0, 0, 0, 0, '2023-01-01', '1'),
(1096, '5502', 0, 0, 0, 0, '2022-12-01', '1'),
(1097, '55020001', 0, 0, 0, 0, '2023-01-01', '1'),
(1098, '55020001', 0, 0, 0, 0, '2022-12-01', '1');

-- --------------------------------------------------------

--
-- Table structure for table `frs_accounting_balance_update`
--

CREATE TABLE `frs_accounting_balance_update` (
  `item_id` int(11) NOT NULL,
  `period` date NOT NULL,
  `update_no` char(15) NOT NULL,
  `category_book` char(1) NOT NULL,
  `status_id` char(1) NOT NULL,
  `modified_user` char(35) NOT NULL,
  `modified_date` datetime NOT NULL
) ENGINE=InnoDB DEFAULT CHARSET=latin1;

--
-- Dumping data for table `frs_accounting_balance_update`
--

INSERT INTO `frs_accounting_balance_update` (`item_id`, `period`, `update_no`, `category_book`, `status_id`, `modified_user`, `modified_date`) VALUES
(1, '2023-01-01', '', '1', '1', 'admin', '2023-02-03 08:45:32');

-- --------------------------------------------------------

--
-- Table structure for table `frs_accounting_beginning_balance`
--

CREATE TABLE `frs_accounting_beginning_balance` (
  `item_id` int(11) NOT NULL,
  `account` char(15) NOT NULL,
  `trx_id` char(15) NOT NULL,
  `account_warehouse` char(3) NOT NULL,
  `reference_no` char(25) NOT NULL,
  `qty_unit` double NOT NULL,
  `unit_price` double NOT NULL,
  `amount` double NOT NULL,
  `currency` char(5) NOT NULL,
  `kurs` double NOT NULL,
  `category` char(25) NOT NULL,
  `criteria` char(25) NOT NULL,
  `period` date NOT NULL,
  `category_book` char(1) NOT NULL,
  `status_id` char(3) NOT NULL,
  `create_user` char(35) NOT NULL,
  `create_date` datetime NOT NULL,
  `modified_user` char(35) NOT NULL,
  `modified_date` datetime NOT NULL,
  `approved_user` char(35) NOT NULL,
  `approved_date` datetime NOT NULL
) ENGINE=MyISAM DEFAULT CHARSET=latin1;

--
-- Dumping data for table `frs_accounting_beginning_balance`
--

INSERT INTO `frs_accounting_beginning_balance` (`item_id`, `account`, `trx_id`, `account_warehouse`, `reference_no`, `qty_unit`, `unit_price`, `amount`, `currency`, `kurs`, `category`, `criteria`, `period`, `category_book`, `status_id`, `create_user`, `create_date`, `modified_user`, `modified_date`, `approved_user`, `approved_date`) VALUES
(2025, '11121101', 'B00001', '', '', 0, 0, 1000, 'IDR', 1, 'Bank', '', '2023-01-01', '1', '21', 'admin', '2023-03-30 00:00:18', '', '0000-00-00 00:00:00', '', '0000-00-00 00:00:00'),
(2024, '11440003', 'FG0003', 'W01', '0003/GR/I/23', 233.5, 8200, 1914700, 'IDR', 1, 'Stock Inventory', 'FG', '2023-01-01', '1', '21', 'admin', '2023-03-08 18:42:02', '', '0000-00-00 00:00:00', '', '0000-00-00 00:00:00'),
(2026, '11121201', 'B00002', '', '', 0, 0, 2500, 'IDR', 1, 'Bank', '', '2023-01-01', '1', '21', 'admin', '2023-03-30 00:00:23', '', '0000-00-00 00:00:00', '', '0000-00-00 00:00:00'),
(2027, '11111001', 'CH00001', '', '', 0, 0, 4500, 'IDR', 1, 'Cash', '', '2023-01-01', '1', '21', 'admin', '2023-03-30 00:00:53', '', '0000-00-00 00:00:00', '', '0000-00-00 00:00:00');

-- --------------------------------------------------------

--
-- Table structure for table `frs_accounting_beginning_date`
--

CREATE TABLE `frs_accounting_beginning_date` (
  `item_id` int(11) NOT NULL,
  `year_period` char(4) NOT NULL,
  `month_period` date NOT NULL
) ENGINE=InnoDB DEFAULT CHARSET=latin1;

--
-- Dumping data for table `frs_accounting_beginning_date`
--

INSERT INTO `frs_accounting_beginning_date` (`item_id`, `year_period`, `month_period`) VALUES
(1, '2023', '2023-01-01');

-- --------------------------------------------------------

--
-- Table structure for table `frs_accounting_beginning_inventory`
--

CREATE TABLE `frs_accounting_beginning_inventory` (
  `item_id` int(11) NOT NULL,
  `material_id` char(25) NOT NULL,
  `account_warehouse` char(5) NOT NULL,
  `reference_no` char(25) NOT NULL,
  `qty_unit` double NOT NULL,
  `amount` double NOT NULL,
  `category_id` char(3) NOT NULL,
  `period` date NOT NULL,
  `category_book` char(1) NOT NULL,
  `create_user` char(35) NOT NULL,
  `create_date` datetime NOT NULL
) ENGINE=MyISAM DEFAULT CHARSET=latin1;

-- --------------------------------------------------------

--
-- Table structure for table `frs_accounting_chart`
--

CREATE TABLE `frs_accounting_chart` (
  `account` char(15) NOT NULL,
  `name` char(100) NOT NULL,
  `header` char(15) NOT NULL,
  `category` char(8) NOT NULL,
  `type` char(1) NOT NULL,
  `level` int(10) NOT NULL,
  `blocked` char(3) NOT NULL,
  `create_user` char(35) NOT NULL,
  `create_date` datetime NOT NULL,
  `modified_user` char(35) NOT NULL,
  `modified_date` datetime NOT NULL
) ENGINE=InnoDB DEFAULT CHARSET=latin1;

--
-- Dumping data for table `frs_accounting_chart`
--

INSERT INTO `frs_accounting_chart` (`account`, `name`, `header`, `category`, `type`, `level`, `blocked`, `create_user`, `create_date`, `modified_user`, `modified_date`) VALUES
('1', 'ASET', '', 'Header', '', 1, 'No', '', '0000-00-00 00:00:00', '', '0000-00-00 00:00:00'),
('11', 'ASET LANCAR', '1', 'Header', '', 2, 'No', '', '0000-00-00 00:00:00', '', '0000-00-00 00:00:00'),
('111', 'Kas dan Setara Kas', '11', 'Header', '', 3, 'No', '', '0000-00-00 00:00:00', '', '0000-00-00 00:00:00'),
('1111', 'Kas', '111', 'Header', '', 4, 'No', '', '0000-00-00 00:00:00', '', '0000-00-00 00:00:00'),
('11111', 'Kas Kecil', '1111', 'Header', '', 5, 'No', '', '0000-00-00 00:00:00', '', '0000-00-00 00:00:00'),
('11111001', 'Kas Kecil Narogong', '11111', 'Valuable', 'A', 7, 'No', '', '2023-03-27 13:15:30', 'admin', '0000-00-00 00:00:00'),
('1112', 'Bank', '111', 'Header', '', 4, 'No', '', '0000-00-00 00:00:00', '', '0000-00-00 00:00:00'),
('11121', 'Bank IDR', '1112', 'Header', '', 5, 'No', '', '0000-00-00 00:00:00', '', '0000-00-00 00:00:00'),
('111211', 'BCA', '11121', 'Header', '', 6, 'No', '', '0000-00-00 00:00:00', '', '0000-00-00 00:00:00'),
('11121101', 'BCA', '111211', 'Valuable', 'A', 7, 'No', '', '0000-00-00 00:00:00', '', '0000-00-00 00:00:00'),
('111212', 'BSI', '11121', 'Header', '', 6, 'No', '', '2023-02-21 06:17:23', 'admin', '0000-00-00 00:00:00'),
('11121201', 'BSI', '111212', 'Valuable', 'A', 7, 'No', '', '2023-02-21 06:17:28', 'admin', '0000-00-00 00:00:00'),
('1113', 'Time Deposite', '111', 'Header', '', 4, 'No', '', '0000-00-00 00:00:00', '', '0000-00-00 00:00:00'),
('11130001', 'Time Deposite', '1113', 'Valuable', 'A', 7, 'No', '', '0000-00-00 00:00:00', '', '0000-00-00 00:00:00'),
('1114', 'Bank In Transit', '111', 'Header', '', 4, 'No', '', '0000-00-00 00:00:00', '', '0000-00-00 00:00:00'),
('11140001', 'Bank In Transit', '1114', 'Valuable', 'A', 7, 'No', '', '0000-00-00 00:00:00', '', '0000-00-00 00:00:00'),
('1119', 'Ayat Silang', '111', 'Header', '', 4, 'No', '', '0000-00-00 00:00:00', '', '0000-00-00 00:00:00'),
('11190001', 'Ayat Silang - Kas Bank', '1119', 'Valuable', 'A', 7, 'No', '', '0000-00-00 00:00:00', '', '0000-00-00 00:00:00'),
('11190002', 'Interoffice', '1119', 'Valuable', 'A', 7, 'No', '', '0000-00-00 00:00:00', '', '0000-00-00 00:00:00'),
('112', 'Piutang Usaha', '11', 'Header', '', 3, 'No', '', '0000-00-00 00:00:00', '', '0000-00-00 00:00:00'),
('1121', 'Piutang Usaha Pihak Ketiga', '112', 'Header', '', 4, 'No', '', '2023-03-08 01:03:47', 'admin', '0000-00-00 00:00:00'),
('11210001', 'Piutang Usaha Pihak Ketiga', '1121', 'Valuable', 'A', 7, 'No', '', '2023-03-07 14:42:09', 'admin', '0000-00-00 00:00:00'),
('11210002', 'Piutang Usaha Belum Ditagihkan', '1121', 'Valuable', 'A', 7, 'No', 'admin', '2023-03-07 14:41:55', '', '0000-00-00 00:00:00'),
('1122', 'Piutang Usaha Pihak Berelasi', '112', 'Header', '', 4, 'No', '', '2023-03-08 01:03:56', 'admin', '0000-00-00 00:00:00'),
('1131', 'Piutang Lain - Lain', '113', 'Header', '', 4, 'No', '', '0000-00-00 00:00:00', '', '0000-00-00 00:00:00'),
('11310001', 'Piutang Pegawai', '1131', 'Valuable', 'A', 7, 'No', '', '0000-00-00 00:00:00', '', '0000-00-00 00:00:00'),
('11310002', 'Piutang Lain-lain', '1131', 'Valuable', 'A', 7, 'No', '', '0000-00-00 00:00:00', '', '0000-00-00 00:00:00'),
('1132', 'Cadangan Kerugian Piutang', '113', 'Header', '', 4, 'No', '', '0000-00-00 00:00:00', '', '0000-00-00 00:00:00'),
('11320001', 'Cadangan Kerugian Piutang', '1132', 'Valuable', 'A', 7, 'No', '', '0000-00-00 00:00:00', '', '0000-00-00 00:00:00'),
('114', 'Persediaan', '11', 'Header', '', 3, 'No', '', '0000-00-00 00:00:00', '', '0000-00-00 00:00:00'),
('1141', 'Persediaan Bahan Baku', '114', 'Header', '', 4, 'No', '', '0000-00-00 00:00:00', '', '0000-00-00 00:00:00'),
('1142', 'Persediaan Barang Penolong', '114', 'Header', '', 4, 'No', '', '2023-03-08 04:15:48', 'admin', '0000-00-00 00:00:00'),
('11420001', 'Persediaan Bahan Penolong', '1142', 'Valuable', 'A', 7, 'No', '', '0000-00-00 00:00:00', '', '0000-00-00 00:00:00'),
('11420002', 'Persediaan Bahan Bakar dan Pelumas', '1142', 'Valuable', 'A', 7, 'No', '', '0000-00-00 00:00:00', '', '0000-00-00 00:00:00'),
('11420003', 'Persediaan Bahan Pembantu Lainnya', '1142', 'Valuable', 'A', 7, 'No', '', '0000-00-00 00:00:00', '', '0000-00-00 00:00:00'),
('1143', 'Persediaan Barang Dalam Proses', '114', 'Header', '', 4, 'No', '', '0000-00-00 00:00:00', '', '0000-00-00 00:00:00'),
('11430001', 'Persediaan Barang Dalam Proses', '1143', 'Valuable', 'A', 7, 'No', '', '2023-02-09 09:15:45', 'admin', '0000-00-00 00:00:00'),
('1144', 'Persediaan Barang Jadi', '114', 'Header', '', 4, 'No', '', '0000-00-00 00:00:00', '', '0000-00-00 00:00:00'),
('11440001', 'Tandan Buah Segar (TBS)', '1144', 'Valuable', 'A', 7, 'No', '', '2023-02-08 09:33:08', 'admin', '0000-00-00 00:00:00'),
('11440002', 'Kernel Sawit (KS)', '1144', 'Valuable', 'A', 7, 'No', 'admin', '2023-02-08 09:33:27', '', '0000-00-00 00:00:00'),
('11440003', 'Hight Acid Crude Palm Oil (HCPO)', '1144', 'Valuable', 'A', 7, 'No', 'admin', '2023-02-08 09:33:42', '', '0000-00-00 00:00:00'),
('11440004', 'Crude Palm Oil (CPO)', '1144', 'Valuable', 'A', 7, 'No', 'admin', '2023-02-08 09:33:58', '', '0000-00-00 00:00:00'),
('11440005', 'Minyak Curah (CP10)', '1144', 'Valuable', 'A', 7, 'No', 'admin', '2023-02-08 09:34:16', '', '0000-00-00 00:00:00'),
('11440006', 'Palm Fatty Acid Destilate (PFAD)', '1144', 'Valuable', 'A', 7, 'No', 'admin', '2023-02-08 09:34:33', '', '0000-00-00 00:00:00'),
('11440007', 'Palm Kernel Oil (PKO)', '1144', 'Valuable', 'A', 7, 'No', 'admin', '2023-02-08 09:34:49', '', '0000-00-00 00:00:00'),
('11440008', 'Cangkang Sawit (CS)', '1144', 'Valuable', 'A', 7, 'No', 'admin', '2023-02-08 09:35:07', '', '0000-00-00 00:00:00'),
('11440009', 'Bungkil Sawit (BS)', '1144', 'Valuable', 'A', 7, 'No', 'admin', '2023-02-08 09:35:20', '', '0000-00-00 00:00:00'),
('11440010', 'Jelantah (UCO/CNO)', '1144', 'Valuable', 'A', 7, 'No', 'admin', '2023-02-08 09:35:37', '', '0000-00-00 00:00:00'),
('1145', 'Persediaan lain-Lain', '114', 'Header', '', 4, 'No', '', '0000-00-00 00:00:00', '', '0000-00-00 00:00:00'),
('11450001', 'Persediaan Sparepart', '1145', 'Valuable', 'A', 7, 'No', '', '0000-00-00 00:00:00', '', '0000-00-00 00:00:00'),
('1146', 'Persediaan Dalam Perjalanan', '114', 'Header', '', 4, 'No', '', '0000-00-00 00:00:00', '', '0000-00-00 00:00:00'),
('11460001', 'Persediaan Bahan Baku dalam Perjalanan', '1146', 'Valuable', 'A', 7, 'No', '', '0000-00-00 00:00:00', '', '0000-00-00 00:00:00'),
('11460002', 'Persediaan Bahan Penolong dalam Perjalanan', '1146', 'Valuable', 'A', 7, 'No', '', '2023-03-08 04:17:21', 'admin', '0000-00-00 00:00:00'),
('11460003', 'Persediaan Bahan Jadi dalam Perjalanan', '1146', 'Valuable', 'A', 7, 'No', 'admin', '2023-03-08 04:17:28', 'admin', '0000-00-00 00:00:00'),
('116', 'Uang Muka', '11', 'Header', '', 3, 'No', '', '0000-00-00 00:00:00', '', '0000-00-00 00:00:00'),
('11600001', 'Uang Muka Pembelian Persediaan', '116', 'Valuable', 'A', 7, 'No', '', '0000-00-00 00:00:00', '', '0000-00-00 00:00:00'),
('11600002', 'Uang Muka Pembelian Tanah', '116', 'Valuable', 'A', 7, 'No', '', '0000-00-00 00:00:00', '', '0000-00-00 00:00:00'),
('11600003', 'Uang Muka Pembelian Aset Tetap', '116', 'Valuable', 'A', 7, 'No', '', '0000-00-00 00:00:00', '', '0000-00-00 00:00:00'),
('11600004', 'Uang muka Jasindo / Lembaga Keuangan Lain (MD)', '116', 'Valuable', 'A', 7, 'No', '', '0000-00-00 00:00:00', '', '0000-00-00 00:00:00'),
('11600005', 'Uang muka PPh 22 impor dan BM', '116', 'Valuable', 'A', 7, 'No', '', '0000-00-00 00:00:00', '', '0000-00-00 00:00:00'),
('11600006', 'Uang muka expedisi', '116', 'Valuable', 'A', 7, 'No', '', '0000-00-00 00:00:00', '', '0000-00-00 00:00:00'),
('11600007', 'Uang muka karantina', '116', 'Valuable', 'A', 7, 'No', '', '0000-00-00 00:00:00', '', '0000-00-00 00:00:00'),
('11600008', 'Uang muka Pembayaran', '116', 'Valuable', 'A', 7, 'No', '', '0000-00-00 00:00:00', '', '0000-00-00 00:00:00'),
('117', 'Biaya dibayar dimuka', '11', 'Header', '', 3, 'No', '', '0000-00-00 00:00:00', '', '0000-00-00 00:00:00'),
('11700001', 'Premi Kontrak Derivatif', '117', 'Valuable', 'A', 7, 'No', '', '0000-00-00 00:00:00', '', '0000-00-00 00:00:00'),
('11700002', 'Sewa Dibayar di Muka', '117', 'Valuable', 'A', 7, 'No', '', '0000-00-00 00:00:00', '', '0000-00-00 00:00:00'),
('11700003', 'Asuransi Dibayar di Muka', '117', 'Valuable', 'A', 7, 'No', '', '0000-00-00 00:00:00', '', '0000-00-00 00:00:00'),
('11700004', 'Biaya Pra Operasi', '117', 'Valuable', 'A', 7, 'No', '', '0000-00-00 00:00:00', '', '0000-00-00 00:00:00'),
('11700005', 'Uang Muka Lain-lain', '117', 'Valuable', 'A', 7, 'No', '', '0000-00-00 00:00:00', '', '0000-00-00 00:00:00'),
('118', 'Pajak dibayar dimuka', '11', 'Header', '', 3, 'No', '', '0000-00-00 00:00:00', '', '0000-00-00 00:00:00'),
('11800001', 'PPh Pasal 22 Import', '118', 'Valuable', 'A', 7, 'No', '', '0000-00-00 00:00:00', '', '0000-00-00 00:00:00'),
('11800002', 'PPh Pasal 25', '118', 'Valuable', 'A', 7, 'No', '', '0000-00-00 00:00:00', '', '0000-00-00 00:00:00'),
('11800003', 'PPh Pasal 21', '118', 'Valuable', 'A', 7, 'No', '', '0000-00-00 00:00:00', '', '0000-00-00 00:00:00'),
('11800004', 'PPh Pasal 23', '118', 'Valuable', 'A', 7, 'No', '', '0000-00-00 00:00:00', '', '0000-00-00 00:00:00'),
('11800005', 'PPh Pasal 29', '118', 'Valuable', 'A', 7, 'No', '', '0000-00-00 00:00:00', '', '0000-00-00 00:00:00'),
('11800006', 'PPN Masukan', '118', 'Valuable', 'A', 7, 'No', '', '0000-00-00 00:00:00', '', '0000-00-00 00:00:00'),
('12', 'ASSET TIDAK LANCAR', '1', 'Header', '', 2, 'No', '', '0000-00-00 00:00:00', '', '0000-00-00 00:00:00'),
('121', 'Aset Pajak Tangguhan', '12', 'Header', '', 3, 'No', '', '0000-00-00 00:00:00', '', '0000-00-00 00:00:00'),
('12100001', 'Aset Pajak Tangguhan', '121', 'Valuable', 'A', 7, 'No', '', '0000-00-00 00:00:00', '', '0000-00-00 00:00:00'),
('122', 'Piutang Pihak Berelasi', '12', 'Header', '', 3, 'No', '', '0000-00-00 00:00:00', '', '0000-00-00 00:00:00'),
('12200001', 'PT Pandanaran Arta Perkasa', '122', 'Header', '', 4, 'No', '', '0000-00-00 00:00:00', '', '0000-00-00 00:00:00'),
('123', 'Aset Tetap Bersih', '12', 'Header', '', 3, 'No', '', '0000-00-00 00:00:00', '', '0000-00-00 00:00:00'),
('1231', 'Aset Tetap', '123', 'Header', '', 4, 'No', '', '0000-00-00 00:00:00', '', '0000-00-00 00:00:00'),
('12310001', 'Tanah', '1231', 'Valuable', 'A', 7, 'No', '', '0000-00-00 00:00:00', '', '0000-00-00 00:00:00'),
('12310002', 'Bangunan', '1231', 'Valuable', 'A', 7, 'No', '', '0000-00-00 00:00:00', '', '0000-00-00 00:00:00'),
('12310003', 'Mesin & Peralatan', '1231', 'Valuable', 'A', 7, 'No', '', '0000-00-00 00:00:00', '', '0000-00-00 00:00:00'),
('12310004', 'Kendaraan', '1231', 'Valuable', 'A', 7, 'No', '', '0000-00-00 00:00:00', '', '0000-00-00 00:00:00'),
('12310005', 'Peralatan Kandang', '1231', 'Valuable', 'A', 7, 'No', '', '0000-00-00 00:00:00', '', '0000-00-00 00:00:00'),
('12310006', 'Peralatan & Perlengkapan Kantor', '1231', 'Valuable', 'A', 7, 'No', '', '0000-00-00 00:00:00', '', '0000-00-00 00:00:00'),
('12310007', 'Aktiva tetap lainnya', '1231', 'Valuable', 'A', 7, 'No', '', '0000-00-00 00:00:00', '', '0000-00-00 00:00:00'),
('1232', 'Akumulasi Penyusutan Aset Tetap', '123', 'Header', '', 4, 'No', '', '0000-00-00 00:00:00', '', '0000-00-00 00:00:00'),
('12320001', 'Tanah', '1232', 'Valuable', 'P', 7, 'No', '', '0000-00-00 00:00:00', '', '0000-00-00 00:00:00'),
('12320002', 'Bangunan', '1232', 'Valuable', 'P', 7, 'No', '', '0000-00-00 00:00:00', '', '0000-00-00 00:00:00'),
('12320003', 'Mesin & Peralatan', '1232', 'Valuable', 'P', 7, 'No', '', '0000-00-00 00:00:00', '', '0000-00-00 00:00:00'),
('12320004', 'Kendaraan', '1232', 'Valuable', 'P', 7, 'No', '', '0000-00-00 00:00:00', '', '0000-00-00 00:00:00'),
('12320005', 'Peralatan Kandang', '1232', 'Valuable', 'P', 7, 'No', '', '0000-00-00 00:00:00', '', '0000-00-00 00:00:00'),
('12320006', 'Peralatan & Perlengkapan Kantor', '1232', 'Valuable', 'P', 7, 'No', '', '0000-00-00 00:00:00', '', '0000-00-00 00:00:00'),
('12320007', 'Aktiva tetap lainnya', '1232', 'Valuable', 'P', 7, 'No', '', '0000-00-00 00:00:00', '', '0000-00-00 00:00:00'),
('1233', 'KDP - Karya Dalam Pelaksanaan', '123', 'Header', '', 4, 'No', '', '0000-00-00 00:00:00', '', '0000-00-00 00:00:00'),
('12330001', 'KDP - Mesin', '1233', 'Valuable', 'A', 7, 'No', '', '0000-00-00 00:00:00', '', '0000-00-00 00:00:00'),
('12330002', 'KDP - Bangunan', '1233', 'Valuable', 'A', 7, 'No', '', '0000-00-00 00:00:00', '', '0000-00-00 00:00:00'),
('12330003', 'KDP - Tanah', '1233', 'Valuable', 'A', 7, 'No', '', '0000-00-00 00:00:00', '', '0000-00-00 00:00:00'),
('12330004', 'KDP - Kendaraan', '1233', 'Valuable', 'A', 7, 'No', '', '0000-00-00 00:00:00', '', '0000-00-00 00:00:00'),
('12330005', 'KDP - Peralatan', '1233', 'Valuable', 'A', 7, 'No', '', '0000-00-00 00:00:00', '', '0000-00-00 00:00:00'),
('124', 'Pajak Dibayar Dimuka - Jangka Panjang', '12', 'Header', '', 3, 'No', '', '0000-00-00 00:00:00', '', '0000-00-00 00:00:00'),
('12400001', 'Pajak Dibayar Dimuka - Jangka Panjang', '124', 'Valuable', 'A', 7, 'No', '', '0000-00-00 00:00:00', '', '0000-00-00 00:00:00'),
('125', 'Biaya Dibayar Dimuka - Jangka Panjang', '12', 'Header', '', 3, 'No', '', '0000-00-00 00:00:00', '', '0000-00-00 00:00:00'),
('12500001', 'Biaya Dibayar Dimuka - Jangka Panjang', '125', 'Valuable', 'A', 7, 'No', '', '0000-00-00 00:00:00', '', '0000-00-00 00:00:00'),
('126', 'Aset Tidak Lancar Lainnya', '12', 'Header', '', 3, 'No', '', '0000-00-00 00:00:00', '', '0000-00-00 00:00:00'),
('12600001', 'Aset Tidak Lancar Lainnya', '126', 'Valuable', 'A', 7, 'No', '', '0000-00-00 00:00:00', '', '0000-00-00 00:00:00'),
('127', 'Penyertaan', '12', 'Header', '', 3, 'No', '', '0000-00-00 00:00:00', '', '0000-00-00 00:00:00'),
('12700001', 'Investasi KSO', '127', 'Valuable', 'A', 7, 'No', '', '0000-00-00 00:00:00', '', '0000-00-00 00:00:00'),
('12700002', 'Investasi Saham', '127', 'Valuable', 'A', 7, 'No', '', '0000-00-00 00:00:00', '', '0000-00-00 00:00:00'),
('2', 'LIABILITAS', '', 'Header', '', 1, 'No', '', '0000-00-00 00:00:00', '', '0000-00-00 00:00:00'),
('21', 'LIABILITAS JANGKA PENDEK', '2', 'Header', '', 2, 'No', '', '0000-00-00 00:00:00', '', '0000-00-00 00:00:00'),
('211', 'Utang bank jangka pendek', '21', 'Header', '', 3, 'No', '', '0000-00-00 00:00:00', '', '0000-00-00 00:00:00'),
('21100001', 'Utang Bank Jangka Pendek BCA', '211', 'Valuable', 'P', 7, 'No', '', '0000-00-00 00:00:00', '', '0000-00-00 00:00:00'),
('212', 'Utang usaha', '21', 'Header', '', 3, 'No', '', '0000-00-00 00:00:00', '', '0000-00-00 00:00:00'),
('2121', 'Utang Usaha Pihak Ketiga', '212', 'Header', '', 4, 'No', '', '2023-03-08 02:29:59', 'admin', '0000-00-00 00:00:00'),
('21210001', 'Utang Usaha Pihak Ketiga', '2121', 'Valuable', 'P', 7, 'No', '', '2023-03-08 02:30:05', 'admin', '0000-00-00 00:00:00'),
('21210002', 'Utang Usaha Belum Ditagihkan', '2121', 'Valuable', 'P', 7, 'No', 'admin', '2023-03-08 02:30:13', 'admin', '0000-00-00 00:00:00'),
('2122', 'Utang usaha Pihak Berelasi', '212', 'Header', '', 4, 'No', '', '2023-03-08 01:02:25', 'admin', '0000-00-00 00:00:00'),
('2123', 'Uang Muka Penjualan', '212', 'Header', '', 4, 'No', 'admin', '2023-03-08 02:32:07', 'admin', '0000-00-00 00:00:00'),
('21230001', 'Uang Muka Penjualan', '2123', 'Valuable', 'P', 7, 'No', 'admin', '2023-02-23 09:16:00', '', '0000-00-00 00:00:00'),
('213', 'Utang lain-lain - pihak ketiga', '21', 'Header', '', 3, 'No', '', '0000-00-00 00:00:00', '', '0000-00-00 00:00:00'),
('21300001', 'Utang LC/SKBDN', '213', 'Valuable', 'P', 7, 'No', '', '0000-00-00 00:00:00', '', '0000-00-00 00:00:00'),
('21300002', 'Utang Lembaga Keuangan Non Bank', '213', 'Valuable', 'P', 7, 'No', '', '0000-00-00 00:00:00', '', '0000-00-00 00:00:00'),
('214', 'Utang pajak', '21', 'Header', '', 3, 'No', '', '0000-00-00 00:00:00', '', '0000-00-00 00:00:00'),
('21400001', 'Utang pajak Induk', '214', 'Valuable', 'P', 7, 'No', '', '0000-00-00 00:00:00', '', '0000-00-00 00:00:00'),
('21400002', 'Utang pajak PPN', '214', 'Valuable', 'P', 7, 'No', '', '0000-00-00 00:00:00', '', '0000-00-00 00:00:00'),
('21400003', 'Utang pajak Pajak Penghasilan Pasal 4 ayat 2', '214', 'Valuable', 'P', 7, 'No', '', '0000-00-00 00:00:00', '', '0000-00-00 00:00:00'),
('21400004', 'Utang pajak Penghasilan Pasal 21', '214', 'Valuable', 'P', 7, 'No', '', '0000-00-00 00:00:00', '', '0000-00-00 00:00:00'),
('21400005', 'Utang pajak Penghasilan Pasal 22', '214', 'Valuable', 'P', 7, 'No', '', '0000-00-00 00:00:00', '', '0000-00-00 00:00:00'),
('21400006', 'Utang pajak Penghasilan Pasal 23', '214', 'Valuable', 'P', 7, 'No', '', '0000-00-00 00:00:00', '', '0000-00-00 00:00:00'),
('21400007', 'Utang pajak Penghasilan Pasal 25', '214', 'Valuable', 'P', 7, 'No', '', '0000-00-00 00:00:00', '', '0000-00-00 00:00:00'),
('21400008', 'Utang pajak Penghasilan Pasal 26', '214', 'Valuable', 'P', 7, 'No', '', '0000-00-00 00:00:00', '', '0000-00-00 00:00:00'),
('21400009', 'Utang pajak Penghasilan Pasal 29', '214', 'Valuable', 'P', 7, 'No', '', '0000-00-00 00:00:00', '', '0000-00-00 00:00:00'),
('21400010', 'Utang pajak Anak', '214', 'Valuable', 'P', 7, 'No', '', '0000-00-00 00:00:00', '', '0000-00-00 00:00:00'),
('21400011', 'PPN Keluaran', '214', 'Valuable', 'P', 7, 'No', '', '0000-00-00 00:00:00', '', '0000-00-00 00:00:00'),
('215', 'Beban masih harus dibayar', '21', 'Header', '', 3, 'No', '', '0000-00-00 00:00:00', '', '0000-00-00 00:00:00'),
('21500001', 'Beban masih harus dibayar', '215', 'Valuable', 'P', 7, 'No', '', '0000-00-00 00:00:00', '', '0000-00-00 00:00:00'),
('21500002', 'BMHD Asuransi', '215', 'Valuable', 'P', 7, 'No', '', '0000-00-00 00:00:00', '', '0000-00-00 00:00:00'),
('21500003', 'BMHD Sewa Mobil', '215', 'Valuable', 'P', 7, 'No', '', '0000-00-00 00:00:00', '', '0000-00-00 00:00:00'),
('21500004', 'BMHD Listrik', '215', 'Valuable', 'P', 7, 'No', '', '0000-00-00 00:00:00', '', '0000-00-00 00:00:00'),
('21500005', 'BMHD PDAM', '215', 'Valuable', 'P', 7, 'No', '', '0000-00-00 00:00:00', '', '0000-00-00 00:00:00'),
('21500006', 'BMHD Gaji Security', '215', 'Valuable', 'P', 7, 'No', '', '0000-00-00 00:00:00', '', '0000-00-00 00:00:00'),
('21500007', 'BMHD Gaji', '215', 'Valuable', 'P', 7, 'No', '', '0000-00-00 00:00:00', '', '0000-00-00 00:00:00'),
('21500008', 'BMHD Sewa Kandang', '215', 'Valuable', 'P', 7, 'No', '', '0000-00-00 00:00:00', '', '0000-00-00 00:00:00'),
('21500009', 'BMHD Lain-lain', '215', 'Valuable', 'P', 7, 'No', '', '0000-00-00 00:00:00', '', '0000-00-00 00:00:00'),
('216', 'Liabilitas jangka panjang yang jatuh tempo dalam satu tahun', '21', 'Header', '', 3, 'No', '', '0000-00-00 00:00:00', '', '0000-00-00 00:00:00'),
('21600001', 'Liabilitas jangka panjang yang jatuh tempo dalam satu tahun', '216', 'Valuable', 'P', 7, 'No', '', '0000-00-00 00:00:00', '', '0000-00-00 00:00:00'),
('22', 'LIABILITAS JANGKA PANJANG', '2', 'Header', '', 2, 'No', '', '0000-00-00 00:00:00', '', '0000-00-00 00:00:00'),
('221', 'Utang pihak berelasi', '22', 'Header', '', 3, 'No', '', '0000-00-00 00:00:00', '', '0000-00-00 00:00:00'),
('22100001', 'PT Pandanaran Arta Perkasa', '221', 'Valuable', 'P', 7, 'No', '', '0000-00-00 00:00:00', '', '0000-00-00 00:00:00'),
('222', 'Liabilitas jangka panjang setelah dikurangi bagian yang jatuh tempo dalam satu tahun', '22', 'Header', '', 3, 'No', '', '0000-00-00 00:00:00', '', '0000-00-00 00:00:00'),
('2221', 'Utang bank Jangka Panjang', '222', 'Header', '', 4, 'No', '', '0000-00-00 00:00:00', '', '0000-00-00 00:00:00'),
('22210001', 'Utang Bank Jangka Panjang BCA', '2221', 'Valuable', 'P', 7, 'No', '', '0000-00-00 00:00:00', '', '0000-00-00 00:00:00'),
('2222', 'Utang angsuran', '222', 'Header', '', 4, 'No', '', '0000-00-00 00:00:00', '', '0000-00-00 00:00:00'),
('22220001', 'Utang angsuran', '2222', 'Valuable', 'P', 7, 'No', '', '0000-00-00 00:00:00', '', '0000-00-00 00:00:00'),
('223', 'Imbalan pascakerja', '22', 'Header', '', 3, 'No', '', '0000-00-00 00:00:00', '', '0000-00-00 00:00:00'),
('22300001', 'Imbalan pascakerja', '223', 'Valuable', 'P', 7, 'No', '', '0000-00-00 00:00:00', '', '0000-00-00 00:00:00'),
('3', 'EKUITAS', '', 'Header', '', 1, 'No', '', '0000-00-00 00:00:00', '', '0000-00-00 00:00:00'),
('31', 'Modal saham', '3', 'Header', '', 2, 'No', '', '0000-00-00 00:00:00', '', '0000-00-00 00:00:00'),
('31000001', 'Modal saham', '31', 'Valuable', 'P', 7, 'No', '', '0000-00-00 00:00:00', '', '0000-00-00 00:00:00'),
('31000002', 'Agio Saham', '31', 'Valuable', 'P', 7, 'No', '', '0000-00-00 00:00:00', '', '0000-00-00 00:00:00'),
('32', 'Tambahan modal disetor - neto', '3', 'Header', '', 2, 'No', '', '0000-00-00 00:00:00', '', '0000-00-00 00:00:00'),
('32000001', 'Tambahan modal disetor - neto', '32', 'Valuable', 'P', 7, 'No', '', '0000-00-00 00:00:00', '', '0000-00-00 00:00:00'),
('36', 'Saldo laba', '3', 'Header', '', 2, 'No', '', '0000-00-00 00:00:00', '', '0000-00-00 00:00:00'),
('36000001', 'Laba Rugi Ditahan', '36', 'Valuable', 'P', 7, 'No', '', '0000-00-00 00:00:00', '', '0000-00-00 00:00:00'),
('36000002', 'Laba Rugi Bulan Berjalan', '36', 'Valuable', 'P', 7, 'No', '', '0000-00-00 00:00:00', '', '0000-00-00 00:00:00'),
('4', 'PENJUALAN', '', 'Header', '', 1, 'No', '', '0000-00-00 00:00:00', '', '0000-00-00 00:00:00'),
('41', 'Penjualan Ekternal', '4', 'Header', '', 2, 'No', '', '0000-00-00 00:00:00', '', '0000-00-00 00:00:00'),
('41000001', 'Tandan Buah Segar (TBS)', '41', 'Valuable', 'P', 7, 'No', '', '2023-02-08 11:10:10', 'admin', '0000-00-00 00:00:00'),
('41000002', 'Kernel Sawit (KS)', '41', 'Valuable', 'P', 7, 'No', 'admin', '2023-02-08 11:10:54', '', '0000-00-00 00:00:00'),
('41000003', 'Hight Acid Crude Palm Oil (HCPO)', '41', 'Valuable', 'P', 7, 'No', 'admin', '2023-02-08 11:11:05', '', '0000-00-00 00:00:00'),
('41000004', 'Crude Palm Oil (CPO)', '41', 'Valuable', 'P', 7, 'No', 'admin', '2023-02-08 11:12:04', '', '0000-00-00 00:00:00'),
('41000005', 'Minyak Curah (CP10)', '41', 'Valuable', 'P', 7, 'No', 'admin', '2023-02-08 11:14:11', 'admin', '0000-00-00 00:00:00'),
('41000006', 'Palm Fatty Acid Destilate (PFAD)', '41', 'Valuable', 'P', 7, 'No', 'admin', '2023-02-08 11:14:34', 'admin', '0000-00-00 00:00:00'),
('41000007', 'Palm Kernel Oil (PKO)', '41', 'Valuable', 'P', 7, 'No', 'admin', '2023-02-08 11:14:46', 'admin', '0000-00-00 00:00:00'),
('41000008', 'Cangkang Sawit (CS)', '41', 'Valuable', 'P', 7, 'No', 'admin', '2023-02-08 11:15:01', 'admin', '0000-00-00 00:00:00'),
('41000009', 'Bungkil Sawit (BS)', '41', 'Valuable', '', 7, 'No', 'admin', '2023-02-08 11:15:13', '', '0000-00-00 00:00:00'),
('41000010', 'Jelantah (UCO/CNO)', '41', 'Valuable', '', 7, 'No', 'admin', '2023-02-08 11:15:35', '', '0000-00-00 00:00:00'),
('42', 'Retur Penjualan', '4', 'Header', '', 2, 'No', '', '0000-00-00 00:00:00', '', '0000-00-00 00:00:00'),
('42000001', 'Tandan Buah Segar (TBS)', '42', 'Valuable', 'P', 7, 'No', '', '2023-02-08 11:17:45', 'admin', '0000-00-00 00:00:00'),
('42000002', 'Kernel Sawit (KS)', '42', 'Valuable', 'P', 7, 'No', 'admin', '2023-02-08 11:18:20', '', '0000-00-00 00:00:00'),
('42000003', 'Hight Acid Crude Palm Oil (HCPO)', '42', 'Valuable', 'P', 7, 'No', 'admin', '2023-02-08 11:18:39', '', '0000-00-00 00:00:00'),
('42000004', 'Crude Palm Oil (CPO)', '42', 'Valuable', 'P', 7, 'No', 'admin', '2023-02-08 11:18:54', '', '0000-00-00 00:00:00'),
('42000005', 'Minyak Curah (CP10)', '42', 'Valuable', 'P', 7, 'No', 'admin', '2023-02-08 11:20:27', '', '0000-00-00 00:00:00'),
('42000006', 'Palm Fatty Acid Destilate (PFAD)', '42', 'Valuable', 'P', 7, 'No', 'admin', '2023-02-08 11:20:42', '', '0000-00-00 00:00:00'),
('42000007', 'Palm Kernel Oil (PKO)', '42', 'Valuable', 'P', 7, 'No', 'admin', '2023-02-08 11:20:57', '', '0000-00-00 00:00:00'),
('42000008', 'Cangkang Sawit (CS)', '42', 'Valuable', 'P', 7, 'No', 'admin', '2023-02-08 11:21:11', '', '0000-00-00 00:00:00'),
('42000009', 'Bungkil Sawit (BS)', '42', 'Valuable', 'P', 7, 'No', 'admin', '2023-02-08 11:21:25', '', '0000-00-00 00:00:00'),
('42000010', 'Jelantah (UCO/CNO)', '42', 'Valuable', 'P', 7, 'No', 'admin', '2023-02-08 11:21:40', '', '0000-00-00 00:00:00'),
('43', 'Potongan Penjualan', '4', 'Header', '', 2, 'No', '', '0000-00-00 00:00:00', '', '0000-00-00 00:00:00'),
('43000001', 'Tandan Buah Segar (TBS)', '43', 'Valuable', 'P', 7, 'No', '', '2023-02-08 11:22:03', 'admin', '0000-00-00 00:00:00'),
('43000002', 'Kernel Sawit (KS)', '43', 'Valuable', 'P', 7, 'No', 'admin', '2023-02-08 11:22:20', '', '0000-00-00 00:00:00'),
('43000003', 'Hight Acid Crude Palm Oil (HCPO)', '43', 'Valuable', 'P', 7, 'No', 'admin', '2023-02-08 11:22:37', '', '0000-00-00 00:00:00'),
('43000004', 'Crude Palm Oil (CPO)', '43', 'Valuable', 'P', 7, 'No', 'admin', '2023-02-08 11:22:52', '', '0000-00-00 00:00:00'),
('43000005', 'Minyak Curah (CP10)', '43', 'Valuable', 'P', 7, 'No', 'admin', '2023-02-08 11:23:06', '', '0000-00-00 00:00:00'),
('43000006', 'Palm Fatty Acid Destilate (PFAD)', '43', 'Valuable', 'P', 7, 'No', 'admin', '2023-02-08 11:23:36', '', '0000-00-00 00:00:00'),
('43000007', 'Palm Kernel Oil (PKO)', '43', 'Valuable', 'P', 7, 'No', 'admin', '2023-02-08 11:23:51', '', '0000-00-00 00:00:00'),
('43000008', 'Cangkang Sawit (CS)', '43', 'Valuable', 'P', 7, 'No', 'admin', '2023-02-08 11:24:04', '', '0000-00-00 00:00:00'),
('43000009', 'Bungkil Sawit (BS)', '43', 'Valuable', 'P', 7, 'No', 'admin', '2023-02-08 11:24:18', '', '0000-00-00 00:00:00'),
('43000010', 'Jelantah (UCO/CNO)', '43', 'Valuable', 'P', 7, 'No', 'admin', '2023-02-08 11:24:32', '', '0000-00-00 00:00:00'),
('5', 'BEBAN', '', 'Header', '', 1, 'No', '', '0000-00-00 00:00:00', '', '0000-00-00 00:00:00'),
('51', 'Biaya Bahan Baku', '5', 'Header', '', 2, 'No', '', '0000-00-00 00:00:00', '', '0000-00-00 00:00:00'),
('51000001', 'Saldo Awal Bahan Baku', '51', 'Valuable', 'A', 7, 'No', '', '0000-00-00 00:00:00', '', '0000-00-00 00:00:00'),
('51000002', 'Saldo Akhir Bahan Baku', '51', 'Valuable', 'A', 7, 'No', '', '0000-00-00 00:00:00', '', '0000-00-00 00:00:00'),
('51000003', 'Pembelian Bahan Baku', '51', 'Valuable', 'A', 7, 'No', '', '0000-00-00 00:00:00', '', '0000-00-00 00:00:00'),
('51000004', 'Biaya Transport Bahan Baku', '51', 'Valuable', 'A', 7, 'No', '', '0000-00-00 00:00:00', '', '0000-00-00 00:00:00'),
('51000005', 'Biaya Bongkar Bahan Baku', '51', 'Valuable', 'A', 7, 'No', '', '0000-00-00 00:00:00', '', '0000-00-00 00:00:00'),
('51000006', 'Biaya Penyusutan Bahan Baku', '51', 'Valuable', 'A', 7, 'No', '', '0000-00-00 00:00:00', '', '0000-00-00 00:00:00'),
('51000007', 'Retur Pembelian Bahan Baku', '51', 'Valuable', 'A', 7, 'No', '', '0000-00-00 00:00:00', '', '0000-00-00 00:00:00'),
('51000008', 'Potongan Pembelian Bahan Baku', '51', 'Valuable', 'A', 7, 'No', '', '0000-00-00 00:00:00', '', '0000-00-00 00:00:00'),
('52', 'Biaya Bahan Penolong', '5', 'Header', '', 2, 'No', '', '0000-00-00 00:00:00', '', '0000-00-00 00:00:00'),
('521', 'Biaya Bahan Kemasan / Pembungkus', '52', 'Header', '', 3, 'No', '', '0000-00-00 00:00:00', '', '0000-00-00 00:00:00'),
('52100001', 'Saldo Awal Bahan Kemasan', '521', 'Valuable', 'A', 7, 'No', '', '0000-00-00 00:00:00', '', '0000-00-00 00:00:00'),
('52100002', 'Saldo Akhir Bahan Kemasan', '521', 'Valuable', 'A', 7, 'No', '', '0000-00-00 00:00:00', '', '0000-00-00 00:00:00'),
('52100003', 'Pembelian Bahan Kemasan', '521', 'Valuable', 'A', 7, 'No', '', '0000-00-00 00:00:00', '', '0000-00-00 00:00:00'),
('52100004', 'Biaya Transport Bahan Kemasan', '521', 'Valuable', 'A', 7, 'No', '', '0000-00-00 00:00:00', '', '0000-00-00 00:00:00'),
('52100005', 'Biaya Bongkar Bahan Kemasan', '521', 'Valuable', 'A', 7, 'No', '', '0000-00-00 00:00:00', '', '0000-00-00 00:00:00'),
('52100006', 'Biaya Penyusutan Bahan Kemasan', '521', 'Valuable', 'A', 7, 'No', '', '0000-00-00 00:00:00', '', '0000-00-00 00:00:00'),
('52100007', 'Retur Pembelian Bahan Kemasan', '521', 'Valuable', 'A', 7, 'No', '', '0000-00-00 00:00:00', '', '0000-00-00 00:00:00'),
('52100008', 'Potongan Pembelian Kemasan', '521', 'Valuable', 'A', 7, 'No', '', '0000-00-00 00:00:00', '', '0000-00-00 00:00:00'),
('522', 'Biaya Bahan Bahan Bakar', '52', 'Header', '', 3, 'No', '', '0000-00-00 00:00:00', '', '0000-00-00 00:00:00'),
('52200001', 'Saldo Awal Bahan Bakar', '522', 'Valuable', 'A', 7, 'No', '', '0000-00-00 00:00:00', '', '0000-00-00 00:00:00'),
('52200002', 'Saldo Akhir Bahan Bakar', '522', 'Valuable', 'A', 7, 'No', '', '0000-00-00 00:00:00', '', '0000-00-00 00:00:00'),
('52200003', 'Pembelian Bahan Bakar', '522', 'Valuable', 'A', 7, 'No', '', '0000-00-00 00:00:00', '', '0000-00-00 00:00:00'),
('52200004', 'Biaya  Transport Bahan Bakar', '522', 'Valuable', 'A', 7, 'No', '', '0000-00-00 00:00:00', '', '0000-00-00 00:00:00'),
('52200005', 'Biaya  Bongkar Bahan Bakar', '522', 'Valuable', 'A', 7, 'No', '', '0000-00-00 00:00:00', '', '0000-00-00 00:00:00'),
('52200006', 'Biaya Penyusutan Bahan Bakar', '522', 'Valuable', 'A', 7, 'No', '', '0000-00-00 00:00:00', '', '0000-00-00 00:00:00'),
('52200007', 'Retur Pembelian Bahan Bakar', '522', 'Valuable', 'A', 7, 'No', '', '0000-00-00 00:00:00', '', '0000-00-00 00:00:00'),
('52200008', 'Potongan Pembelian Bahan Bakar', '522', 'Valuable', 'A', 7, 'No', '', '0000-00-00 00:00:00', '', '0000-00-00 00:00:00'),
('523', 'Biaya Bahan Pembantu Lainnya', '52', 'Header', '', 3, 'No', '', '0000-00-00 00:00:00', '', '0000-00-00 00:00:00'),
('52300001', 'Saldo Awal Bahan Pembantu Lainnya', '523', 'Valuable', 'A', 7, 'No', '', '0000-00-00 00:00:00', '', '0000-00-00 00:00:00'),
('52300002', 'Saldo Akhir Bahan Pembantu Lainnya', '523', 'Valuable', 'A', 7, 'No', '', '0000-00-00 00:00:00', '', '0000-00-00 00:00:00'),
('52300003', 'Pembelian Bahan Pembantu Lainnya', '523', 'Valuable', 'A', 7, 'No', '', '0000-00-00 00:00:00', '', '0000-00-00 00:00:00'),
('52300004', 'Biaya Transport Bahan Pembantu Lainnya', '523', 'Valuable', 'A', 7, 'No', '', '0000-00-00 00:00:00', '', '0000-00-00 00:00:00'),
('52300005', 'Biaya Bongkar Bahan Pembantu Lainnya', '523', 'Valuable', 'A', 7, 'No', '', '0000-00-00 00:00:00', '', '0000-00-00 00:00:00'),
('52300006', 'Biaya Penyusutan Bahan Pembantu Lainnya', '523', 'Valuable', 'A', 7, 'No', '', '0000-00-00 00:00:00', '', '0000-00-00 00:00:00'),
('52300007', 'Retur Pembelian Bahan Pembantu Lainnya', '523', 'Valuable', 'A', 7, 'No', '', '0000-00-00 00:00:00', '', '0000-00-00 00:00:00'),
('52300008', 'Potongan Pembelian Pembantu Lainnya', '523', 'Valuable', 'A', 7, 'No', '', '0000-00-00 00:00:00', '', '0000-00-00 00:00:00'),
('53', 'Biaya TK Langsung', '5', 'Header', '', 2, 'No', '', '0000-00-00 00:00:00', '', '0000-00-00 00:00:00'),
('531', 'Biaya TK Langsung', '53', 'Header', '', 3, 'No', '', '0000-00-00 00:00:00', '', '0000-00-00 00:00:00'),
('53100001', 'Upah TK Produksi Harian', '531', 'Valuable', 'A', 7, 'No', '', '0000-00-00 00:00:00', '', '0000-00-00 00:00:00'),
('53100002', 'Upah TK Produksi Borongan', '531', 'Valuable', 'A', 7, 'No', '', '0000-00-00 00:00:00', '', '0000-00-00 00:00:00'),
('53100003', 'Biaya Overtime (Lembur) - Pengolahan', '531', 'Valuable', 'A', 7, 'No', '', '0000-00-00 00:00:00', '', '0000-00-00 00:00:00'),
('532', 'Biaya TK Langsung - Sortir / Grading / Packing', '53', 'Header', '', 3, 'No', '', '0000-00-00 00:00:00', '', '0000-00-00 00:00:00'),
('53200001', 'Upah TK Produksi Harian', '532', 'Valuable', 'A', 7, 'No', '', '0000-00-00 00:00:00', '', '0000-00-00 00:00:00'),
('53200002', 'Upah TK Produksi Borongan', '532', 'Valuable', 'A', 7, 'No', '', '0000-00-00 00:00:00', '', '0000-00-00 00:00:00'),
('53200003', 'Biaya Overtime (Lembur) - Sortir / Grading / Packing', '532', 'Valuable', 'A', 7, 'No', '', '0000-00-00 00:00:00', '', '0000-00-00 00:00:00'),
('533', 'Biaya TK Langsung - Bulanan', '53', 'Header', '', 3, 'No', '', '0000-00-00 00:00:00', '', '0000-00-00 00:00:00'),
('53300001', 'Gaji TK Produksi - Bulanan', '533', 'Valuable', 'A', 7, 'No', '', '0000-00-00 00:00:00', '', '0000-00-00 00:00:00'),
('53300002', 'Biaya Overtime (Lembur) - Bulanan', '533', 'Valuable', 'A', 7, 'No', '', '0000-00-00 00:00:00', '', '0000-00-00 00:00:00'),
('54', 'Biaya Overhead', '5', 'Header', '', 2, 'No', '', '0000-00-00 00:00:00', '', '0000-00-00 00:00:00'),
('541', 'Biaya Overhead Pabrikasi ( Manufaktur )', '54', 'Header', '', 3, 'No', '', '0000-00-00 00:00:00', '', '0000-00-00 00:00:00'),
('54100001', 'Biaya Sewa', '541', 'Valuable', 'A', 7, 'No', '', '0000-00-00 00:00:00', '', '0000-00-00 00:00:00'),
('54100002', 'Biaya Listrik', '541', 'Valuable', 'A', 7, 'No', '', '0000-00-00 00:00:00', '', '0000-00-00 00:00:00'),
('54100003', 'Sparepart & Material', '541', 'Valuable', 'A', 7, 'No', '', '0000-00-00 00:00:00', '', '0000-00-00 00:00:00'),
('54100004', 'Biaya Penyusutan Mesin & Alat  Produksi', '541', 'Valuable', 'A', 7, 'No', '', '0000-00-00 00:00:00', '', '0000-00-00 00:00:00'),
('54100005', 'Biaya Overhead  Lainya', '541', 'Valuable', 'A', 7, 'No', '', '0000-00-00 00:00:00', '', '0000-00-00 00:00:00'),
('542', 'Biaya Overhead Kandang ( Farming )', '54', 'Header', '', 3, 'No', '', '0000-00-00 00:00:00', '', '0000-00-00 00:00:00'),
('54200001', 'Biaya Sewa Kandang', '542', 'Valuable', 'A', 7, 'No', '', '0000-00-00 00:00:00', '', '0000-00-00 00:00:00'),
('54200002', 'Biaya Listrik Kandang', '542', 'Valuable', 'A', 7, 'No', '', '0000-00-00 00:00:00', '', '0000-00-00 00:00:00'),
('54200003', 'Sparepart & Material Kandang', '542', 'Valuable', 'A', 7, 'No', '', '0000-00-00 00:00:00', '', '0000-00-00 00:00:00'),
('54200004', 'Biaya Penyusutan Peralatan Kandang', '542', 'Valuable', 'A', 7, 'No', '', '0000-00-00 00:00:00', '', '0000-00-00 00:00:00'),
('54200005', 'Biaya Overhead Kandang Lainya', '542', 'Valuable', 'A', 7, 'No', '', '0000-00-00 00:00:00', '', '0000-00-00 00:00:00'),
('54200006', 'Biaya Transport Mutasi', '542', 'Valuable', 'A', 7, 'No', '', '0000-00-00 00:00:00', '', '0000-00-00 00:00:00'),
('54200007', 'BOP Kandang', '542', 'Valuable', 'A', 7, 'No', '', '0000-00-00 00:00:00', '', '0000-00-00 00:00:00'),
('54200008', 'Biaya Insentif Produksi', '542', 'Valuable', 'A', 7, 'No', '', '0000-00-00 00:00:00', '', '0000-00-00 00:00:00'),
('54200009', 'Biaya Pengangkutan dan Pengiriman', '542', 'Valuable', 'A', 7, 'No', '', '0000-00-00 00:00:00', '', '0000-00-00 00:00:00'),
('54200010', 'Biaya Penyusutan Mesin', '542', 'Valuable', 'A', 7, 'No', '', '0000-00-00 00:00:00', '', '0000-00-00 00:00:00'),
('54200011', 'Biaya Sewa', '542', 'Valuable', 'A', 7, 'No', '', '0000-00-00 00:00:00', '', '0000-00-00 00:00:00'),
('55', 'Susut', '5', 'Header', '', 2, 'No', '', '2023-02-08 09:42:45', 'admin', '0000-00-00 00:00:00'),
('5501', 'Susut Timbangan', '55', 'Header', '', 4, 'No', 'admin', '2023-03-08 20:47:01', '', '0000-00-00 00:00:00'),
('55010001', 'Tandan Buah Segar (TBS)', '5501', 'Valuable', 'A', 7, 'No', 'admin', '2023-03-08 20:53:45', 'admin', '0000-00-00 00:00:00'),
('55010002', 'Kernel Sawit (KS)', '5501', 'Valuable', 'A', 7, 'No', 'admin', '2023-03-08 20:54:14', '', '0000-00-00 00:00:00'),
('55010003', 'Hight Acid Crude Palm Oil (HCPO)', '5501', 'Valuable', 'A', 7, 'No', 'admin', '2023-03-08 20:55:07', '', '0000-00-00 00:00:00'),
('55010004', 'Crude Palm Oil (CPO)', '5501', 'Valuable', 'A', 7, 'No', 'admin', '2023-03-08 20:55:34', '', '0000-00-00 00:00:00'),
('55010005', 'Minyak Curah (CP10)', '5501', 'Valuable', 'A', 7, 'No', 'admin', '2023-03-08 20:56:02', '', '0000-00-00 00:00:00'),
('55010006', 'Palm Fatty Acid Destilate (PFAD)', '5501', 'Valuable', 'A', 7, 'No', 'admin', '2023-03-08 20:56:40', '', '0000-00-00 00:00:00'),
('55010007', 'Palm Kernel Oil (PKO)', '5501', 'Valuable', 'A', 7, 'No', 'admin', '2023-03-08 20:56:54', '', '0000-00-00 00:00:00'),
('55010008', 'Cangkang Sawit (CS)', '5501', 'Valuable', 'A', 7, 'No', 'admin', '2023-03-08 20:57:25', '', '0000-00-00 00:00:00'),
('55010009', 'Bungkil Sawit (BS)', '5501', 'Valuable', 'A', 7, 'No', 'admin', '2023-03-08 20:57:51', '', '0000-00-00 00:00:00'),
('55010010', 'Jelantah (UCO/CNO)', '5501', 'Valuable', 'A', 7, 'No', 'admin', '2023-03-08 20:58:17', '', '0000-00-00 00:00:00'),
('5502', 'Susut Penyesuaian', '55', 'Header', '', 4, 'No', 'admin', '2023-03-08 20:47:28', '', '0000-00-00 00:00:00'),
('55020001', 'Susut Penyesuaian', '5502', 'Valuable', 'A', 7, 'No', 'admin', '2023-03-08 20:49:41', '', '0000-00-00 00:00:00'),
('57', 'Harga Pokok Produksi', '5', 'Header', '', 2, 'No', '', '0000-00-00 00:00:00', '', '0000-00-00 00:00:00'),
('5701', 'Saldo Awal', '57', 'Header', '', 4, 'No', 'admin', '2023-02-09 07:17:04', 'admin', '0000-00-00 00:00:00'),
('57010001', 'Tandan Buah Segar (TBS)', '5701', 'Valuable', 'A', 7, 'No', 'admin', '2023-02-09 07:28:39', '', '0000-00-00 00:00:00'),
('57010002', 'Kernel Sawit (KS)', '5701', 'Valuable', 'A', 7, 'No', 'admin', '2023-02-09 07:28:55', '', '0000-00-00 00:00:00'),
('57010003', 'Hight Acid Crude Palm Oil (HCPO)', '5701', 'Valuable', 'A', 7, 'No', 'admin', '2023-02-09 07:29:11', '', '0000-00-00 00:00:00'),
('57010004', 'Crude Palm Oil (CPO)', '5701', 'Valuable', 'A', 7, 'No', 'admin', '2023-02-09 07:37:47', '', '0000-00-00 00:00:00'),
('57010005', 'Minyak Curah (CP10)', '5701', 'Valuable', 'A', 7, 'No', 'admin', '2023-02-09 07:37:59', '', '0000-00-00 00:00:00'),
('57010006', 'Palm Fatty Acid Destilate (PFAD)', '5701', 'Valuable', 'A', 7, 'No', 'admin', '2023-02-09 07:38:17', '', '0000-00-00 00:00:00'),
('57010007', 'Palm Kernel Oil (PKO)', '5701', 'Valuable', 'A', 7, 'No', 'admin', '2023-02-09 07:38:33', '', '0000-00-00 00:00:00'),
('57010008', 'Cangkang Sawit (CS)', '5701', 'Valuable', 'A', 7, 'No', 'admin', '2023-02-09 07:38:47', '', '0000-00-00 00:00:00'),
('57010009', 'Bungkil Sawit (BS)', '5701', 'Valuable', 'A', 7, 'No', 'admin', '2023-02-09 07:39:02', '', '0000-00-00 00:00:00'),
('57010010', 'Jelantah (UCO/CNO)', '5701', 'Valuable', 'A', 7, 'No', 'admin', '2023-02-09 07:39:18', '', '0000-00-00 00:00:00'),
('5702', 'Saldo Akhir', '57', 'Header', '', 4, 'No', 'admin', '2023-02-09 07:17:13', 'admin', '0000-00-00 00:00:00'),
('57020001', 'Tandan Buah Segar (TBS)', '5702', 'Valuable', 'A', 7, 'No', 'admin', '2023-02-09 07:39:52', '', '0000-00-00 00:00:00'),
('57020002', 'Kernel Sawit (KS)', '5702', 'Valuable', 'A', 7, 'No', 'admin', '2023-02-09 07:40:19', '', '0000-00-00 00:00:00'),
('57020003', 'Hight Acid Crude Palm Oil (HCPO)', '5702', 'Valuable', 'A', 7, 'No', 'admin', '2023-02-09 07:40:33', '', '0000-00-00 00:00:00'),
('57020004', 'Crude Palm Oil (CPO)', '5702', 'Valuable', 'A', 7, 'No', 'admin', '2023-02-09 07:40:48', '', '0000-00-00 00:00:00'),
('57020005', 'Minyak Curah (CP10)', '5702', 'Valuable', 'A', 7, 'No', 'admin', '2023-02-09 07:41:04', '', '0000-00-00 00:00:00'),
('57020006', 'Palm Fatty Acid Destilate (PFAD)', '5702', 'Valuable', 'A', 7, 'No', 'admin', '2023-02-09 07:41:21', '', '0000-00-00 00:00:00'),
('57020007', 'Palm Kernel Oil (PKO)', '5702', 'Valuable', 'A', 7, 'No', 'admin', '2023-02-09 07:41:37', '', '0000-00-00 00:00:00'),
('57020008', 'Cangkang Sawit (CS)', '5702', 'Valuable', 'A', 7, 'No', 'admin', '2023-02-09 07:41:58', '', '0000-00-00 00:00:00'),
('57020009', 'Bungkil Sawit (BS)', '5702', 'Valuable', 'A', 7, 'No', 'admin', '2023-02-09 07:42:48', '', '0000-00-00 00:00:00'),
('57020010', 'Jelantah (UCO/CNO)', '5702', 'Valuable', 'A', 7, 'No', 'admin', '2023-02-09 07:43:03', '', '0000-00-00 00:00:00'),
('5703', 'Pembelian', '57', 'Header', '', 4, 'No', 'admin', '2023-02-09 07:16:35', '', '0000-00-00 00:00:00'),
('57030001', 'Tandan Buah Segar (TBS)', '5703', 'Valuable', 'A', 7, 'No', 'admin', '2023-02-09 07:43:23', '', '0000-00-00 00:00:00'),
('57030002', 'Kernel Sawit (KS)', '5703', 'Valuable', 'A', 7, 'No', 'admin', '2023-02-09 08:09:19', '', '0000-00-00 00:00:00'),
('57030003', 'Hight Acid Crude Palm Oil (HCPO)', '5703', 'Valuable', 'A', 7, 'No', 'admin', '2023-02-09 08:09:34', '', '0000-00-00 00:00:00'),
('57030004', 'Crude Palm Oil (CPO)', '5703', 'Valuable', 'A', 7, 'No', 'admin', '2023-02-09 08:09:48', '', '0000-00-00 00:00:00'),
('57030005', 'Minyak Curah (CP10)', '5703', 'Valuable', 'A', 7, 'No', 'admin', '2023-02-09 08:10:05', '', '0000-00-00 00:00:00'),
('57030006', 'Palm Fatty Acid Destilate (PFAD)', '5703', 'Valuable', 'A', 7, 'No', 'admin', '2023-02-09 08:10:20', '', '0000-00-00 00:00:00'),
('57030007', 'Palm Kernel Oil (PKO)', '5703', 'Valuable', 'A', 7, 'No', 'admin', '2023-02-09 08:10:35', '', '0000-00-00 00:00:00'),
('57030008', 'Cangkang Sawit (CS)', '5703', 'Valuable', 'A', 7, 'No', 'admin', '2023-02-09 08:10:49', '', '0000-00-00 00:00:00'),
('57030009', 'Bungkil Sawit (BS)', '5703', 'Valuable', 'A', 7, 'No', 'admin', '2023-02-09 08:11:04', '', '0000-00-00 00:00:00'),
('57030010', 'Jelantah (UCO/CNO)', '5703', 'Valuable', 'A', 7, 'No', 'admin', '2023-02-09 08:11:19', '', '0000-00-00 00:00:00'),
('5704', 'Biaya Transport', '57', 'Header', '', 4, 'No', 'admin', '2023-02-09 07:16:59', '', '0000-00-00 00:00:00'),
('5705', 'Biaya Bongkar', '57', 'Header', '', 4, 'No', 'admin', '2023-02-09 07:18:18', '', '0000-00-00 00:00:00'),
('5706', 'Biaya Penyusutan', '57', 'Header', '', 4, 'No', 'admin', '2023-02-09 07:18:31', '', '0000-00-00 00:00:00'),
('57060001', 'Tandan Buah Segar (TBS)', '5706', 'Valuable', 'A', 7, 'No', 'admin', '2023-02-09 08:12:31', '', '0000-00-00 00:00:00'),
('57060002', 'Kernel Sawit (KS)', '5706', 'Valuable', 'A', 7, 'No', 'admin', '2023-02-09 08:12:46', '', '0000-00-00 00:00:00'),
('57060003', 'Hight Acid Crude Palm Oil (HCPO)', '5706', 'Valuable', 'A', 7, 'No', 'admin', '2023-02-09 08:13:00', '', '0000-00-00 00:00:00'),
('57060004', 'Crude Palm Oil (CPO)', '5706', 'Valuable', 'A', 7, 'No', 'admin', '2023-02-09 08:13:14', '', '0000-00-00 00:00:00'),
('57060005', 'Minyak Curah (CP10)', '5706', 'Valuable', 'A', 7, 'No', 'admin', '2023-02-09 08:13:28', '', '0000-00-00 00:00:00'),
('57060006', 'Palm Fatty Acid Destilate (PFAD)', '5706', 'Valuable', 'A', 7, 'No', 'admin', '2023-02-09 08:13:43', '', '0000-00-00 00:00:00'),
('57060007', 'Palm Kernel Oil (PKO)', '5706', 'Valuable', 'A', 7, 'No', 'admin', '2023-02-09 08:13:56', '', '0000-00-00 00:00:00'),
('57060008', 'Cangkang Sawit (CS)', '5706', 'Valuable', 'A', 7, 'No', 'admin', '2023-02-09 08:14:08', '', '0000-00-00 00:00:00'),
('57060009', 'Bungkil Sawit (BS)', '5706', 'Valuable', 'A', 7, 'No', 'admin', '2023-02-09 08:15:44', '', '0000-00-00 00:00:00'),
('57060010', 'Jelantah (UCO/CNO)', '5706', 'Valuable', 'A', 7, 'No', 'admin', '2023-02-09 08:16:04', '', '0000-00-00 00:00:00'),
('5707', 'Retur Pembelian', '57', 'Header', '', 4, 'No', 'admin', '2023-02-09 07:18:44', '', '0000-00-00 00:00:00'),
('57070001', 'Tandan Buah Segar (TBS)', '5707', 'Valuable', 'A', 7, 'No', 'admin', '2023-02-09 09:07:26', '', '0000-00-00 00:00:00'),
('57070002', 'Kernel Sawit (KS)', '5707', 'Valuable', 'A', 7, 'No', 'admin', '2023-02-09 09:07:45', '', '0000-00-00 00:00:00'),
('57070003', 'Hight Acid Crude Palm Oil (HCPO)', '5707', 'Valuable', 'A', 7, 'No', 'admin', '2023-02-09 09:07:57', '', '0000-00-00 00:00:00'),
('57070004', 'Crude Palm Oil (CPO)', '5707', 'Valuable', 'A', 7, 'No', 'admin', '2023-02-09 09:08:11', '', '0000-00-00 00:00:00'),
('57070005', 'Minyak Curah (CP10)', '5707', 'Valuable', 'A', 7, 'No', 'admin', '2023-02-09 09:08:25', '', '0000-00-00 00:00:00'),
('57070006', 'Palm Fatty Acid Destilate (PFAD)', '5707', 'Valuable', 'A', 7, 'No', 'admin', '2023-02-09 09:08:40', '', '0000-00-00 00:00:00'),
('57070007', 'Palm Kernel Oil (PKO)', '5707', 'Valuable', 'A', 7, 'No', 'admin', '2023-02-09 09:09:09', '', '0000-00-00 00:00:00'),
('57070008', 'Cangkang Sawit (CS)', '5707', 'Valuable', 'A', 7, 'No', 'admin', '2023-02-09 09:09:22', '', '0000-00-00 00:00:00'),
('57070009', 'Bungkil Sawit (BS)', '5707', 'Valuable', 'A', 7, 'No', 'admin', '2023-02-09 09:09:37', '', '0000-00-00 00:00:00'),
('57070010', 'Jelantah (UCO/CNO)', '5707', 'Valuable', 'A', 7, 'No', 'admin', '2023-02-09 09:09:58', '', '0000-00-00 00:00:00'),
('5708', 'Potongan Pembelian', '57', 'Header', '', 4, 'No', 'admin', '2023-02-09 07:18:59', '', '0000-00-00 00:00:00'),
('57080001', 'Tandan Buah Segar (TBS)', '5708', 'Valuable', 'A', 7, 'No', 'admin', '2023-02-09 09:10:26', '', '0000-00-00 00:00:00'),
('57080002', 'Kernel Sawit (KS)', '5708', 'Valuable', 'A', 7, 'No', 'admin', '2023-02-09 09:10:39', '', '0000-00-00 00:00:00'),
('57080003', 'Hight Acid Crude Palm Oil (HCPO)', '5708', 'Valuable', 'A', 7, 'No', 'admin', '2023-02-09 09:10:52', '', '0000-00-00 00:00:00'),
('57080004', 'Crude Palm Oil (CPO)', '5708', 'Valuable', 'A', 7, 'No', 'admin', '2023-02-09 09:11:06', '', '0000-00-00 00:00:00'),
('57080005', 'Minyak Curah (CP10)', '5708', 'Valuable', 'A', 7, 'No', 'admin', '2023-02-09 09:11:18', '', '0000-00-00 00:00:00'),
('57080006', 'Palm Fatty Acid Destilate (PFAD)', '5708', 'Valuable', 'A', 7, 'No', 'admin', '2023-02-09 09:11:33', '', '0000-00-00 00:00:00'),
('57080007', 'Palm Kernel Oil (PKO)', '5708', 'Valuable', 'A', 7, 'No', 'admin', '2023-02-09 09:11:48', '', '0000-00-00 00:00:00'),
('57080008', 'Cangkang Sawit (CS)', '5708', 'Valuable', 'A', 7, 'No', 'admin', '2023-02-09 09:12:02', '', '0000-00-00 00:00:00'),
('57080009', 'Bungkil Sawit (BS)', '5708', 'Valuable', 'A', 7, 'No', 'admin', '2023-02-09 09:12:16', '', '0000-00-00 00:00:00'),
('57080010', 'Jelantah (UCO/CNO)', '5708', 'Valuable', 'A', 7, 'No', 'admin', '2023-02-09 09:12:30', '', '0000-00-00 00:00:00'),
('6', 'BIAYA USAHA', '', 'Header', '', 1, 'No', '', '0000-00-00 00:00:00', '', '0000-00-00 00:00:00'),
('61', 'Biaya Pegawai', '6', 'Header', '', 2, 'No', '', '0000-00-00 00:00:00', '', '0000-00-00 00:00:00'),
('61000001', 'Biaya Gaji', '61', 'Valuable', 'A', 7, 'No', '', '0000-00-00 00:00:00', '', '0000-00-00 00:00:00'),
('61000002', 'Biaya Pengobatan', '61', 'Valuable', 'A', 7, 'No', '', '0000-00-00 00:00:00', '', '0000-00-00 00:00:00'),
('61000003', 'BPJS-Ketenagakerjaan', '61', 'Valuable', 'A', 7, 'No', '', '0000-00-00 00:00:00', '', '0000-00-00 00:00:00'),
('61000004', 'BPJS-Kesehatan', '61', 'Valuable', 'A', 7, 'No', '', '0000-00-00 00:00:00', '', '0000-00-00 00:00:00'),
('61000005', 'Beban Pajak Pph 21', '61', 'Valuable', 'A', 7, 'No', '', '0000-00-00 00:00:00', '', '0000-00-00 00:00:00'),
('61000006', 'Biaya Overime (Lembur)', '61', 'Valuable', 'A', 7, 'No', '', '0000-00-00 00:00:00', '', '0000-00-00 00:00:00'),
('62', 'Biaya Pemasaran', '6', 'Header', '', 2, 'No', '', '0000-00-00 00:00:00', '', '0000-00-00 00:00:00'),
('62000001', 'Beban Gaji dan Tunjangan', '62', 'Valuable', 'A', 7, 'No', '', '0000-00-00 00:00:00', '', '0000-00-00 00:00:00'),
('62000002', 'Komisi Penjualan', '62', 'Valuable', 'A', 7, 'No', '', '0000-00-00 00:00:00', '', '0000-00-00 00:00:00'),
('62000003', 'Beban Pengangkutan dan pengiriman', '62', 'Valuable', 'A', 7, 'No', '', '0000-00-00 00:00:00', '', '0000-00-00 00:00:00'),
('62000004', 'Iklan & Promosi', '62', 'Valuable', 'A', 7, 'No', '', '0000-00-00 00:00:00', '', '0000-00-00 00:00:00'),
('62000005', 'Biaya lain-lain', '62', 'Valuable', 'A', 7, 'No', '', '0000-00-00 00:00:00', '', '0000-00-00 00:00:00'),
('63', 'Biaya Adm & Umum', '6', 'Header', '', 2, 'No', '', '0000-00-00 00:00:00', '', '0000-00-00 00:00:00'),
('63000001', 'Biaya Kebutuhan Kantor', '63', 'Valuable', 'A', 7, 'No', '', '0000-00-00 00:00:00', '', '0000-00-00 00:00:00'),
('63000002', 'Biaya Kebutuhan HO', '63', 'Valuable', 'A', 7, 'No', '', '0000-00-00 00:00:00', '', '0000-00-00 00:00:00'),
('63000003', 'Biaya RT', '63', 'Valuable', 'A', 7, 'No', '', '0000-00-00 00:00:00', '', '0000-00-00 00:00:00'),
('63000004', 'Biaya Kebutuhan Kandang-Gudang', '63', 'Valuable', 'A', 7, 'No', '', '0000-00-00 00:00:00', '', '0000-00-00 00:00:00'),
('63000005', 'Biaya Pemeliharaan Kendaraan', '63', 'Valuable', 'A', 7, 'No', '', '0000-00-00 00:00:00', '', '0000-00-00 00:00:00'),
('63000006', 'Biaya Pemeliharaan Lain-lain', '63', 'Valuable', 'A', 7, 'No', '', '0000-00-00 00:00:00', '', '0000-00-00 00:00:00'),
('63000007', 'Biaya Dinas-Entertain-Akomodasi', '63', 'Valuable', 'A', 7, 'No', '', '0000-00-00 00:00:00', '', '0000-00-00 00:00:00'),
('63000008', 'Biaya Legal', '63', 'Valuable', 'A', 7, 'No', '', '0000-00-00 00:00:00', '', '0000-00-00 00:00:00'),
('63000009', 'Biaya Penyusutan', '63', 'Valuable', 'A', 7, 'No', '', '0000-00-00 00:00:00', '', '0000-00-00 00:00:00'),
('63000010', 'Biaya BBM dan Transportasi', '63', 'Valuable', 'A', 7, 'No', '', '0000-00-00 00:00:00', '', '0000-00-00 00:00:00'),
('63000011', 'Perlengkapan/Inventaris Kantor', '63', 'Valuable', 'A', 7, 'No', '', '0000-00-00 00:00:00', '', '0000-00-00 00:00:00'),
('63000012', 'Biaya Listrik, Air dan Telepon', '63', 'Valuable', 'A', 7, 'No', '', '0000-00-00 00:00:00', '', '0000-00-00 00:00:00'),
('63000013', 'Biaya CSR', '63', 'Valuable', 'A', 7, 'No', '', '0000-00-00 00:00:00', '', '0000-00-00 00:00:00'),
('63000014', 'Biaya Lain-lain', '63', 'Valuable', 'A', 7, 'No', '', '0000-00-00 00:00:00', '', '0000-00-00 00:00:00'),
('63000015', 'Beban Imbalan Pasca Kerja', '63', 'Valuable', 'A', 7, 'No', '', '0000-00-00 00:00:00', '', '0000-00-00 00:00:00'),
('63000016', 'Jasa Profesional', '63', 'Valuable', 'A', 7, 'No', '', '0000-00-00 00:00:00', '', '0000-00-00 00:00:00'),
('9', 'LABA USAHA', '', 'Header', '', 1, 'No', '', '0000-00-00 00:00:00', '', '0000-00-00 00:00:00'),
('91', 'Pendapatan Lain-Lain', '9', 'Header', '', 2, 'No', '', '0000-00-00 00:00:00', '', '0000-00-00 00:00:00'),
('91000001', 'Laba Atas perubahan nilai wajar Aset Derivatif', '91', 'Valuable', 'A', 7, 'No', '', '0000-00-00 00:00:00', '', '0000-00-00 00:00:00'),
('91000002', 'Klaim Tranport', '91', 'Valuable', 'A', 7, 'No', '', '0000-00-00 00:00:00', '', '0000-00-00 00:00:00'),
('91000003', 'Laba Atas Penjualan Lain-Lain', '91', 'Valuable', 'A', 7, 'No', '', '0000-00-00 00:00:00', '', '0000-00-00 00:00:00'),
('91000004', 'Laba Neto Selisih kurs atas aktivitas Operasi', '91', 'Valuable', 'A', 7, 'No', '', '0000-00-00 00:00:00', '', '0000-00-00 00:00:00'),
('91000005', 'Laba atas Penjualan Aset Tetap', '91', 'Valuable', 'A', 7, 'No', '', '0000-00-00 00:00:00', '', '0000-00-00 00:00:00'),
('91000006', 'Klaim Asuransi', '91', 'Valuable', 'A', 7, 'No', '', '0000-00-00 00:00:00', '', '0000-00-00 00:00:00'),
('91000007', 'Penghasilan sewa', '91', 'Valuable', 'A', 7, 'No', '', '0000-00-00 00:00:00', '', '0000-00-00 00:00:00'),
('91000008', 'Lain-lain', '91', 'Valuable', 'A', 7, 'No', '', '0000-00-00 00:00:00', '', '0000-00-00 00:00:00'),
('92', 'Biaya Lain-Lain', '9', 'Header', '', 2, 'No', '', '0000-00-00 00:00:00', '', '0000-00-00 00:00:00'),
('92000001', 'Biaya Adm Bank', '92', 'Valuable', 'A', 7, 'No', '', '0000-00-00 00:00:00', '', '0000-00-00 00:00:00'),
('92000002', 'Unrealized Loss From Foreign Currency', '92', 'Valuable', 'A', 7, 'No', '', '0000-00-00 00:00:00', '', '0000-00-00 00:00:00');
INSERT INTO `frs_accounting_chart` (`account`, `name`, `header`, `category`, `type`, `level`, `blocked`, `create_user`, `create_date`, `modified_user`, `modified_date`) VALUES
('92000003', 'Loss From Sale of Fixed Assets', '92', 'Valuable', 'A', 7, 'No', '', '0000-00-00 00:00:00', '', '0000-00-00 00:00:00'),
('92000004', 'Interest Expense', '92', 'Valuable', 'A', 7, 'No', '', '0000-00-00 00:00:00', '', '0000-00-00 00:00:00'),
('92000005', 'Tax Expense', '92', 'Valuable', 'A', 7, 'No', '', '0000-00-00 00:00:00', '', '0000-00-00 00:00:00'),
('92000006', 'Biaya provisi kredit', '92', 'Valuable', 'A', 7, 'No', '', '0000-00-00 00:00:00', '', '0000-00-00 00:00:00'),
('92000007', 'Pelunasan dipercepat atas utang obligasi', '92', 'Valuable', 'A', 7, 'No', '', '0000-00-00 00:00:00', '', '0000-00-00 00:00:00'),
('92000008', 'Penyisihan kerugian penurunan nilai piutang usaha', '92', 'Valuable', 'A', 7, 'No', '', '0000-00-00 00:00:00', '', '0000-00-00 00:00:00'),
('92000009', 'Penyisihan persediaan usang', '92', 'Valuable', 'A', 7, 'No', '', '0000-00-00 00:00:00', '', '0000-00-00 00:00:00'),
('92000010', 'Cadangan penurunan nilai persediaan', '92', 'Valuable', 'A', 7, 'No', '', '0000-00-00 00:00:00', '', '0000-00-00 00:00:00'),
('92000011', 'Lain-lain', '92', 'Valuable', 'A', 7, 'No', '', '0000-00-00 00:00:00', '', '0000-00-00 00:00:00'),
('92000012', 'Pendapatan Keuangan', '92', 'Valuable', 'A', 7, 'No', '', '0000-00-00 00:00:00', '', '0000-00-00 00:00:00'),
('92000013', 'Pendapatan bunga atas Jasa Giro', '92', 'Valuable', 'A', 7, 'No', '', '0000-00-00 00:00:00', '', '0000-00-00 00:00:00'),
('92000014', 'Pendapatan bunga atas Deposito Berjangka', '92', 'Valuable', 'A', 7, 'No', '', '0000-00-00 00:00:00', '', '0000-00-00 00:00:00'),
('92000015', 'Laba neto selisih kurs atas aktivitas pendanaan', '92', 'Valuable', 'A', 7, 'No', '', '0000-00-00 00:00:00', '', '0000-00-00 00:00:00'),
('92000016', 'Biaya Keuangan', '92', 'Valuable', 'A', 7, 'No', '', '0000-00-00 00:00:00', '', '0000-00-00 00:00:00'),
('93', 'Beban bunga atas Utang Obligasi', '9', 'Header', '', 2, 'No', '', '0000-00-00 00:00:00', '', '0000-00-00 00:00:00'),
('93000001', 'Beban bunga atas Utang Bank Jangka Pendek', '93', 'Valuable', 'A', 7, 'No', '', '0000-00-00 00:00:00', '', '0000-00-00 00:00:00'),
('93000002', 'Beban bunga atas Utang Bank Jangka Panjang', '93', 'Valuable', 'A', 7, 'No', '', '0000-00-00 00:00:00', '', '0000-00-00 00:00:00'),
('93000003', 'Beban bunga atas Utang Sewa Pembiayaan', '93', 'Valuable', 'A', 7, 'No', '', '0000-00-00 00:00:00', '', '0000-00-00 00:00:00'),
('94', 'Pembiayaan atas perolehan ases tetap', '9', 'Header', '', 2, 'No', '', '0000-00-00 00:00:00', '', '0000-00-00 00:00:00'),
('94000001', 'Rugi neto selisih kurs atas aktivitas pendanaan', '94', 'Valuable', 'A', 7, 'No', '', '0000-00-00 00:00:00', '', '0000-00-00 00:00:00'),
('94000002', 'Biaya Provisi', '94', 'Valuable', 'A', 7, 'No', '', '0000-00-00 00:00:00', '', '0000-00-00 00:00:00');

-- --------------------------------------------------------

--
-- Table structure for table `frs_accounting_general_ledger`
--

CREATE TABLE `frs_accounting_general_ledger` (
  `item_id` int(11) NOT NULL,
  `journal_no` char(15) NOT NULL,
  `account_general_ledger` char(15) NOT NULL,
  `trx_id` char(25) NOT NULL,
  `criteria_id` char(2) NOT NULL,
  `reference_no` char(25) NOT NULL,
  `qty_unit` double NOT NULL,
  `amount` double NOT NULL,
  `create_user` char(35) NOT NULL,
  `create_date` datetime NOT NULL
) ENGINE=InnoDB DEFAULT CHARSET=latin1;

--
-- Dumping data for table `frs_accounting_general_ledger`
--

INSERT INTO `frs_accounting_general_ledger` (`item_id`, `journal_no`, `account_general_ledger`, `trx_id`, `criteria_id`, `reference_no`, `qty_unit`, `amount`, `create_user`, `create_date`) VALUES
(13087, 'JP0902230001', '', 'FG0004', 'D', '', 10000, 70000000, 'admin', '2023-02-09 13:11:23'),
(13088, 'JP0902230001', '', '', 'C', '', 0, 70000000, 'admin', '2023-02-09 13:11:23'),
(13092, 'BK2102230001', '11121101', '', 'C', '0001/PA/II/23', 0, 0, 'admin', '2023-02-21 08:53:35'),
(13094, 'BK2102230002', '11121101', '', 'C', '0001/PREQ/II/23', 0, 0, 'admin', '2023-02-21 08:49:24'),
(13096, 'BK2102230003', '11600001', '', 'D', '0002/PA/II/23', 0, 1000, 'admin', '2023-02-21 12:58:26'),
(13097, 'BK2102230003', '11121101', '', 'C', '0002/PA/II/23', 0, 1000, 'admin', '2023-02-21 12:58:26'),
(13098, 'BK2102230004', '11600001', '', 'D', '0003/PA/II/23', 0, 1000, 'admin', '2023-02-21 13:05:30'),
(13099, 'BK2102230004', '11121101', '', 'C', '0003/PA/II/23', 0, 1000, 'admin', '2023-02-21 13:05:30'),
(13100, 'BK2102230005', '11600001', '', 'D', '0004/PA/II/23', 0, 200, 'admin', '2023-02-21 13:05:45'),
(13101, 'BK2102230005', '11121101', '', 'C', '0004/PA/II/23', 0, 200, 'admin', '2023-02-21 13:05:45'),
(13103, 'JP0902230002', '21210002', '', 'C', '', 0, 178640, 'admin', '2023-03-08 04:41:22'),
(13104, 'JP0503230001', '', 'SP0001', 'D', '', 10, 45000000, 'admin', '2023-03-05 22:04:10'),
(13105, 'JP0503230001', '', '', 'C', '', 0, 45000000, 'admin', '2023-03-05 22:04:10'),
(13106, 'JP0902230002', '11440004', 'FG0004', 'D', '', 25.52, 178640, 'admin', '2023-03-08 04:41:22'),
(13111, 'JI2402230001', '11460003', 'FG0004', 'D', '', 10.5, 10.5, 'admin', '2023-03-08 23:28:18'),
(13112, 'JI2402230001', '11440004', 'FG0004', 'C', '', 0, 10.5, 'admin', '2023-03-08 23:28:18'),
(13128, 'JS0803230001', '11210001', '', 'D', '0001/SI/III/23', 0, 90000, 'admin', '2023-03-09 05:31:17'),
(13129, 'JS0803230001', '43000004', '', 'D', '0001/SI/III/23', 0, 5000, 'admin', '2023-03-09 05:31:17'),
(13130, 'JS0803230001', '57030004', 'FG0004', 'D', '', 10, 10, 'admin', '2023-03-09 05:31:17'),
(13131, 'JS0803230001', '41000004', '', 'C', '0001/SI/III/23', 0, 95000, 'admin', '2023-03-09 05:31:17'),
(13133, 'JS0803230001', '11210002', 'FG0004', 'C', '', 10, 10, 'admin', '2023-03-09 05:31:17'),
(13135, 'BM1003230001', '11210001', '', 'C', '0001/SI/III/23', 0, 0, 'admin', '2023-03-30 01:21:59'),
(13136, 'KK2601230001', '54100003', '', 'D', '0001/OP/I/23', 0, 1500, 'admin', '2023-03-30 00:35:47'),
(13137, 'KK2601230001', '11111001', '', 'C', '0001/OP/I/23', 0, 1500, 'admin', '2023-03-30 00:35:47'),
(13139, 'BK2601230001', '11121101', '', 'C', '0002/OP/I/23', 0, 3250, 'admin', '2023-03-30 00:55:07'),
(13140, 'CM2601230001', '11111001', '', 'D', '0001/OR/I/23', 0, 525, 'admin', '2023-03-30 00:57:12'),
(13142, 'CM2601230001', '11121101', '', 'C', '0001/OR/I/23', 0, 525, 'admin', '2023-03-30 00:57:12'),
(13143, 'BM2601230001', '11121101', '', 'D', '0002/OR/I/23', 0, 150, 'admin', '2023-03-30 00:58:47'),
(13144, 'BM2601230001', '11111001', '', 'C', '0002/OR/I/23', 0, 150, 'admin', '2023-03-30 00:58:47'),
(13145, 'BM1003230001', '11111001', '', 'D', '0001/SR/III/23', 0, 0, 'admin', '2023-03-30 01:21:59'),
(13146, 'BM0101230002', '11121101', '', 'D', '0002/SR/III/23', 0, 2000, 'admin', '2023-03-30 01:15:24'),
(13147, 'BM0101230002', '11210001', '', 'C', '0001/SI/III/23', 0, 2000, 'admin', '2023-03-30 01:15:24'),
(13148, 'CM2601230002', '11111001', '', 'D', '0003/SR/I/23', 0, 18000, 'admin', '2023-03-30 01:30:01'),
(13149, 'CM2601230002', '11210001', '', 'C', '0001/SI/III/23', 0, 18000, 'admin', '2023-03-30 01:30:01'),
(13150, 'JP0504230001', '21210002', '', 'D', 'JP0902230002', 0, 178640, 'admin', '2023-04-09 22:15:49'),
(13151, 'JP0504230001', '21210001', '', 'C', '', 0, 127600, 'admin', '2023-04-09 22:15:49'),
(13152, 'JP0504230001', '11440004', 'FG0004', 'C', '0002/GR/II/23', 0, 51040, 'admin', '2023-04-09 22:15:49');

-- --------------------------------------------------------

--
-- Table structure for table `frs_accounting_journal`
--

CREATE TABLE `frs_accounting_journal` (
  `category` char(25) NOT NULL,
  `sub_category` char(25) NOT NULL,
  `no` int(11) NOT NULL,
  `journal_no` char(25) NOT NULL,
  `journal_date` date NOT NULL,
  `description` char(150) NOT NULL,
  `reference_no` char(25) NOT NULL,
  `source_no` char(25) NOT NULL,
  `account_vendor` char(15) NOT NULL,
  `account_department` char(15) NOT NULL,
  `account_customer` char(15) NOT NULL,
  `payment_request_no` char(25) NOT NULL,
  `summary_reject` char(100) NOT NULL,
  `update_no_1` char(15) NOT NULL,
  `update_no_2` char(15) NOT NULL,
  `currency` char(3) NOT NULL,
  `category_book` char(1) NOT NULL,
  `source` char(15) NOT NULL,
  `status_id` char(2) NOT NULL,
  `transaction` char(5) NOT NULL,
  `create_user` char(35) NOT NULL,
  `create_date` datetime NOT NULL,
  `modified_user` char(35) NOT NULL,
  `modified_date` datetime NOT NULL,
  `verified_user` char(35) NOT NULL,
  `verified_date` datetime NOT NULL
) ENGINE=InnoDB DEFAULT CHARSET=latin1;

--
-- Dumping data for table `frs_accounting_journal`
--

INSERT INTO `frs_accounting_journal` (`category`, `sub_category`, `no`, `journal_no`, `journal_date`, `description`, `reference_no`, `source_no`, `account_vendor`, `account_department`, `account_customer`, `payment_request_no`, `summary_reject`, `update_no_1`, `update_no_2`, `currency`, `category_book`, `source`, `status_id`, `transaction`, `create_user`, `create_date`, `modified_user`, `modified_date`, `verified_user`, `verified_date`) VALUES
('BANK', 'OUT', 1, 'BK2102230001', '2023-02-21', 'Uang muka', '0001/PA/II/23', '0001/PREQ/II/23', 'V0001', '', '', '', '', '', '', 'IDR', '1', 'PA', '21', '', 'admin', '2023-02-21 08:31:57', '', '0000-00-00 00:00:00', '', '0000-00-00 00:00:00'),
('BANK', 'OUT', 2, 'BK2102230002', '2023-02-21', 'Uang muka', '0001/PREQ/II/23', '0001/PA/II/23', 'V0001', '', '', '', '', '', '', 'IDR', '1', 'PA', '21', '', 'admin', '2023-02-21 08:49:24', '', '0000-00-00 00:00:00', '', '0000-00-00 00:00:00'),
('BANK', 'OUT', 3, 'BK2102230003', '2023-02-21', 'Uang muka', '0002/PA/II/23', '0001/PREQ/II/23', 'V0001', '', '', '', '', '', '', 'IDR', '1', 'PA', '21', '', 'admin', '2023-02-21 12:58:26', '', '0000-00-00 00:00:00', '', '0000-00-00 00:00:00'),
('BANK', 'OUT', 4, 'BK2102230004', '2023-02-21', 'Uang Muka Pembelian', '0003/PA/II/23', '0002/PREQ/II/23', 'V0001', '', '', '', '', '', '', 'IDR', '1', 'PA', '21', '', 'admin', '2023-02-21 13:05:30', '', '0000-00-00 00:00:00', '', '0000-00-00 00:00:00'),
('BANK', 'OUT', 5, 'BK2102230005', '2023-02-21', 'Uang Muka Pembelian', '0004/PA/II/23', '0002/PREQ/II/23', 'V0001', '', '', '', '', '', '', 'IDR', '1', 'PA', '21', '', 'admin', '2023-02-21 13:05:45', '', '0000-00-00 00:00:00', '', '0000-00-00 00:00:00'),
('Bank', 'Out', 1, 'BK2601230001', '2023-01-26', 'Pembayaran', '0002/OP/I/23', '-', '', '', '', '', '', '', '', 'IDR', '1', 'OP', '21', '', 'admin', '2023-03-30 00:44:29', '', '0000-00-00 00:00:00', '', '0000-00-00 00:00:00'),
('Bank', 'In', 2, 'BM0101230002', '2023-01-01', 'Penerimaan', '0002/SR/III/23', '-', '', '', 'C0008', '', '', '', '', 'IDR', '1', 'SR', '21', '', 'admin', '2023-03-30 01:15:24', '', '0000-00-00 00:00:00', '', '0000-00-00 00:00:00'),
('Bank', 'In', 1, 'BM1003230001', '2023-01-10', 'Penerimaan', '0001/SR/III/23', '-', '', '', 'C0008', '', '', '', '', 'IDR', '1', 'SR', '21', '', 'admin', '2023-03-30 01:21:59', '', '0000-00-00 00:00:00', '', '0000-00-00 00:00:00'),
('Bank', 'In', 1, 'BM2601230001', '2023-01-26', 'Penerimaan', '0002/OR/I/23', '-', '', '', '', '', '', '', '', 'IDR', '1', 'OR', '21', '', 'admin', '2023-03-30 00:58:47', '', '0000-00-00 00:00:00', '', '0000-00-00 00:00:00'),
('Kas', 'In', 1, 'CM2601230001', '2023-01-26', 'Penerimaan', '0001/OR/I/23', '-', '', '', '', '', '', '', '', 'IDR', '1', 'OR', '21', '', 'admin', '2023-03-30 00:57:12', '', '0000-00-00 00:00:00', '', '0000-00-00 00:00:00'),
('Kas', 'In', 2, 'CM2601230002', '2023-01-26', 'Penerimaan', '0003/SR/I/23', '-', '', '', 'C0008', '', '', '', '', 'IDR', '1', 'SR', '21', '', 'admin', '2023-03-30 01:30:01', '', '0000-00-00 00:00:00', '', '0000-00-00 00:00:00'),
('Stock', '', 1, 'JI2402230001', '2023-02-24', 'Pengeluaran penjualan [00001/SO/II/23]', '0001/GI/II/23', '00001/SO/II/23', '', '', 'C0008', '', '', '', '', 'IDR', '1', 'GI', '21', '', 'admin', '2023-03-08 07:07:38', '', '0000-00-00 00:00:00', '', '0000-00-00 00:00:00'),
('Purchase', '', 1, 'JP0503230001', '2023-03-05', 'Pembelian', '0004/GR/III/23', '0003/PO/III/23', 'V0001', '', '', '', '', '', '', 'IDR', '1', 'GR', '21', '', 'admin', '2023-03-05 22:04:10', '', '0000-00-00 00:00:00', '', '0000-00-00 00:00:00'),
('Purchase', '', 1, 'JP0504230001', '2023-04-05', 'Pembayaran: Pembelian [0001/PO/II/23]', '0003/PI/IV/23', '0001/PO/II/23', 'V0001', '', '', '', '', '', '', '', '1', 'PI', '21', '', 'admin', '2023-04-09 22:15:49', '', '0000-00-00 00:00:00', '', '0000-00-00 00:00:00'),
('Purchase', '', 1, 'JP0902230001', '2023-02-09', 'Pembelian', '0001/GR/II/23', '0001/PO/II/23', 'V0001', '', '', '', '', '', '', 'IDR', '1', 'GR', '21', '', 'admin', '2023-02-09 13:11:23', '', '0000-00-00 00:00:00', '', '0000-00-00 00:00:00'),
('Purchase', '', 2, 'JP0902230002', '2023-02-09', 'Pembelian', '0002/GR/II/23', '0001/PO/II/23', 'V0001', '', '', '0003/PI/IV/23', '', '', '', 'IDR', '1', 'GR', '21', '', 'admin', '2023-02-09 14:03:32', '', '0000-00-00 00:00:00', '', '0000-00-00 00:00:00'),
('Sell', '', 1, 'JS0803230001', '2023-03-08', 'Penjualan 1', '0001/SI/III/23', '00001/SO/II/23', '', '', 'C0008', '', '', '', '', 'IDR', '1', 'SI', '21', '', 'admin', '2023-03-09 05:31:17', '', '0000-00-00 00:00:00', '', '0000-00-00 00:00:00'),
('Sell', '', 1, 'JS2402230001', '2023-02-24', 'Pengeluaran penjualan [00001/SO/II/23]', '0001/DO/II/23', '0001/GI/II/23', '', '', 'C0008', '', '', '', '', 'IDR', '1', 'DO', '21', '', 'admin', '2023-03-08 23:09:30', '', '0000-00-00 00:00:00', '', '0000-00-00 00:00:00'),
('KAS', 'OUT', 1, 'KK2601230001', '2023-01-26', 'Pembayaran', '0001/OP/I/23', '-', '', '', '', '', '', '', '', 'IDR', '1', 'OP', '21', '', 'admin', '2023-03-30 00:35:47', '', '0000-00-00 00:00:00', '', '0000-00-00 00:00:00');

-- --------------------------------------------------------

--
-- Table structure for table `frs_accounting_tax`
--

CREATE TABLE `frs_accounting_tax` (
  `id` char(10) NOT NULL,
  `description` char(35) NOT NULL,
  `rate` double NOT NULL,
  `coa_sales` char(15) NOT NULL,
  `coa_purchase` char(15) NOT NULL,
  `category` char(3) NOT NULL,
  `blocked` char(3) NOT NULL,
  `create_user` char(35) NOT NULL,
  `create_date` datetime NOT NULL,
  `modified_user` char(35) NOT NULL,
  `modified_date` datetime NOT NULL
) ENGINE=InnoDB DEFAULT CHARSET=latin1;

--
-- Dumping data for table `frs_accounting_tax`
--

INSERT INTO `frs_accounting_tax` (`id`, `description`, `rate`, `coa_sales`, `coa_purchase`, `category`, `blocked`, `create_user`, `create_date`, `modified_user`, `modified_date`) VALUES
('P23 NPWP', 'Hutang PPh 23 (2%)', 2, '1112002002', '2105001003', 'PPh', 'No', 'ria', '2022-03-29 13:30:29', 'ichsan', '2022-07-18 11:53:52'),
('P23NO', 'PPH 23 NON NPWP (4%)', 4, '1112002002', '2105001003', 'PPh', 'No', 'ria', '2022-03-29 13:31:56', 'ariq', '2022-10-21 14:22:21'),
('PPH21', 'PPH 21', 0, '2105001002', '2105001002', 'PPh', 'No', 'jamaludin', '2022-07-18 11:03:56', 'ariq', '2022-10-21 14:16:29'),
('PPH4(2)', 'PPH 4(2)', 0, '2105001006', '2105001006', 'PPh', 'No', 'jamaludin', '2022-07-18 11:03:11', 'ariq', '2022-10-21 14:23:12'),
('PPN0', 'NON PPN', 0, '21400011', '11800006', 'PPn', 'No', 'ria', '2022-03-31 13:44:28', 'admin', '2023-03-09 01:09:06'),
('PPN10', 'PPN 10%', 10, '21400011', '11800006', 'PPn', 'No', 'ria', '2022-03-29 13:24:50', 'admin', '2023-03-09 01:09:16'),
('PPN11', 'PPN 11%', 11, '21400011', '11800006', 'PPn', 'No', 'ria', '2022-03-29 10:47:54', 'admin', '2023-03-09 01:09:27');

-- --------------------------------------------------------

--
-- Table structure for table `frs_delivery_order`
--

CREATE TABLE `frs_delivery_order` (
  `no` int(11) NOT NULL,
  `delivery_order_no` char(25) NOT NULL,
  `delivery_order_date` date NOT NULL,
  `description` char(100) NOT NULL,
  `account_warehouse` char(3) NOT NULL,
  `reference_no` char(25) NOT NULL,
  `sales_order_no` char(25) NOT NULL,
  `account_customer` char(15) NOT NULL,
  `delivery_address` char(200) NOT NULL,
  `sales_invoice_no` char(25) NOT NULL,
  `fleet_no` char(25) NOT NULL,
  `driver_name` char(35) NOT NULL,
  `shipment_date` date NOT NULL,
  `summary_delivery` char(200) NOT NULL,
  `summary_reject` char(100) NOT NULL,
  `summary_shipment` char(200) NOT NULL,
  `category_book` char(1) NOT NULL,
  `status_id` char(3) NOT NULL,
  `status_trx` char(2) NOT NULL,
  `status_accept` char(3) NOT NULL,
  `create_user` char(35) NOT NULL,
  `create_date` datetime NOT NULL,
  `modified_user` char(35) NOT NULL,
  `modified_date` datetime NOT NULL,
  `approved_user` char(35) NOT NULL,
  `approved_date` datetime NOT NULL,
  `create_shipment_user` char(35) NOT NULL,
  `create_shipment_date` datetime NOT NULL
) ENGINE=InnoDB DEFAULT CHARSET=latin1;

--
-- Dumping data for table `frs_delivery_order`
--

INSERT INTO `frs_delivery_order` (`no`, `delivery_order_no`, `delivery_order_date`, `description`, `account_warehouse`, `reference_no`, `sales_order_no`, `account_customer`, `delivery_address`, `sales_invoice_no`, `fleet_no`, `driver_name`, `shipment_date`, `summary_delivery`, `summary_reject`, `summary_shipment`, `category_book`, `status_id`, `status_trx`, `status_accept`, `create_user`, `create_date`, `modified_user`, `modified_date`, `approved_user`, `approved_date`, `create_shipment_user`, `create_shipment_date`) VALUES
(1, '0001/DO/II/23', '2023-02-24', 'Pengeluaran penjualan [00001/SO/II/23]', 'W01', '0001/GI/II/23', '00001/SO/II/23', 'C0008', 'Xiamen, China', '0001/SI/III/23', 'B123', 'Asep', '0000-00-00', '', '', '', '1', '3', 'P2', '', 'admin', '2023-02-25 04:15:05', '', '0000-00-00 00:00:00', 'admin', '2023-03-08 23:28:18', '', '0000-00-00 00:00:00');

-- --------------------------------------------------------

--
-- Table structure for table `frs_delivery_order_items`
--

CREATE TABLE `frs_delivery_order_items` (
  `item_id` int(11) NOT NULL,
  `delivery_order_no` char(25) NOT NULL,
  `material_id` char(25) NOT NULL,
  `qty_unit` double NOT NULL,
  `qty_other` double NOT NULL,
  `qty_shipment` double NOT NULL,
  `qty_loss` double NOT NULL,
  `create_user` char(35) NOT NULL,
  `create_date` datetime NOT NULL
) ENGINE=InnoDB DEFAULT CHARSET=latin1;

--
-- Dumping data for table `frs_delivery_order_items`
--

INSERT INTO `frs_delivery_order_items` (`item_id`, `delivery_order_no`, `material_id`, `qty_unit`, `qty_other`, `qty_shipment`, `qty_loss`, `create_user`, `create_date`) VALUES
(3, '0001/DO/II/23', 'FG0004', 10.5, 0, 10, 0.5, 'admin', '0000-00-00 00:00:00');

-- --------------------------------------------------------

--
-- Table structure for table `frs_delivery_order_items_detail`
--

CREATE TABLE `frs_delivery_order_items_detail` (
  `item_id` int(11) NOT NULL,
  `delivery_order_no` char(25) NOT NULL,
  `material_id` char(25) NOT NULL,
  `serial_no` char(25) NOT NULL,
  `goods_receipt_no` char(25) NOT NULL,
  `qty_unit` double NOT NULL,
  `qty_shipment` double NOT NULL,
  `qty_loss` double NOT NULL,
  `note` char(100) NOT NULL,
  `cek` char(1) NOT NULL
) ENGINE=InnoDB DEFAULT CHARSET=utf8mb4;

--
-- Dumping data for table `frs_delivery_order_items_detail`
--

INSERT INTO `frs_delivery_order_items_detail` (`item_id`, `delivery_order_no`, `material_id`, `serial_no`, `goods_receipt_no`, `qty_unit`, `qty_shipment`, `qty_loss`, `note`, `cek`) VALUES
(2, '0001/DO/II/23', 'FG0004', 'AGAJH', '0002/GR/II/23', 10.5, 10, 0.5, 'spek turun', '1');

-- --------------------------------------------------------

--
-- Table structure for table `frs_finance_bank`
--

CREATE TABLE `frs_finance_bank` (
  `no` int(11) NOT NULL,
  `id` char(15) NOT NULL,
  `description` char(50) NOT NULL,
  `account` char(35) NOT NULL,
  `name` char(50) NOT NULL,
  `address` char(200) NOT NULL,
  `city` char(50) NOT NULL,
  `currency` char(3) NOT NULL,
  `coa_bank` char(15) NOT NULL,
  `status_id` char(3) NOT NULL,
  `blocked` char(3) NOT NULL,
  `create_user` char(35) NOT NULL,
  `create_date` datetime NOT NULL,
  `modified_user` char(35) NOT NULL,
  `modified_date` datetime NOT NULL
) ENGINE=InnoDB DEFAULT CHARSET=latin1;

--
-- Dumping data for table `frs_finance_bank`
--

INSERT INTO `frs_finance_bank` (`no`, `id`, `description`, `account`, `name`, `address`, `city`, `currency`, `coa_bank`, `status_id`, `blocked`, `create_user`, `create_date`, `modified_user`, `modified_date`) VALUES
(1, 'B00001', 'BCA 1', '0661933797', 'PT Bank Central Asia Tbk', 'Bekasi', '', 'IDR', '11121101', '22', 'No', 'admin', '2023-02-21 06:01:19', '', '0000-00-00 00:00:00'),
(2, 'B00002', 'BSI 1', '1706201277', 'PT Bank Syariah Indonesia, Tbk', 'Rawamangun', '', 'IDR', '11121201', '22', 'No', 'admin', '2023-02-21 06:15:08', '', '0000-00-00 00:00:00');

-- --------------------------------------------------------

--
-- Table structure for table `frs_finance_bank_setting`
--

CREATE TABLE `frs_finance_bank_setting` (
  `category` char(15) NOT NULL,
  `coa` char(15) NOT NULL
) ENGINE=InnoDB DEFAULT CHARSET=latin1;

--
-- Dumping data for table `frs_finance_bank_setting`
--

INSERT INTO `frs_finance_bank_setting` (`category`, `coa`) VALUES
('Bank', '11121');

-- --------------------------------------------------------

--
-- Table structure for table `frs_finance_cash`
--

CREATE TABLE `frs_finance_cash` (
  `no` int(11) NOT NULL,
  `id` char(35) NOT NULL,
  `description` char(50) NOT NULL,
  `nik_pic` char(25) NOT NULL,
  `name_pic` char(50) NOT NULL,
  `coa_cash` char(15) NOT NULL,
  `currency` char(5) NOT NULL,
  `status_id` char(3) NOT NULL,
  `blocked` char(3) NOT NULL,
  `create_user` char(35) NOT NULL,
  `create_date` datetime NOT NULL,
  `modified_user` char(35) NOT NULL,
  `modified_date` datetime NOT NULL
) ENGINE=InnoDB DEFAULT CHARSET=latin1;

--
-- Dumping data for table `frs_finance_cash`
--

INSERT INTO `frs_finance_cash` (`no`, `id`, `description`, `nik_pic`, `name_pic`, `coa_cash`, `currency`, `status_id`, `blocked`, `create_user`, `create_date`, `modified_user`, `modified_date`) VALUES
(1, 'CH00001', 'Kas Kecil', '', 'Ari Wibowo', '11111001', 'IDR', '22', 'No', 'admin', '2023-03-16 13:48:36', '', '0000-00-00 00:00:00');

-- --------------------------------------------------------

--
-- Table structure for table `frs_finance_cash_setting`
--

CREATE TABLE `frs_finance_cash_setting` (
  `category` char(15) NOT NULL,
  `coa` char(15) NOT NULL
) ENGINE=InnoDB DEFAULT CHARSET=latin1;

--
-- Dumping data for table `frs_finance_cash_setting`
--

INSERT INTO `frs_finance_cash_setting` (`category`, `coa`) VALUES
('Cash', '11111');

-- --------------------------------------------------------

--
-- Table structure for table `frs_finance_down_payment_purchase`
--

CREATE TABLE `frs_finance_down_payment_purchase` (
  `payment_no` char(25) NOT NULL,
  `reference_no` char(25) NOT NULL,
  `purchase_order_no` char(25) NOT NULL,
  `account_vendor` char(15) NOT NULL,
  `currency` char(3) NOT NULL,
  `category` char(25) NOT NULL,
  `kurs` double NOT NULL,
  `amount` double NOT NULL,
  `amount_used` double NOT NULL,
  `amount_available` double NOT NULL,
  `create_user` char(35) NOT NULL,
  `create_date` datetime NOT NULL
) ENGINE=InnoDB DEFAULT CHARSET=latin1;

--
-- Dumping data for table `frs_finance_down_payment_purchase`
--

INSERT INTO `frs_finance_down_payment_purchase` (`payment_no`, `reference_no`, `purchase_order_no`, `account_vendor`, `currency`, `category`, `kurs`, `amount`, `amount_used`, `amount_available`, `create_user`, `create_date`) VALUES
('0001/PA/II/23', '0001/PREQ/II/23', '0001/PO/II/23', 'V0001', 'IDR', 'PURCHASE', 0, 0, 0, 0, 'admin', '2023-02-21 08:52:22'),
('0002/PA/II/23', '0001/PREQ/II/23', '0001/PO/II/23', 'V0001', 'IDR', 'PURCHASE', 1, 1000, 0, 0, 'admin', '2023-02-21 12:58:26'),
('0003/PA/II/23', '0002/PREQ/II/23', '0001/PO/II/23', 'V0001', 'IDR', 'PURCHASE', 1, 1000, 0, 0, 'admin', '2023-02-21 13:05:30'),
('0004/PA/II/23', '0002/PREQ/II/23', '0001/PO/II/23', 'V0001', 'IDR', 'PURCHASE', 1, 200, 0, 0, 'admin', '2023-02-21 13:05:45');

-- --------------------------------------------------------

--
-- Table structure for table `frs_finance_down_payment_purchase_used`
--

CREATE TABLE `frs_finance_down_payment_purchase_used` (
  `item_id` int(11) NOT NULL,
  `payment_no` char(25) NOT NULL,
  `payment_request_no` char(25) NOT NULL,
  `amount` double NOT NULL,
  `create_user` char(35) NOT NULL,
  `create_date` datetime NOT NULL
) ENGINE=InnoDB DEFAULT CHARSET=latin1;

-- --------------------------------------------------------

--
-- Table structure for table `frs_finance_down_payment_sales`
--

CREATE TABLE `frs_finance_down_payment_sales` (
  `no` int(11) NOT NULL,
  `down_payment_no` char(25) NOT NULL,
  `down_payment_date` date NOT NULL,
  `description` char(50) NOT NULL,
  `reference_no` char(25) NOT NULL,
  `account_customer` char(10) NOT NULL,
  `account_general_ledger` char(15) NOT NULL,
  `payment_method` char(1) NOT NULL,
  `currency` char(3) NOT NULL,
  `criteria` char(25) NOT NULL,
  `kurs` double NOT NULL,
  `amount` double NOT NULL,
  `amount_used` double NOT NULL,
  `amount_available` double NOT NULL,
  `create_user` char(35) NOT NULL,
  `create_date` datetime NOT NULL
) ENGINE=InnoDB DEFAULT CHARSET=latin1;

-- --------------------------------------------------------

--
-- Table structure for table `frs_finance_down_payment_sales_used`
--

CREATE TABLE `frs_finance_down_payment_sales_used` (
  `item_id` int(11) NOT NULL,
  `down_payment_no` char(25) NOT NULL,
  `invoice_no` char(25) NOT NULL,
  `amount` double NOT NULL,
  `create_user` char(35) NOT NULL,
  `create_date` datetime NOT NULL
) ENGINE=InnoDB DEFAULT CHARSET=latin1;

-- --------------------------------------------------------

--
-- Table structure for table `frs_finance_payment`
--

CREATE TABLE `frs_finance_payment` (
  `no` int(11) NOT NULL,
  `payment_no` char(25) NOT NULL,
  `payment_date` date NOT NULL,
  `description` char(150) NOT NULL,
  `reference_no` char(25) NOT NULL,
  `account_vendor` char(15) NOT NULL,
  `recipient` char(35) NOT NULL,
  `account_department` char(15) NOT NULL,
  `account_bank` char(15) NOT NULL,
  `clearing_date` date NOT NULL,
  `payment_method` char(1) NOT NULL,
  `currency` char(15) NOT NULL,
  `kurs` double NOT NULL,
  `amount` double NOT NULL,
  `amount_admin` double NOT NULL,
  `summary_payment` char(200) NOT NULL,
  `summary_reject` char(100) NOT NULL,
  `status_id` char(5) NOT NULL,
  `status_trx` char(2) NOT NULL,
  `category` char(25) NOT NULL,
  `category_book` char(1) NOT NULL,
  `create_user` char(35) NOT NULL,
  `create_date` datetime NOT NULL,
  `modified_user` char(35) NOT NULL,
  `modified_date` datetime NOT NULL,
  `approved_user` char(35) NOT NULL,
  `approved_date` datetime NOT NULL
) ENGINE=InnoDB DEFAULT CHARSET=latin1;

--
-- Dumping data for table `frs_finance_payment`
--

INSERT INTO `frs_finance_payment` (`no`, `payment_no`, `payment_date`, `description`, `reference_no`, `account_vendor`, `recipient`, `account_department`, `account_bank`, `clearing_date`, `payment_method`, `currency`, `kurs`, `amount`, `amount_admin`, `summary_payment`, `summary_reject`, `status_id`, `status_trx`, `category`, `category_book`, `create_user`, `create_date`, `modified_user`, `modified_date`, `approved_user`, `approved_date`) VALUES
(1, '0001/OP/I/23', '2023-01-26', 'Pembayaran', '-', '', '-', '', 'CH00001', '0000-00-00', 'C', 'IDR', 1, 1500, 0, '', '', '3', 'P1', 'Other Payment', '1', 'admin', '2023-03-30 00:16:56', '', '0000-00-00 00:00:00', 'admin', '2023-03-30 00:35:47'),
(1, '0001/PA/II/23', '2023-02-21', 'Uang muka', '0001/PREQ/II/23', 'V0001', '', '', 'B00001', '0000-00-00', 'T', 'IDR', 1, 0, 0, '-', 'test', '0', 'P0', 'PURCHASE ADVANCE', '1', 'admin', '2023-02-21 07:23:09', 'admin', '2023-02-21 08:01:43', 'admin', '2023-02-21 12:54:14'),
(2, '0002/OP/I/23', '2023-01-26', 'Pembayaran', '-', '', '-', '', 'B00001', '0000-00-00', 'T', 'IDR', 1, 3250, 0, '', '', '3', 'P1', 'Other Payment', '1', 'admin', '2023-03-30 00:38:31', '', '0000-00-00 00:00:00', 'admin', '2023-03-30 00:55:07'),
(2, '0002/PA/II/23', '2023-02-21', 'Uang muka', '0001/PREQ/II/23', 'V0001', '', '', 'B00001', '0000-00-00', 'T', 'IDR', 1, 1000, 0, '0', '', '3', 'P1', 'PURCHASE ADVANCE', '1', 'admin', '2023-02-21 12:57:01', '', '0000-00-00 00:00:00', 'admin', '2023-02-21 12:58:26'),
(3, '0003/PA/II/23', '2023-02-21', 'Uang Muka Pembelian', '0002/PREQ/II/23', 'V0001', '', '', 'B00001', '0000-00-00', 'T', 'IDR', 1, 1000, 0, '', '', '3', 'P1', 'PURCHASE ADVANCE', '1', 'admin', '2023-02-21 13:05:25', '', '0000-00-00 00:00:00', 'admin', '2023-02-21 13:05:30'),
(4, '0004/PA/II/23', '2023-02-21', 'Uang Muka Pembelian', '0002/PREQ/II/23', 'V0001', '', '', 'B00001', '0000-00-00', 'T', 'IDR', 1, 200, 0, '', '', '3', 'P1', 'PURCHASE ADVANCE', '1', 'admin', '2023-02-21 13:05:42', '', '0000-00-00 00:00:00', 'admin', '2023-02-21 13:05:45');

-- --------------------------------------------------------

--
-- Table structure for table `frs_finance_payment_items`
--

CREATE TABLE `frs_finance_payment_items` (
  `item_id` int(11) NOT NULL,
  `payment_no` char(25) NOT NULL,
  `payment_request_no` char(25) NOT NULL,
  `account_general_ledger` char(15) NOT NULL,
  `amount` double NOT NULL,
  `note` char(200) NOT NULL,
  `create_user` char(35) NOT NULL,
  `create_date` datetime NOT NULL,
  `modified_user` char(35) NOT NULL,
  `modified_date` datetime NOT NULL
) ENGINE=InnoDB DEFAULT CHARSET=latin1;

--
-- Dumping data for table `frs_finance_payment_items`
--

INSERT INTO `frs_finance_payment_items` (`item_id`, `payment_no`, `payment_request_no`, `account_general_ledger`, `amount`, `note`, `create_user`, `create_date`, `modified_user`, `modified_date`) VALUES
(4, '0002/PA/II/23', '', '11600001', 1000, '', 'admin', '0000-00-00 00:00:00', '', '0000-00-00 00:00:00'),
(5, '0003/PA/II/23', '', '11600001', 1000, '', 'admin', '2023-02-21 13:05:25', '', '0000-00-00 00:00:00'),
(6, '0004/PA/II/23', '', '11600001', 200, '', 'admin', '2023-02-21 13:05:42', '', '0000-00-00 00:00:00'),
(7, '0001/OP/I/23', '', '54100003', 1500, 'test', 'admin', '2023-03-30 00:22:13', '', '0000-00-00 00:00:00'),
(8, '0002/OP/I/23', '', '11111001', 3250, 'test0', 'admin', '2023-03-30 00:38:55', '', '0000-00-00 00:00:00');

-- --------------------------------------------------------

--
-- Table structure for table `frs_finance_payment_request`
--

CREATE TABLE `frs_finance_payment_request` (
  `no` int(11) NOT NULL,
  `payment_request_no` char(25) NOT NULL,
  `payment_request_date` date NOT NULL,
  `description` char(100) NOT NULL,
  `reference_no` char(25) NOT NULL,
  `account_vendor` char(15) NOT NULL,
  `account_department` char(15) NOT NULL,
  `invoice_no` char(25) NOT NULL,
  `invoice_date` date NOT NULL,
  `kurs` double NOT NULL,
  `amount` double NOT NULL,
  `amount_0` double NOT NULL,
  `amount_admin` double NOT NULL,
  `amount_charge` double NOT NULL,
  `amount_outstanding` double NOT NULL,
  `amount_pph` double NOT NULL,
  `amount_ppn` double NOT NULL,
  `due_date` date NOT NULL,
  `currency` char(3) NOT NULL,
  `payment_method` char(1) NOT NULL,
  `payment_top` int(3) NOT NULL,
  `tax_ppn` char(10) NOT NULL,
  `tax_pph` char(10) NOT NULL,
  `material_category` char(2) NOT NULL,
  `sub_category` char(20) NOT NULL,
  `category` char(20) NOT NULL,
  `category_group` char(15) NOT NULL,
  `summary_payment_request` char(200) NOT NULL,
  `summary_reject` char(100) NOT NULL,
  `category_book` char(1) NOT NULL,
  `beginning_balance` char(3) NOT NULL,
  `status_id` char(2) NOT NULL,
  `status_trx` char(2) NOT NULL,
  `transaction` char(15) NOT NULL,
  `create_user` char(35) NOT NULL,
  `create_date` datetime NOT NULL,
  `modified_user` char(35) NOT NULL,
  `modified_date` datetime NOT NULL,
  `approved_user` char(35) NOT NULL,
  `approved_date` datetime NOT NULL,
  `posted_user` char(35) NOT NULL,
  `posted_date` datetime NOT NULL
) ENGINE=InnoDB DEFAULT CHARSET=latin1;

--
-- Dumping data for table `frs_finance_payment_request`
--

INSERT INTO `frs_finance_payment_request` (`no`, `payment_request_no`, `payment_request_date`, `description`, `reference_no`, `account_vendor`, `account_department`, `invoice_no`, `invoice_date`, `kurs`, `amount`, `amount_0`, `amount_admin`, `amount_charge`, `amount_outstanding`, `amount_pph`, `amount_ppn`, `due_date`, `currency`, `payment_method`, `payment_top`, `tax_ppn`, `tax_pph`, `material_category`, `sub_category`, `category`, `category_group`, `summary_payment_request`, `summary_reject`, `category_book`, `beginning_balance`, `status_id`, `status_trx`, `transaction`, `create_user`, `create_date`, `modified_user`, `modified_date`, `approved_user`, `approved_date`, `posted_user`, `posted_date`) VALUES
(1, '0001/PREQ/II/23', '2023-02-14', 'Uang muka', '0001/PO/II/23', 'V0001', '', '123', '2023-02-13', 1, 1000, 0, 0, 0, 1000, 0, 0, '2023-02-15', 'IDR', 'T', 0, '', '', '', 'DOWN PAYMENT', 'PURCHASE', '', '-', '', '1', '', '3', 'P1', '', 'admin', '2023-02-14 12:39:10', '', '0000-00-00 00:00:00', 'admin', '2023-02-21 12:54:52', '', '0000-00-00 00:00:00'),
(2, '0002/PREQ/II/23', '2023-02-21', 'Uang Muka Pembelian', '0001/PO/II/23', 'V0001', '', 'IBC123', '2023-02-20', 1, 1200, 0, 0, 0, 0, 0, 0, '2023-02-23', 'IDR', 'T', 0, '', '', '', 'DOWN PAYMENT', 'PURCHASE', '', '-', '', '1', '', '3', 'P1', '', 'admin', '2023-02-21 12:07:09', '', '0000-00-00 00:00:00', 'admin', '2023-02-21 12:45:34', '', '0000-00-00 00:00:00'),
(3, '0003/PI/IV/23', '2023-04-05', 'Pembayaran: Pembelian [0001/PO/II/23]', '0001/PO/II/23', 'V0001', '', '1', '2023-04-03', 0, 127600, 0, 0, 0, 127600, 0, 0, '2023-02-10', '', '', 1, '', '', '', 'FAKTUR', 'PURCHASE', '', '', '', '1', '', '3', 'P2', '', 'admin', '2023-04-05 08:32:15', '', '0000-00-00 00:00:00', '', '0000-00-00 00:00:00', '', '0000-00-00 00:00:00');

-- --------------------------------------------------------

--
-- Table structure for table `frs_finance_payment_request_group`
--

CREATE TABLE `frs_finance_payment_request_group` (
  `item_id` int(11) NOT NULL,
  `payment_request_no` char(25) NOT NULL,
  `journal_no` char(25) NOT NULL,
  `goods_receipt_no` char(25) NOT NULL,
  `create_user` char(35) NOT NULL,
  `create_date` datetime NOT NULL
) ENGINE=InnoDB DEFAULT CHARSET=latin1;

--
-- Dumping data for table `frs_finance_payment_request_group`
--

INSERT INTO `frs_finance_payment_request_group` (`item_id`, `payment_request_no`, `journal_no`, `goods_receipt_no`, `create_user`, `create_date`) VALUES
(827, '0003/PI/IV/23', '', '0002/GR/II/23', 'admin', '2023-04-09 21:53:57');

-- --------------------------------------------------------

--
-- Table structure for table `frs_finance_payment_request_items`
--

CREATE TABLE `frs_finance_payment_request_items` (
  `item_id` int(11) NOT NULL,
  `payment_request_no` char(25) NOT NULL,
  `account_general_ledger` char(15) NOT NULL,
  `goods_receipt_no` char(25) NOT NULL,
  `material_id` char(25) NOT NULL,
  `qty_unit` double NOT NULL,
  `unit_price` double NOT NULL,
  `unit_discount` double NOT NULL,
  `amount` double NOT NULL,
  `amount_ppn` double NOT NULL,
  `category_id` char(5) NOT NULL,
  `create_user` char(35) NOT NULL,
  `create_date` datetime NOT NULL
) ENGINE=InnoDB DEFAULT CHARSET=latin1;

--
-- Dumping data for table `frs_finance_payment_request_items`
--

INSERT INTO `frs_finance_payment_request_items` (`item_id`, `payment_request_no`, `account_general_ledger`, `goods_receipt_no`, `material_id`, `qty_unit`, `unit_price`, `unit_discount`, `amount`, `amount_ppn`, `category_id`, `create_user`, `create_date`) VALUES
(1657, '0003/PI/IV/23', '11440004', '0002/GR/II/23', 'FG0004', 25.52, 7000, 2000, 127600, 0, 'M', 'admin', '2023-04-09 21:53:57');

-- --------------------------------------------------------

--
-- Table structure for table `frs_finance_payment_request_setting`
--

CREATE TABLE `frs_finance_payment_request_setting` (
  `category` char(15) NOT NULL,
  `coa` char(15) NOT NULL
) ENGINE=InnoDB DEFAULT CHARSET=latin1;

--
-- Dumping data for table `frs_finance_payment_request_setting`
--

INSERT INTO `frs_finance_payment_request_setting` (`category`, `coa`) VALUES
('Charge', '4502003001');

-- --------------------------------------------------------

--
-- Table structure for table `frs_finance_payment_setting`
--

CREATE TABLE `frs_finance_payment_setting` (
  `item_id` int(11) NOT NULL,
  `category` char(15) NOT NULL,
  `coa` char(15) NOT NULL,
  `blocked` char(3) NOT NULL
) ENGINE=InnoDB DEFAULT CHARSET=latin1;

--
-- Dumping data for table `frs_finance_payment_setting`
--

INSERT INTO `frs_finance_payment_setting` (`item_id`, `category`, `coa`, `blocked`) VALUES
(1, 'Admin', '', ''),
(2, 'Admin', '92000001', 'No');

-- --------------------------------------------------------

--
-- Table structure for table `frs_finance_receipt`
--

CREATE TABLE `frs_finance_receipt` (
  `no` int(11) NOT NULL,
  `receipt_no` char(25) NOT NULL,
  `receipt_date` date NOT NULL,
  `description` char(100) NOT NULL,
  `reference_no` char(35) NOT NULL,
  `account_bank` char(10) NOT NULL,
  `account_customer` char(10) NOT NULL,
  `account_customer_group` char(15) NOT NULL,
  `customer_type` char(15) NOT NULL,
  `recipient` char(35) NOT NULL,
  `payment_method` char(1) NOT NULL,
  `currency` char(3) NOT NULL,
  `kurs` double NOT NULL,
  `amount` double NOT NULL,
  `amount_admin` double NOT NULL,
  `amount_charge` double NOT NULL,
  `summary_receipt` char(200) NOT NULL,
  `summary_reject` char(100) NOT NULL,
  `category` char(15) NOT NULL,
  `sub_category` char(15) NOT NULL,
  `category_book` char(1) NOT NULL,
  `status_id` char(3) NOT NULL,
  `status_trx` char(2) NOT NULL,
  `create_user` char(35) NOT NULL,
  `create_date` datetime NOT NULL,
  `modified_user` char(35) NOT NULL,
  `modified_date` datetime NOT NULL,
  `approved_user` char(35) NOT NULL,
  `approved_date` datetime NOT NULL
) ENGINE=InnoDB DEFAULT CHARSET=latin1;

--
-- Dumping data for table `frs_finance_receipt`
--

INSERT INTO `frs_finance_receipt` (`no`, `receipt_no`, `receipt_date`, `description`, `reference_no`, `account_bank`, `account_customer`, `account_customer_group`, `customer_type`, `recipient`, `payment_method`, `currency`, `kurs`, `amount`, `amount_admin`, `amount_charge`, `summary_receipt`, `summary_reject`, `category`, `sub_category`, `category_book`, `status_id`, `status_trx`, `create_user`, `create_date`, `modified_user`, `modified_date`, `approved_user`, `approved_date`) VALUES
(1, '0001/OR/I/23', '2023-01-26', 'Penerimaan', '', 'CH00001', '', '', '', '-', 'C', 'IDR', 1, 525, 0, 0, '0', '', 'Other Receipt', '', '1', '3', 'P1', 'admin', '2023-03-30 00:46:21', '', '0000-00-00 00:00:00', '', '0000-00-00 00:00:00'),
(1, '0001/SR/III/23', '2023-01-10', 'Penerimaan', '', 'CH00001', 'C0008', '', '', '', 'C', 'IDR', 1, 0, 0, 0, '-', '0', 'Sales Receipt', 'Delivery Order', '1', '1', 'P1', 'admin', '2023-03-10 01:55:01', '', '0000-00-00 00:00:00', '', '0000-00-00 00:00:00'),
(2, '0002/OR/I/23', '2023-01-26', 'Penerimaan', '', 'B00001', '', '', '', '-', 'T', 'IDR', 1, 150, 0, 0, '', '', 'Other Receipt', '', '1', '3', 'P1', 'admin', '2023-03-30 00:58:31', '', '0000-00-00 00:00:00', '', '0000-00-00 00:00:00'),
(2, '0002/SR/III/23', '2023-01-01', 'Penerimaan', '', 'B00001', 'C0008', '', '', '', 'T', 'IDR', 1, 2000, 0, 0, '', '', 'Sales Receipt', 'Delivery Order', '1', '3', 'P1', 'admin', '2023-03-30 01:12:50', '', '0000-00-00 00:00:00', '', '0000-00-00 00:00:00'),
(3, '0003/SR/I/23', '2023-01-26', 'Penerimaan', '', 'CH00001', 'C0008', '', '', '', 'C', 'IDR', 1, 18000, 0, 0, '', '', 'Sales Receipt', 'Delivery Order', '1', '3', 'P1', 'admin', '2023-03-30 01:29:48', '', '0000-00-00 00:00:00', '', '0000-00-00 00:00:00');

-- --------------------------------------------------------

--
-- Table structure for table `frs_finance_receipt_items`
--

CREATE TABLE `frs_finance_receipt_items` (
  `item_id` int(11) NOT NULL,
  `receipt_no` char(25) NOT NULL,
  `account_customer` char(15) NOT NULL,
  `sales_invoice_no` char(25) NOT NULL,
  `type_transaction` char(1) NOT NULL,
  `account_general_ledger` char(10) NOT NULL,
  `description` char(50) NOT NULL,
  `amount` double NOT NULL,
  `note` char(100) NOT NULL,
  `cek` int(11) NOT NULL,
  `create_user` char(35) NOT NULL,
  `create_date` datetime NOT NULL
) ENGINE=MyISAM DEFAULT CHARSET=latin1;

--
-- Dumping data for table `frs_finance_receipt_items`
--

INSERT INTO `frs_finance_receipt_items` (`item_id`, `receipt_no`, `account_customer`, `sales_invoice_no`, `type_transaction`, `account_general_ledger`, `description`, `amount`, `note`, `cek`, `create_user`, `create_date`) VALUES
(9609, '0003/SR/I/23', 'C0008', '0001/SI/III/23', '', '', '', 18000, '', 0, 'admin', '2023-03-30 01:29:50'),
(9605, '0001/OR/I/23', '', '', '', '11121101', '', 525, '0', 0, 'admin', '2023-03-30 00:57:09'),
(9606, '0002/OR/I/23', '', '', '', '11111001', '', 150, '-', 0, 'admin', '2023-03-30 00:58:44'),
(9607, '0002/SR/III/23', 'C0008', '0001/SI/III/23', '', '', '', 2000, '', 0, 'admin', '2023-03-30 01:12:54');

-- --------------------------------------------------------

--
-- Table structure for table `frs_finance_receipt_setting`
--

CREATE TABLE `frs_finance_receipt_setting` (
  `category` char(15) NOT NULL,
  `coa` char(15) NOT NULL
) ENGINE=InnoDB DEFAULT CHARSET=latin1;

--
-- Dumping data for table `frs_finance_receipt_setting`
--

INSERT INTO `frs_finance_receipt_setting` (`category`, `coa`) VALUES
('Admin', '4502002001'),
('Charge', '92000011');

-- --------------------------------------------------------

--
-- Table structure for table `frs_finance_sales_discount`
--

CREATE TABLE `frs_finance_sales_discount` (
  `no` int(11) NOT NULL,
  `sales_discount_no` char(25) NOT NULL,
  `sales_discount_date` date NOT NULL,
  `description` char(100) NOT NULL,
  `account_discount` char(15) NOT NULL,
  `reference_no` char(25) NOT NULL,
  `account_customer` char(15) NOT NULL,
  `account_sales` char(5) NOT NULL,
  `currency` char(5) NOT NULL,
  `kurs` double NOT NULL,
  `amount` double NOT NULL,
  `summary_discount` char(200) NOT NULL,
  `summary_reject` char(100) NOT NULL,
  `status_print` char(3) NOT NULL,
  `material_group` char(4) NOT NULL,
  `category_book` char(1) NOT NULL,
  `status_id` char(3) NOT NULL,
  `status_trx` char(2) NOT NULL,
  `create_user` char(35) NOT NULL,
  `create_date` datetime NOT NULL,
  `modified_user` char(35) NOT NULL,
  `modified_date` datetime NOT NULL,
  `approved_user` char(35) NOT NULL,
  `approved_date` datetime NOT NULL
) ENGINE=InnoDB DEFAULT CHARSET=latin1;

-- --------------------------------------------------------

--
-- Table structure for table `frs_finance_sales_discount_items`
--

CREATE TABLE `frs_finance_sales_discount_items` (
  `item_id` int(11) NOT NULL,
  `sales_discount_no` char(25) NOT NULL,
  `sales_invoice_no` char(25) NOT NULL,
  `amount` double NOT NULL,
  `create_user` char(35) NOT NULL,
  `create_date` datetime NOT NULL
) ENGINE=InnoDB DEFAULT CHARSET=latin1;

-- --------------------------------------------------------

--
-- Table structure for table `frs_finance_sales_discount_setting`
--

CREATE TABLE `frs_finance_sales_discount_setting` (
  `item_id` int(11) NOT NULL,
  `category` char(15) NOT NULL,
  `coa` char(15) NOT NULL,
  `blocked` char(3) NOT NULL
) ENGINE=InnoDB DEFAULT CHARSET=latin1;

--
-- Dumping data for table `frs_finance_sales_discount_setting`
--

INSERT INTO `frs_finance_sales_discount_setting` (`item_id`, `category`, `coa`, `blocked`) VALUES
(1, 'Items', '4102002002', 'No');

-- --------------------------------------------------------

--
-- Table structure for table `frs_finance_sales_invoice`
--

CREATE TABLE `frs_finance_sales_invoice` (
  `no` int(11) NOT NULL,
  `sales_invoice_no` char(25) NOT NULL,
  `sales_invoice_date` date NOT NULL,
  `description` char(100) NOT NULL,
  `reference_no` char(25) NOT NULL,
  `sales_order_no` char(25) NOT NULL,
  `account_customer` char(15) NOT NULL,
  `address_customer` char(200) NOT NULL,
  `payment_method` char(1) NOT NULL,
  `currency` char(5) NOT NULL,
  `kurs` double NOT NULL,
  `tax_ppn` char(10) NOT NULL,
  `beginning_balance` char(3) NOT NULL,
  `amount_freight` double NOT NULL,
  `amount_charge` double NOT NULL,
  `amount_sub_total` double NOT NULL,
  `amount_discount` double NOT NULL,
  `amount_dpp` double NOT NULL,
  `amount_ppn` double NOT NULL,
  `amount` double NOT NULL,
  `amount_receipt` double NOT NULL,
  `amount_outstanding` double NOT NULL,
  `amount_total_0` double NOT NULL,
  `amount_outstanding_0` double NOT NULL,
  `payment_top` int(4) NOT NULL,
  `due_date` date NOT NULL,
  `summary_invoice` char(200) NOT NULL,
  `summary_reject` char(100) NOT NULL,
  `category` char(35) NOT NULL,
  `sub_category` char(35) NOT NULL,
  `status_id` char(3) NOT NULL,
  `status_trx` char(2) NOT NULL,
  `category_book` char(1) NOT NULL,
  `status_print` char(3) NOT NULL,
  `transaction` char(15) NOT NULL,
  `create_user` char(35) NOT NULL,
  `create_date` datetime NOT NULL,
  `modified_user` char(35) NOT NULL,
  `modified_date` datetime NOT NULL,
  `approved_user` char(35) NOT NULL,
  `approved_date` datetime NOT NULL
) ENGINE=InnoDB DEFAULT CHARSET=latin1;

--
-- Dumping data for table `frs_finance_sales_invoice`
--

INSERT INTO `frs_finance_sales_invoice` (`no`, `sales_invoice_no`, `sales_invoice_date`, `description`, `reference_no`, `sales_order_no`, `account_customer`, `address_customer`, `payment_method`, `currency`, `kurs`, `tax_ppn`, `beginning_balance`, `amount_freight`, `amount_charge`, `amount_sub_total`, `amount_discount`, `amount_dpp`, `amount_ppn`, `amount`, `amount_receipt`, `amount_outstanding`, `amount_total_0`, `amount_outstanding_0`, `payment_top`, `due_date`, `summary_invoice`, `summary_reject`, `category`, `sub_category`, `status_id`, `status_trx`, `category_book`, `status_print`, `transaction`, `create_user`, `create_date`, `modified_user`, `modified_date`, `approved_user`, `approved_date`) VALUES
(1, '0001/SI/III/23', '2023-03-08', 'Penjualan 1', '00001/SO/II/23', '00001/SO/II/23', 'C0008', '', 'T', 'IDR', 1, '', 'No', 0, 0, 95000, 5000, 90000, 0, 90000, 20000, 70000, 0, 0, 1, '2023-02-25', '0', '', 'Sales', '', '3', 'P1', '1', 'Yes', '', 'admin', '2023-03-09 00:34:11', '', '0000-00-00 00:00:00', '', '0000-00-00 00:00:00');

-- --------------------------------------------------------

--
-- Table structure for table `frs_finance_sales_invoice_group`
--

CREATE TABLE `frs_finance_sales_invoice_group` (
  `item_id` int(11) NOT NULL,
  `sales_invoice_no` char(25) NOT NULL,
  `delivery_order_no` char(25) NOT NULL
) ENGINE=InnoDB DEFAULT CHARSET=utf8mb4;

--
-- Dumping data for table `frs_finance_sales_invoice_group`
--

INSERT INTO `frs_finance_sales_invoice_group` (`item_id`, `sales_invoice_no`, `delivery_order_no`) VALUES
(11, '0001/SI/III/23', '0001/DO/II/23');

-- --------------------------------------------------------

--
-- Table structure for table `frs_finance_sales_invoice_items`
--

CREATE TABLE `frs_finance_sales_invoice_items` (
  `item_id` int(11) NOT NULL,
  `sales_invoice_no` char(25) NOT NULL,
  `material_id` char(25) NOT NULL,
  `unit_price` double NOT NULL,
  `unit_discount` double NOT NULL,
  `qty_unit` double NOT NULL,
  `amount_sub_total` double NOT NULL,
  `amount_discount` double NOT NULL,
  `amount_total` double NOT NULL,
  `amount_ppn` double NOT NULL,
  `amount` double NOT NULL,
  `category_id` char(1) NOT NULL,
  `cek` int(1) NOT NULL,
  `create_user` char(35) NOT NULL,
  `create_date` datetime NOT NULL
) ENGINE=InnoDB DEFAULT CHARSET=latin1;

--
-- Dumping data for table `frs_finance_sales_invoice_items`
--

INSERT INTO `frs_finance_sales_invoice_items` (`item_id`, `sales_invoice_no`, `material_id`, `unit_price`, `unit_discount`, `qty_unit`, `amount_sub_total`, `amount_discount`, `amount_total`, `amount_ppn`, `amount`, `category_id`, `cek`, `create_user`, `create_date`) VALUES
(3, '0001/SI/III/23', 'FG0004', 9500, 500, 10, 95000, 5000, 90000, 0, 90000, 'M', 0, 'admin', '2023-03-09 03:27:13');

-- --------------------------------------------------------

--
-- Table structure for table `frs_finance_sales_invoice_setting`
--

CREATE TABLE `frs_finance_sales_invoice_setting` (
  `category` char(15) NOT NULL,
  `coa` char(15) NOT NULL
) ENGINE=InnoDB DEFAULT CHARSET=latin1;

--
-- Dumping data for table `frs_finance_sales_invoice_setting`
--

INSERT INTO `frs_finance_sales_invoice_setting` (`category`, `coa`) VALUES
('Charge', '4504001001'),
('Freight', '4501008001'),
('VAT', '2105002001');

-- --------------------------------------------------------

--
-- Table structure for table `frs_finance_sales_netoff`
--

CREATE TABLE `frs_finance_sales_netoff` (
  `no` int(11) NOT NULL,
  `sales_netoff_no` char(25) NOT NULL,
  `sales_netoff_date` date NOT NULL,
  `description` char(100) NOT NULL,
  `account_customer` char(15) NOT NULL,
  `account_vendor` char(15) NOT NULL,
  `currency` char(5) NOT NULL,
  `amount` double NOT NULL,
  `summary_netoff` char(200) NOT NULL,
  `summary_reject` char(100) NOT NULL,
  `category_book` char(1) NOT NULL,
  `status_id` char(3) NOT NULL,
  `status_trx` char(2) NOT NULL,
  `create_user` char(35) NOT NULL,
  `create_date` datetime NOT NULL
) ENGINE=InnoDB DEFAULT CHARSET=latin1;

-- --------------------------------------------------------

--
-- Table structure for table `frs_finance_sales_netoff_purchase`
--

CREATE TABLE `frs_finance_sales_netoff_purchase` (
  `item_id` int(11) NOT NULL,
  `sales_netoff_no` char(25) NOT NULL,
  `payment_request_no` char(25) NOT NULL,
  `amount` double NOT NULL,
  `create_user` char(35) NOT NULL,
  `create_date` datetime NOT NULL
) ENGINE=InnoDB DEFAULT CHARSET=latin1;

-- --------------------------------------------------------

--
-- Table structure for table `frs_finance_sales_netoff_sales`
--

CREATE TABLE `frs_finance_sales_netoff_sales` (
  `item_id` int(11) NOT NULL,
  `sales_netoff_no` char(25) NOT NULL,
  `sales_invoice_no` char(25) NOT NULL,
  `amount` double NOT NULL,
  `create_user` char(35) NOT NULL,
  `create_date` datetime NOT NULL
) ENGINE=InnoDB DEFAULT CHARSET=latin1;

-- --------------------------------------------------------

--
-- Table structure for table `frs_finance_sales_return`
--

CREATE TABLE `frs_finance_sales_return` (
  `no` int(11) NOT NULL,
  `sales_return_no` char(25) NOT NULL,
  `sales_return_date` date NOT NULL,
  `description` char(100) NOT NULL,
  `reference_no` char(25) NOT NULL,
  `account_customer` char(15) NOT NULL,
  `currency` char(5) NOT NULL,
  `amount` double NOT NULL,
  `summary_return` char(200) NOT NULL,
  `summary_reject` char(100) NOT NULL,
  `status_print` char(3) NOT NULL,
  `category_book` char(1) NOT NULL,
  `status_id` char(3) NOT NULL,
  `create_user` char(35) NOT NULL,
  `create_date` datetime NOT NULL,
  `modified_user` char(35) NOT NULL,
  `modified_date` datetime NOT NULL,
  `approved_user` char(35) NOT NULL,
  `approved_date` datetime NOT NULL
) ENGINE=InnoDB DEFAULT CHARSET=latin1;

--
-- Dumping data for table `frs_finance_sales_return`
--

INSERT INTO `frs_finance_sales_return` (`no`, `sales_return_no`, `sales_return_date`, `description`, `reference_no`, `account_customer`, `currency`, `amount`, `summary_return`, `summary_reject`, `status_print`, `category_book`, `status_id`, `create_user`, `create_date`, `modified_user`, `modified_date`, `approved_user`, `approved_date`) VALUES
(55, '0055/NRT/CAM/I/70', '2022-02-24', 'Retur C0990 | INDOGROSIR CIKOKOL', 'SRT-22020004', 'C0990', 'IDR', 330000, '', '', 'Yes', '1', '3', 'eka', '2022-03-04 14:22:07', 'eka', '2022-03-04 14:23:02', '', '0000-00-00 00:00:00'),
(56, '0056/NRT/CAM/I/70', '2022-02-18', 'Retur C0990 | INDOGROSIR CIKOKOL', '0085/SRT/CAM/I/70', 'C0990', 'IDR', 11863560, '', '', 'Yes', '1', '3', 'eka', '2022-03-04 14:23:44', 'eka', '2022-03-04 14:23:59', '', '0000-00-00 00:00:00'),
(57, '0057/NRT/CAM/I/70', '2022-02-24', 'Retur C0242 | PT. LION SUPER INDO (DCB - DC MOJOKERTO)', '0084/SRT/CAM/I/70', 'C0242', 'IDR', 699545, '', '', 'Yes', '1', '3', 'eka', '2022-03-04 17:36:02', 'eka', '2022-03-04 17:36:50', '', '0000-00-00 00:00:00'),
(58, '0058/NRT/CAM/I/70', '2022-02-24', 'Retur C0003 | PT. LION SUPER INDO (DCA - DC CIKARANG)', '0086/SRT/CAM/I/70', 'C0003', 'IDR', 16933155, '', '', 'Yes', '1', '3', 'eka', '2022-03-04 17:37:16', 'eka', '2022-03-04 17:37:52', '', '0000-00-00 00:00:00'),
(59, '0059/NRT/CAM/I/70', '2022-02-24', 'Retur C0214 | BERLIAN FRESH MART ARUNDINA', 'SRT-22020005', 'C0214', 'IDR', 417500, '', '', 'Yes', '1', '3', 'eka', '2022-03-04 18:15:58', 'eka', '2022-03-04 18:16:11', '', '0000-00-00 00:00:00'),
(60, '0060/NRT/CAM/I/70', '2022-03-10', 'Retur C1047 | CV. BERKAH', '0087/SRT/CAM/I/70', 'C1047', 'IDR', 15156900, '', '', 'Yes', '1', '3', 'eka', '2022-03-10 17:34:30', 'eka', '2022-03-10 17:34:40', '', '0000-00-00 00:00:00'),
(61, '0061/NRT/CAM/I/70', '2022-03-31', 'Retur C0988 | PT. MACROPRIMA PANGANUTAMA', '0088/SRT/CAM/I/70', 'C0988', 'IDR', 0, '', 'ganti tanggal', 'No', '1', '0', 'eka', '2022-03-23 10:39:14', 'eka', '2022-03-23 10:41:23', '', '0000-00-00 00:00:00'),
(62, '0062/NRT/CAM/I/70', '2022-03-23', 'Retur C0988 | PT. MACROPRIMA PANGANUTAMA', '0088/SRT/CAM/I/70', 'C0988', 'IDR', 3280000, '', '', 'Yes', '1', '3', 'eka', '2022-03-23 10:43:44', 'eka', '2022-03-23 10:44:10', '', '0000-00-00 00:00:00'),
(63, '0063/NRT/CAM/I/70', '2022-04-19', 'Retur C0043 | KO ADI', '0089/SRT/CAM/I/70', 'C0043', 'IDR', 119680600, '', '', 'Yes', '1', '3', 'eka', '2022-04-19 16:11:36', 'eka', '2022-04-19 16:12:09', '', '0000-00-00 00:00:00'),
(64, '0064/NRT/CAM/I/70', '2022-04-25', 'Retur C0003 | PT. LION SUPER INDO (DCA - DC CIKARANG)', '0090/SRT/CAM/I/70', 'C0003', 'IDR', 38936700, '', '', 'Yes', '1', '3', 'eka', '2022-05-09 09:29:45', 'eka', '2022-05-09 09:29:54', '', '0000-00-00 00:00:00'),
(65, '0065/NRT/CAM/I/70', '2022-05-06', 'RETUR C1105 | DANDIM', '0091/SRT/CAM/I/70', 'C1105', 'IDR', 12352000, '', '', 'Yes', '1', '3', 'eka', '2022-05-13 17:55:30', 'eka', '2022-05-13 17:55:48', '', '0000-00-00 00:00:00'),
(66, '0066/NRT/CAM/I/70', '2022-05-06', 'Retur C0281 | KOPERASI KARYAWAN MAKMUR.', '0092/SRT/CAM/I/70', 'C0281', 'IDR', 932640, '', '', 'Yes', '1', '3', 'eka', '2022-05-17 14:50:45', 'eka', '2022-05-17 14:52:01', '', '0000-00-00 00:00:00'),
(67, '0067/NRT/CAM/I/70', '2022-05-18', 'Retur C0049 | CV. AMANDA JAYA MAKMUR', '0093/SRT/CAM/I/70', 'C0049', 'IDR', 12610080, '', '', 'Yes', '1', '3', 'eka', '2022-05-20 16:15:53', 'eka', '2022-05-20 16:17:25', '', '0000-00-00 00:00:00'),
(68, '0068/NRT/CAM/I/70', '2022-05-31', 'Sales Retur Lion', '0094/SRT/CAM/I/70', 'C0242', 'IDR', 2723220, '', '', 'Yes', '1', '3', 'm.fakhran', '2022-06-03 13:39:15', 'm.fakhran', '2022-06-03 13:39:37', '', '0000-00-00 00:00:00'),
(69, '0069/NRT/CAM/I/70', '2022-06-21', '-Retur C0242 | PT. LION SUPER INDO (DCB - DC MOJOKERTO)', '0095/SRT/CAM/I/70', 'C0242', 'IDR', 415800, '', '', 'Yes', '1', '3', 'eka', '2022-06-21 16:47:51', 'eka', '2022-06-21 16:57:43', '', '0000-00-00 00:00:00'),
(70, '0070/NRT/CAM/I/70', '2022-06-06', 'Retur C1124 | SURGANA RASA', '0096/SRT/CAM/I/70', 'C1124', 'IDR', 4803500, '', '', 'Yes', '1', '3', 'eka', '2022-06-28 11:25:24', 'eka', '2022-06-28 11:25:54', '', '0000-00-00 00:00:00'),
(71, '0071/NRT/CAM/I/70', '2022-07-11', 'Retur C0242 | PT. LION SUPER INDO (DCB - DC MOJOKERTO)', '0097/SRT/CAM/I/70', 'C0242', 'IDR', 7080120, 'Retur C0242 | PT. LION SUPER INDO (DCB - DC MOJOKERTO)', '', 'Yes', '1', '3', 'eka', '2022-07-12 16:05:31', 'fakhran', '2022-10-24 17:00:25', '', '0000-00-00 00:00:00'),
(72, '0072/NRT/CAM/I/70', '2022-07-11', 'Retur C0027 | PT WAHANA BOGA NUSANTARA', '0098/SRT/CAM/I/70', 'C0027', 'IDR', 3369895, '', '', 'Yes', '1', '3', 'eka', '2022-07-12 16:06:44', 'eka', '2022-07-12 16:07:09', '', '0000-00-00 00:00:00'),
(73, '0073/NRT/CAM/I/70', '2022-07-12', 'Retur C1079 | WMART CIPAYUNG', '0099/SRT/CAM/I/70', 'C1079', 'IDR', 9123000, '', '', 'Yes', '1', '3', 'eka', '2022-07-18 16:09:53', 'eka', '2022-07-18 16:10:07', '', '0000-00-00 00:00:00'),
(74, '0074/NRT/CAM/I/70', '2022-07-18', 'Retur C0242 | PT. LION SUPER INDO (DCB - DC MOJOKERTO)', '0100/SRT/CAM/I/70', 'C0242', 'IDR', 786800, '', '', 'Yes', '1', '3', 'eka', '2022-07-20 16:37:18', 'eka', '2022-07-20 16:37:33', '', '0000-00-00 00:00:00'),
(75, '0075/NRT/CAM/I/70', '2022-07-19', 'Retur C1010 | PUTRI DAENG TATA', '0101/SRT/CAM/I/70', 'C1010', 'IDR', 1254000, '', '', 'Yes', '1', '3', 'eka', '2022-07-20 16:38:02', 'eka', '2022-07-20 16:38:23', '', '0000-00-00 00:00:00'),
(76, '0076/NRT/CAM/I/70', '2022-08-09', 'Retur C0018 | RIZKY GANDOANG', '0102/SRT/CAM/I/70', 'C0018', 'IDR', 0, '', 'ya', 'No', '1', '0', 'eka', '2022-08-09 14:47:10', 'eka', '2022-08-09 14:47:39', '', '0000-00-00 00:00:00'),
(77, '0077/NRT/CAM/I/70', '2022-08-09', 'Retur C0018 | RIZKY GANDOANG', '0102/SRT/CAM/I/70', 'C0018', 'IDR', 16823500, '', '', 'Yes', '1', '3', 'eka', '2022-08-09 14:50:08', 'eka', '2022-08-09 14:50:20', '', '0000-00-00 00:00:00'),
(78, '0078/NRT/CAM/I/70', '2022-08-16', 'Retur C0027 | PT WAHANA BOGA NUSANTARA', '0103/SRT/CAM/I/70', 'C0027', 'IDR', 7043160, '', '', 'Yes', '1', '3', 'eka', '2022-08-24 08:46:01', 'eka', '2022-08-24 08:49:19', '', '0000-00-00 00:00:00'),
(79, '0079/NRT/CAM/I/70', '2022-08-29', 'Retur C0242 | PT. LION SUPER INDO (DCB - DC MOJOKERTO)', '0104/SRT/CAM/I/70', 'C0242', 'IDR', 3592858.04, '', '', 'Yes', '1', '3', 'eka', '2022-08-30 10:37:29', 'eka', '2022-08-30 10:42:54', '', '0000-00-00 00:00:00'),
(80, '0080/NRT/CAM/I/70', '2022-08-22', 'Retur C0242 | PT. LION SUPER INDO (DCB - DC MOJOKERTO)', '0105/SRT/CAM/I/70', 'C0242', 'IDR', 8164610, '', '', 'Yes', '1', '3', 'eka', '2022-09-01 09:33:40', 'eka', '2022-09-01 09:34:44', '', '0000-00-00 00:00:00'),
(81, '0081/NRT/CAM/I/70', '2022-08-01', 'PRODUK RETURN BULAN JULI-', '0106/SRT/CAM/I/70', 'C0003', 'IDR', 135000000, '', '', 'Yes', '1', '3', 'eka', '2022-09-02 17:32:02', 'eka', '2022-09-02 17:33:03', '', '0000-00-00 00:00:00'),
(83, '0083/NRT/CAM/I/70', '2022-09-05', 'Retur C0044 | LOTTE GANDARIA', '0107/SRT/CAM/I/70', 'C0044', 'IDR', 2564800, '', '', 'Yes', '1', '3', 'eka', '2022-09-22 13:26:43', 'eka', '2022-09-22 13:28:13', '', '0000-00-00 00:00:00'),
(84, '0084/NRT/CAM/I/70', '2022-09-22', 'Retur C0053 | LOTTE KELAPA GADING', '0109/SRT/CAM/I/70', 'C0053', 'IDR', 1809000, '', '', 'Yes', '1', '3', 'eka', '2022-09-23 16:43:03', 'eka', '2022-09-23 16:46:32', '', '0000-00-00 00:00:00'),
(85, '0085/NRT/CAM/I/70', '2022-09-23', 'Retur C0971 | PT SUMBER TRIJAYA', '0108/SRT/CAM/I/70', 'C0971', 'IDR', 0, 'Retur C-00971 | PT SUMBER TRIJAYA', '-', 'No', '1', '0', 'eka', '2022-09-23 16:53:21', '', '0000-00-00 00:00:00', '', '0000-00-00 00:00:00'),
(86, '0086/NRT/CAM/I/70', '2022-09-23', 'Retur C0971 | PT SUMBER TRIJAYA', '0108/SRT/CAM/I/70', 'C0971', 'IDR', 47271900, '', '', 'Yes', '1', '3', 'eka', '2022-09-26 14:31:07', 'eka', '2022-09-26 14:31:35', '', '0000-00-00 00:00:00'),
(87, '0087/NRT/CAM/IX/22', '2022-09-24', '-', '0112/SRT/CAM/IX/22', 'C0081', 'IDR', 28697700, '-', '', 'No', '1', '3', 'jamaludin', '2022-10-19 11:18:23', 'ahmad.jundi', '2022-10-19 11:33:40', '', '0000-00-00 00:00:00'),
(88, '0088/NRT/CAM/X/22', '2022-10-01', 'Retur C0844 | PAPAYA CIKARANG.', '0113/SRT/CAM/X/22', 'C0844', 'IDR', 1117760, 'Retur C0844 | PAPAYA CIKARANG.', '', 'No', '1', '3', 'ahmad.jundi', '2022-10-20 00:54:02', '', '0000-00-00 00:00:00', '', '0000-00-00 00:00:00'),
(89, '0089/NRT/CAM/IX/22', '2022-09-24', 'Retur C0242 | PT. LION SUPER INDO (DCB - DC MOJOK', '0111/SRT/CAM/IX/22', 'C0242', 'IDR', 5391100, 'Retur C0242 | PT. LION SUPER INDO (DCB - DC MOJOK', '', 'No', '1', '3', 'ahmad.jundi', '2022-10-21 09:26:19', '', '0000-00-00 00:00:00', '', '0000-00-00 00:00:00'),
(90, '0090/NRT/CAM/IX/22', '2022-09-09', 'Retur C0003 | PT. LION SUPER INDO (DCA - DC CIKAR', '0114/SRT/CAM/IX/22', 'C0003', 'IDR', 43804800, 'Retur C0003 | PT. LION SUPER INDO (DCA - DC CIKAR', '', 'No', '1', '3', 'ahmad.jundi', '2022-10-21 11:23:09', '', '0000-00-00 00:00:00', '', '0000-00-00 00:00:00'),
(91, '0091/NRT/CAM/IX/22', '2022-09-10', 'Retur C0003 | PT. LION SUPER INDO (DCA - DC CIKAR', '0115/SRT/CAM/IX/22', 'C0003', 'IDR', 10752750, 'Retur C0003 | PT. LION SUPER INDO (DCA - DC CIKAR', '', 'No', '1', '3', 'ahmad.jundi', '2022-10-21 11:24:33', '', '0000-00-00 00:00:00', '', '0000-00-00 00:00:00'),
(92, '0092/NRT/CAM/X/22', '2022-10-19', 'Retur C0003 | PT. LION SUPER INDO (DCA - DC CIKAR', '0116/SRT/CAM/X/22', 'C0003', 'IDR', 1974422.28, 'Retur C0003 | PT. LION SUPER INDO (DCA - DC CIKAR', '', 'No', '1', '3', 'ahmad.jundi', '2022-10-24 13:44:34', '', '0000-00-00 00:00:00', '', '0000-00-00 00:00:00'),
(93, '0093/NRT/CAM/X/22', '2022-10-26', 'Retur C0044 | LOTTE GANDARIA', '0117/SRT/CAM/X/22', 'C0044', 'IDR', 22317750, 'Retur C0044 | LOTTE GANDARIA', '', 'No', '1', '3', 'ahmad.jundi', '2022-10-28 11:06:04', '', '0000-00-00 00:00:00', '', '0000-00-00 00:00:00'),
(94, '0094/NRT/CAM/XI/22', '2022-11-02', 'Retur C1138 | LOKA SUPERMARKET CIBUBUR', '0118/SRT/CAM/XI/22', 'C1138', 'IDR', 1196650, 'Retur C1138 | LOKA SUPERMARKET CIBUBUR', '', 'No', '1', '3', 'ahmad.jundi', '2022-11-07 15:37:26', '', '0000-00-00 00:00:00', '', '0000-00-00 00:00:00'),
(95, '0095/NRT/CAM/XI/22', '2022-11-08', 'Retur C1183 | MANGKOKKU', '0119/SRT/CAM/XI/22', 'C1183', 'IDR', 2070950, 'Retur C1183 | MANGKOKKU', '', 'No', '1', '3', 'ahmad.jundi', '2022-11-09 16:41:29', '', '0000-00-00 00:00:00', '', '0000-00-00 00:00:00'),
(96, '0096/NRT/CAM/XI/22', '2022-11-08', 'Retur C1138 | LOKA SUPERMARKET CIBUBUR', '0120/SRT/CAM/XI/22', 'C1138', 'IDR', 2106840, 'Retur C1138 | LOKA SUPERMARKET CIBUBUR', '', 'No', '1', '3', 'ahmad.jundi', '2022-11-10 10:50:44', '', '0000-00-00 00:00:00', '', '0000-00-00 00:00:00'),
(97, '0097/NRT/CAM/XI/22', '2022-11-09', 'Retur C0396 | CARREFOUR CENTRAL PARK', '0121/SRT/CAM/XI/22', 'C0396', 'IDR', 937710, 'Retur C0396 | CARREFOUR CENTRAL PARK', '', 'No', '1', '3', 'ahmad.jundi', '2022-11-10 10:54:37', '', '0000-00-00 00:00:00', '', '0000-00-00 00:00:00'),
(98, '0098/NRT/CAM/XI/22', '2022-11-21', 'Retur C0236 | HPM KARAWACI', '0122/SRT/CAM/XI/22', 'C0236', 'IDR', 4650000, 'Retur C0236 | HPM KARAWACI', '', 'No', '1', '3', 'ahmad.jundi', '2022-11-23 11:09:28', '', '0000-00-00 00:00:00', '', '0000-00-00 00:00:00'),
(99, '0099/NRT/CAM/XI/22', '2022-11-21', 'Retur C0237 | HPM CYBERPARK KRWC', '0123/SRT/CAM/XI/22', 'C0237', 'IDR', 5723000, 'Retur C0237 | HPM CYBERPARK KRWC', '', 'No', '1', '3', 'ahmad.jundi', '2022-11-23 11:18:34', '', '0000-00-00 00:00:00', '', '0000-00-00 00:00:00'),
(100, '0100/NRT/CAM/XI/22', '2022-11-21', 'Retur C0227 | HPM GADING SERPONG', '0124/SRT/CAM/XI/22', 'C0227', 'IDR', 10800000, 'Retur C0227 | HPM GADING SERPONG', '', 'No', '1', '3', 'ahmad.jundi', '2022-11-23 11:19:35', '', '0000-00-00 00:00:00', '', '0000-00-00 00:00:00'),
(101, '0101/NRT/CAM/XI/22', '2022-11-26', 'Retur C0971 | PT SUMBER TRIJAYA', '0125/SRT/CAM/XI/22', 'C0971', 'IDR', 88727600, 'Retur C0971 | PT SUMBER TRIJAYA', '', 'No', '1', '3', 'ahmad.jundi', '2022-11-29 09:31:09', '', '0000-00-00 00:00:00', '', '0000-00-00 00:00:00'),
(102, '0102/NRT/CAM/XI/22', '2022-11-26', 'Retur C0221 | HPM CIBUBUR CTG', '0126/SRT/CAM/XI/22', 'C0221', 'IDR', 7480000, 'Retur C0221 | HPM CIBUBUR CTG', '', 'No', '1', '3', 'ahmad.jundi', '2022-11-29 09:32:14', '', '0000-00-00 00:00:00', '', '0000-00-00 00:00:00'),
(103, '0103/NRT/CAM/XI/22', '2022-11-18', 'Retur C1183 | MANGKOKKU', '0127/SRT/CAM/XI/22', 'C1183', 'IDR', 1357030, 'Retur C1183 | MANGKOKKU', '', 'No', '1', '3', 'ahmad.jundi', '2022-11-29 13:36:55', '', '0000-00-00 00:00:00', '', '0000-00-00 00:00:00'),
(104, '0104/NRT/CAM/XI/22', '2022-11-30', 'Retur C1183 | MANGKOKKU', '0128/SRT/CAM/XI/22', 'C1183', 'IDR', 597310, 'Retur C1183 | MANGKOKKU', '', 'No', '1', '3', 'ahmad.jundi', '2022-12-01 14:53:15', '', '0000-00-00 00:00:00', '', '0000-00-00 00:00:00'),
(105, '0105/NRT/CAM/XII/22', '2022-12-05', 'Retur C0055 | HPM DC FRESH 108', '0129/SRT/CAM/XII/22', 'C0055', 'IDR', 133170600, 'Retur C0055 | HPM DC FRESH 108', '', 'No', '1', '3', 'ahmad.jundi', '2022-12-07 18:01:49', '', '0000-00-00 00:00:00', '', '0000-00-00 00:00:00'),
(106, '0106/NRT/CAM/XII/22', '2022-12-03', 'Retur C0971 | PT SUMBER TRIJAYA', '0130/SRT/CAM/XII/22', 'C0971', 'IDR', 246958400, 'Retur C0971 | PT SUMBER TRIJAYA', '', 'No', '1', '3', 'ahmad.jundi', '2022-12-07 18:04:45', '', '0000-00-00 00:00:00', '', '0000-00-00 00:00:00'),
(15, 'CAM-SRT-22010015', '2022-01-04', 'Retur INDOGROSIR CIKOKOL', 'SRT-22010001', 'C0990', 'IDR', 850300, '', '', 'Yes', '1', '3', 'eka', '2022-02-02 17:22:38', 'eka', '2022-02-02 17:24:17', '', '0000-00-00 00:00:00'),
(16, 'CAM-SRT-22010016', '2022-01-06', 'Retur LOTTE BINTARO', 'SRT-22010002', 'C0054', 'IDR', 3317160, '', '', 'Yes', '1', '3', 'eka', '2022-02-02 17:25:09', 'eka', '2022-02-02 17:25:29', '', '0000-00-00 00:00:00'),
(17, 'CAM-SRT-22010017', '2022-01-24', 'Retur CARREFOUR CEMPAKA MAS', 'SRT-22010003', 'C0735', 'IDR', 17599280, '', '', 'Yes', '1', '3', 'eka', '2022-02-02 17:31:49', 'eka', '2022-02-02 17:32:45', '', '0000-00-00 00:00:00'),
(14, 'CAM-SRT-70010014', '2022-02-22', 'Retur Kevin SO-20117809', 'SRT-21010008', 'C0772', 'IDR', 0, '', 'Salah tahun ngehe, gimana si lu om', 'Yes', '1', '0', 'm.fakhran', '2021-02-22 13:45:13', 'jamaludin', '2022-03-02 19:43:41', '', '0000-00-00 00:00:00');

-- --------------------------------------------------------

--
-- Table structure for table `frs_finance_sales_return_items`
--

CREATE TABLE `frs_finance_sales_return_items` (
  `item_id` int(11) NOT NULL,
  `sales_return_no` char(25) NOT NULL,
  `material_id` char(25) NOT NULL,
  `unit_price` double NOT NULL,
  `qty_unit` double NOT NULL,
  `amount` double NOT NULL,
  `cogs` double NOT NULL,
  `create_user` char(35) NOT NULL,
  `create_date` datetime NOT NULL
) ENGINE=InnoDB DEFAULT CHARSET=latin1;

--
-- Dumping data for table `frs_finance_sales_return_items`
--

INSERT INTO `frs_finance_sales_return_items` (`item_id`, `sales_return_no`, `material_id`, `unit_price`, `qty_unit`, `amount`, `cogs`, `create_user`, `create_date`) VALUES
(3, 'CAM-SRT-22010015', '11949234', 110000, 7.73, 850300, 78400.06, '', '0000-00-00 00:00:00'),
(4, 'CAM-SRT-22010016', '11902134', 308000, 10.77, 3317160, 296922.44, '', '0000-00-00 00:00:00'),
(5, 'CAM-SRT-22010017', '11062134', 179000, 98.32, 17599280, 142687.5, '', '0000-00-00 00:00:00'),
(6, '0055/NRT/CAM/I/70', '11949234', 110000, 3, 330000, 79116.51, '', '0000-00-00 00:00:00'),
(7, '0056/NRT/CAM/I/70', '11050134', 120000, 33.14, 3976800, 106856.97, '', '0000-00-00 00:00:00'),
(8, '0056/NRT/CAM/I/70', '11030134', 129000, 21.18, 2732220, 111821.51, '', '0000-00-00 00:00:00'),
(9, '0056/NRT/CAM/I/70', '11061134', 165000, 18.6, 3069000, 151490.9, '', '0000-00-00 00:00:00'),
(10, '0056/NRT/CAM/I/70', '11902134', 263000, 4.12, 1083560, 303692.4, '', '0000-00-00 00:00:00'),
(11, '0056/NRT/CAM/I/70', '11908134', 119000, 8.42, 1001980, 104688.19, '', '0000-00-00 00:00:00'),
(12, '0057/NRT/CAM/I/70', '11054134', 126500, 5.53, 699545, 0, '', '0000-00-00 00:00:00'),
(13, '0058/NRT/CAM/I/70', '11908134', 118500, 42.86, 5078910, 0, '', '0000-00-00 00:00:00'),
(14, '0058/NRT/CAM/I/70', '11120134', 123500, 9.15, 1130025, 0, '', '0000-00-00 00:00:00'),
(15, '0058/NRT/CAM/I/70', '11914134', 117000, 91.66, 10724220, 0, '', '0000-00-00 00:00:00'),
(16, '0059/NRT/CAM/I/70', '11948234', 83500, 5, 417500, 0, '', '0000-00-00 00:00:00'),
(17, '0060/NRT/CAM/I/70', '11061134', 165000, 13.55, 2235750, 0, '', '0000-00-00 00:00:00'),
(18, '0060/NRT/CAM/I/70', '11081134', 165000, 78.31, 12921150, 0, '', '0000-00-00 00:00:00'),
(19, '0062/NRT/CAM/I/70', '11201234', 80000, 41, 3280000, 74704.5, '', '0000-00-00 00:00:00'),
(20, '0063/NRT/CAM/I/70', '11400234', 63000, 1658.7, 104498100, 56750.43, '', '0000-00-00 00:00:00'),
(21, '0063/NRT/CAM/I/70', '11406234', 25000, 607.3, 15182500, 26321.04, '', '0000-00-00 00:00:00'),
(22, '0064/NRT/CAM/I/70', '11120134', 148500, 92.38, 13718430, 0, '', '0000-00-00 00:00:00'),
(23, '0064/NRT/CAM/I/70', '11914134', 148500, 50.4, 7484400, 0, '', '0000-00-00 00:00:00'),
(24, '0064/NRT/CAM/I/70', '11908134', 148500, 119.42, 17733870, 0, '', '0000-00-00 00:00:00'),
(25, '0065/NRT/CAM/I/70', '11404234', 44000, 146, 6424000, 0, '', '0000-00-00 00:00:00'),
(26, '0065/NRT/CAM/I/70', '12570234', 39000, 152, 5928000, 0, '', '0000-00-00 00:00:00'),
(27, '0066/NRT/CAM/I/70', '12A01229', 58000, 16.08, 932640, 0, '', '0000-00-00 00:00:00'),
(28, '0067/NRT/CAM/I/70', '12A01229', 63000, 200.16, 12610080, 0, '', '0000-00-00 00:00:00'),
(29, '0068/NRT/CAM/I/70', '11062134', 184500, 14.76, 2723220, 0, '', '0000-00-00 00:00:00'),
(30, '0069/NRT/CAM/I/70', '11903134', 148500, 2.8, 415800, 129482.95, '', '0000-00-00 00:00:00'),
(31, '0070/NRT/CAM/I/70', '11037234', 130000, 36.95, 4803500, 0, '', '0000-00-00 00:00:00'),
(32, '0071/NRT/CAM/I/70', '11120134', 142000, 49.86, 7080120, 110200.06, '', '0000-00-00 00:00:00'),
(33, '0072/NRT/CAM/I/70', '11081134', 192000, 15.21, 2920320, 182512.32, '', '0000-00-00 00:00:00'),
(34, '0072/NRT/CAM/I/70', '11062134', 183500, 2.45, 449575, 164098.46, '', '0000-00-00 00:00:00'),
(35, '0073/NRT/CAM/I/70', 'WMS - 037', 100000, 2, 200000, 110548.72, '', '0000-00-00 00:00:00'),
(36, '0073/NRT/CAM/I/70', 'WMS - 039', 160000, 10, 1600000, 141971.58, '', '0000-00-00 00:00:00'),
(37, '0073/NRT/CAM/I/70', 'WMS - 041', 160000, 1.5, 240000, 133804.72, '', '0000-00-00 00:00:00'),
(38, '0073/NRT/CAM/I/70', 'WMS - 044', 152000, 3.25, 494000, 137821.36, '', '0000-00-00 00:00:00'),
(39, '0073/NRT/CAM/I/70', 'WMS-003', 164000, 10.5, 1722000, 109509.71, '', '0000-00-00 00:00:00'),
(40, '0073/NRT/CAM/I/70', 'WMS-007', 78000, 17, 1326000, 72681.97, '', '0000-00-00 00:00:00'),
(41, '0073/NRT/CAM/I/70', 'WMS-017', 225000, 1.6, 360000, 181490.35, '', '0000-00-00 00:00:00'),
(42, '0073/NRT/CAM/I/70', 'WMS-019', 225000, 2.2, 495000, 175804.75, '', '0000-00-00 00:00:00'),
(43, '0073/NRT/CAM/I/70', 'WMS-021', 250000, 9.5, 2375000, 134545.08, '', '0000-00-00 00:00:00'),
(44, '0073/NRT/CAM/I/70', 'WMS-023', 110000, 1.5, 165000, 94829.98, '', '0000-00-00 00:00:00'),
(45, '0073/NRT/CAM/I/70', 'WMS-030', 146000, 1, 146000, 142950.46, '', '0000-00-00 00:00:00'),
(46, '0074/NRT/CAM/I/70', '11054134', 140000, 5.62, 786800, 0, '', '0000-00-00 00:00:00'),
(47, '0075/NRT/CAM/I/70', '11400234', 66000, 19, 1254000, 46877.72, '', '0000-00-00 00:00:00'),
(48, '0077/NRT/CAM/I/70', '11415234', 25000, 116.68, 2917000, 0, '', '0000-00-00 00:00:00'),
(49, '0077/NRT/CAM/I/70', '11406234', 25000, 49.94, 1248500, 0, '', '0000-00-00 00:00:00'),
(50, '0077/NRT/CAM/I/70', '11403234', 25000, 2.36, 59000, 0, '', '0000-00-00 00:00:00'),
(51, '0077/NRT/CAM/I/70', '11200234', 63000, 140, 8820000, 0, '', '0000-00-00 00:00:00'),
(52, '0077/NRT/CAM/I/70', '11400234', 25000, 62.74, 1568500, 0, '', '0000-00-00 00:00:00'),
(53, '0077/NRT/CAM/I/70', '11404234', 25000, 63.42, 1585500, 0, '', '0000-00-00 00:00:00'),
(54, '0077/NRT/CAM/I/70', '11418234', 25000, 25, 625000, 0, '', '0000-00-00 00:00:00'),
(55, '0078/NRT/CAM/I/70', '11914134', 141000, 3.64, 513240, 0, '', '0000-00-00 00:00:00'),
(56, '0078/NRT/CAM/I/70', '11081134', 192000, 34.01, 6529920, 0, '', '0000-00-00 00:00:00'),
(57, '0079/NRT/CAM/I/70', '11908134', 128494, 23.66, 3040168.04, 0, '', '0000-00-00 00:00:00'),
(58, '0079/NRT/CAM/I/70', '11914134', 133500, 4.14, 552690, 0, '', '0000-00-00 00:00:00'),
(59, '0080/NRT/CAM/I/70', '11903134', 133500, 57.09, 7621515, 0, '', '0000-00-00 00:00:00'),
(60, '0080/NRT/CAM/I/70', '11120134', 131500, 4.13, 543095, 0, '', '0000-00-00 00:00:00'),
(61, '0081/NRT/CAM/I/70', '11200234', 135000, 1000, 135000000, 0, '', '0000-00-00 00:00:00'),
(62, '0083/NRT/CAM/I/70', '11061134', 229000, 11.2, 2564800, 0, '', '0000-00-00 00:00:00'),
(63, '0084/NRT/CAM/I/70', '11902134', 317000, 2.05, 649850, 0, '', '0000-00-00 00:00:00'),
(64, '0084/NRT/CAM/I/70', '11081134', 239000, 4.85, 1159150, 0, '', '0000-00-00 00:00:00'),
(65, '0086/NRT/CAM/I/70', '11902234', 255000, 185.38, 47271900, 0, '', '0000-00-00 00:00:00'),
(67, '0087/NRT/CAM/X/22', '11418234', 56000, 19.96, 1117760, 0, '', '0000-00-00 00:00:00'),
(69, '0087/NRT/CAM/IX/22', '11902134', 289000, 99.3, 28697700, 203101.51, '', '0000-00-00 00:00:00'),
(70, '0088/NRT/CAM/X/22', '11418234', 56000, 19.96, 1117760, 37454.2, '', '0000-00-00 00:00:00'),
(71, '0089/NRT/CAM/IX/22', '11054234', 130000, 41.47, 5391100, 106877.84, '', '0000-00-00 00:00:00'),
(72, '0090/NRT/CAM/IX/22', '11200234', 135000, 324.48, 43804800, 135000, '', '0000-00-00 00:00:00'),
(73, '0091/NRT/CAM/IX/22', '11200234', 135000, 79.65, 10752750, 135000, '', '0000-00-00 00:00:00'),
(74, '0092/NRT/CAM/X/22', '11914134', 124500, 3.35, 417075, 111567.23, '', '0000-00-00 00:00:00'),
(75, '0092/NRT/CAM/X/22', '11908134', 128494, 12.12, 1557347.28, 108301.53, '', '0000-00-00 00:00:00'),
(76, '0093/NRT/CAM/X/22', '12120134', 163500, 136.5, 22317750, 104521.13, '', '0000-00-00 00:00:00'),
(77, '0094/NRT/CAM/XI/22', '11081134', 204500, 2.5, 511250, 166951.8, '', '0000-00-00 00:00:00'),
(78, '0094/NRT/CAM/XI/22', '11120134', 149000, 4.6, 685400, 122638.78, '', '0000-00-00 00:00:00'),
(80, '0095/NRT/CAM/XI/22', '11418234', 48500, 42.7, 2070950, 41218.72, '', '0000-00-00 00:00:00'),
(81, '0096/NRT/CAM/XI/22', '11902134', 271500, 7.76, 2106840, 210799.12, '', '0000-00-00 00:00:00'),
(82, '0097/NRT/CAM/XI/22', '11120134', 151000, 6.21, 937710, 117927.31, '', '0000-00-00 00:00:00'),
(83, '0098/NRT/CAM/XI/22', '110041Z4', 155000, 30, 4650000, 111974.21, '', '0000-00-00 00:00:00'),
(84, '0099/NRT/CAM/XI/22', '110011Z4', 165000, 17.4, 2871000, 123576.03, '', '0000-00-00 00:00:00'),
(85, '0099/NRT/CAM/XI/22', '110041Z4', 155000, 18.4, 2852000, 111974.21, '', '0000-00-00 00:00:00'),
(87, '0100/NRT/CAM/XI/22', '110011Z4', 165000, 26, 4290000, 123576.03, '', '0000-00-00 00:00:00'),
(88, '0100/NRT/CAM/XI/22', '110041Z4', 155000, 42, 6510000, 111974.21, '', '0000-00-00 00:00:00'),
(89, '0101/NRT/CAM/XI/22', '11902134', 260000, 341.26, 88727600, 216537.89, '', '0000-00-00 00:00:00'),
(90, '0102/NRT/CAM/XI/22', '110011Z4', 165000, 4, 660000, 123576.03, '', '0000-00-00 00:00:00'),
(91, '0102/NRT/CAM/XI/22', '110041Z4', 155000, 44, 6820000, 111974.21, '', '0000-00-00 00:00:00'),
(93, '0103/NRT/CAM/XI/22', '11418234', 48500, 27.98, 1357030, 57313.94, '', '0000-00-00 00:00:00'),
(94, '0104/NRT/CAM/XI/22', '11418234', 53000, 11.27, 597310, 41819.66, '', '0000-00-00 00:00:00'),
(95, '0105/NRT/CAM/XII/22', '110041Z4', 155000, 762.72, 118221600, 108859.73, '', '0000-00-00 00:00:00'),
(96, '0105/NRT/CAM/XII/22', '110011Z4', 165000, 90.6, 14949000, 122349.77, '', '0000-00-00 00:00:00'),
(98, '0106/NRT/CAM/XII/22', '11902134', 260000, 949.84, 246958400, 217079.81, '', '0000-00-00 00:00:00');

-- --------------------------------------------------------

--
-- Table structure for table `frs_finance_sales_return_used`
--

CREATE TABLE `frs_finance_sales_return_used` (
  `item_id` int(11) NOT NULL,
  `sales_return_no` char(25) NOT NULL,
  `sales_invoice_no` char(25) NOT NULL,
  `amount` double NOT NULL,
  `create_user` char(35) NOT NULL,
  `create_date` datetime NOT NULL
) ENGINE=InnoDB DEFAULT CHARSET=latin1;

-- --------------------------------------------------------

--
-- Table structure for table `frs_general_company_profile`
--

CREATE TABLE `frs_general_company_profile` (
  `account` int(11) NOT NULL,
  `name` char(50) NOT NULL,
  `initial` char(5) NOT NULL,
  `address` char(200) NOT NULL,
  `billing_address` char(200) NOT NULL,
  `npwp_no` char(16) NOT NULL,
  `name_bank_1` char(50) NOT NULL,
  `address_bank_1` char(100) NOT NULL,
  `account_number_bank_1` char(50) NOT NULL,
  `account_name_bank_1` char(100) NOT NULL,
  `name_bank_2` char(50) NOT NULL,
  `address_bank_2` char(100) NOT NULL,
  `account_number_bank_2` char(50) NOT NULL,
  `account_name_bank_2` char(100) NOT NULL
) ENGINE=InnoDB DEFAULT CHARSET=utf8mb4;

--
-- Dumping data for table `frs_general_company_profile`
--

INSERT INTO `frs_general_company_profile` (`account`, `name`, `initial`, `address`, `billing_address`, `npwp_no`, `name_bank_1`, `address_bank_1`, `account_number_bank_1`, `account_name_bank_1`, `name_bank_2`, `address_bank_2`, `account_number_bank_2`, `account_name_bank_2`) VALUES
(1, 'PT. Akuasik Solution Indonesia', 'ASI', 'Bekasi', 'Bekasi', '', 'PT Bank Central Asia Tbk', '', '000.000.00', 'PT. Akuasik Solution Indonesia', '', '', '', '');

-- --------------------------------------------------------

--
-- Table structure for table `frs_general_menu`
--

CREATE TABLE `frs_general_menu` (
  `id` char(3) NOT NULL,
  `description` char(35) NOT NULL,
  `url` char(50) NOT NULL,
  `menu_group` int(2) NOT NULL,
  `menu_category` int(1) NOT NULL,
  `blocked` char(3) NOT NULL
) ENGINE=InnoDB DEFAULT CHARSET=utf8mb4;

--
-- Dumping data for table `frs_general_menu`
--

INSERT INTO `frs_general_menu` (`id`, `description`, `url`, `menu_group`, `menu_category`, `blocked`) VALUES
('11', 'Purchase Advance', 'frsPurchasingPurchaseAdvance.php', 1, 1, 'No'),
('12', 'Purchase Order', 'frsPurchasingPurchaseOrder.php', 1, 1, 'No'),
('13', 'Purchase Invoice', 'frsPurchasingPurchaseInvoice.php', 1, 1, 'No'),
('14', 'Purchase Return', 'frsPurchasingPurchaseReturn.php', 1, 1, 'No'),
('15', 'Purchase Payment', 'frsPurchasingPurchasePayment.php', 1, 1, 'No'),
('16', 'Payable Book', 'frsPurchasingPayableBook.php', 1, 2, 'No'),
('17', 'List Supplier', 'frsPurchasingSupplier.php', 1, 3, 'No'),
('21a', 'Purchase Order', 'frsLogisticPurchaseOrder.php', 2, 1, 'Yes'),
('21b', 'Sales Order', 'frsLogisticSalesOrder.php', 2, 1, 'Yes'),
('22', 'Goods Receipt', 'frsLogisticGoodsReceipt.php', 2, 1, 'No'),
('23a', 'Re-Work', 'frsLogisticRework.php', 2, 1, 'No'),
('24', 'Goods Issue', 'frsLogisticGoodsIssue.php', 2, 1, 'No'),
('24a', 'Delivery Order', 'frsLogisticDeliveryOrder.php', 2, 1, 'No'),
('26', 'Stock Opname', 'frsLogisticStockOpname.php', 2, 1, 'No'),
('27', 'Stock Monitoring', 'frsLogisticStockMonitoring.php', 2, 2, 'No'),
('29a', 'List Material', 'frsLogisticMaterial.php', 2, 3, 'No'),
('29b', 'List Warehouse', 'frsLogisticWarehouse.php', 2, 3, 'No'),
('31', 'Production', 'frsProduction.php', 3, 1, 'No'),
('32', 'List Farm', 'frsProductionFarm.php', 3, 3, 'No'),
('33', 'List Pen', 'frsProductionPen.php', 3, 3, 'No'),
('34', 'List Formula', 'frsProductionFormula.php', 3, 3, 'No'),
('41', 'Sales Advance', 'frsMarketingSalesAdvance.php', 4, 1, 'No'),
('42', 'Sales Order', 'frsMarketingSalesOrder.php', 4, 1, 'No'),
('43', 'Sales Invoice', 'frsMarketingSalesInvoice.php', 4, 1, 'No'),
('44', 'Sales Return', 'frsMarketingSalesReturn.php', 4, 1, 'No'),
('45', 'Sales Discount', 'frsMarketingSalesDiscount.php', 4, 1, 'No'),
('46', 'Sales Netoff', 'frsMarketingSalesNetoff.php', 4, 1, 'No'),
('47', 'Sales Receipt', 'frsMarketingSalesReceipt.php', 4, 1, 'No'),
('48', 'Receivable Book', 'frsMarketingReceivableBook.php', 4, 2, 'No'),
('49', 'List Customer', 'frsMarketingCustomer.php', 4, 3, 'No'),
('4A', 'List Salesman', 'frsMarketingSalesman.php', 4, 3, 'No'),
('5A1', 'Employee', 'frsHREmployee.php', 5, 1, 'No'),
('5B1', 'Fixed Asset', 'frsGeneralAffairFixedAsset.php', 5, 1, 'No'),
('61', 'Bank Transaction', 'frsFinanceBankTrx.php', 6, 1, 'No'),
('62', 'Cash Transaction', 'frsFinanceCashTrx.php', 6, 1, 'No'),
('63', 'Bank Book', 'frsFinanceBankBook.php', 6, 2, 'No'),
('64', 'Cash Book', 'frsFinanceCashBook.php', 6, 2, 'No'),
('65', 'List Bank', 'frsFinanceBank.php', 6, 3, 'No'),
('66', 'List Cash', 'frsFinanceCash.php', 6, 3, 'No'),
('70', 'Beginning Balance', 'frsAccountingBeginningBalance.php', 7, 1, 'No'),
('71', 'Journal', 'frsAccountingJournal.php', 7, 1, 'No'),
('72a', 'General Ledger', 'frsAccountingGeneralLedger.php', 7, 2, 'No'),
('72b', 'Profit Loss', 'frsAccountingProfitLoss.php', 7, 2, 'No'),
('72c', 'Balance Sheet', 'frsAccountingBalanceSheet.php', 7, 2, 'No'),
('75', 'List Chart Of Account', 'frsAccountingChart.php', 7, 3, 'No'),
('76', 'List Supplier', 'frsAccountingSupplier.php', 7, 3, 'No'),
('77', 'List Customer', 'frsAccountingCustomer.php', 7, 3, 'No'),
('78', 'List Material', 'frsAccountingMaterial.php', 7, 3, 'No'),
('79', 'List Bank', 'frsAccountingBank.php', 7, 3, 'No'),
('7A', 'List Cash', 'frsAccountingCash.php', 7, 3, 'No'),
('7B', 'List Tax', 'frsAccountingTax.php', 7, 3, 'No'),
('81', 'Users', 'frsHelpdeskUsers.php', 8, 1, 'No'),
('82', 'Change Password', 'frsChangePassword.php', 8, 1, 'No'),
('83', 'Log Activity', 'frsLogActivity.php', 8, 1, 'No'),
('84', 'Logout', 'frsLogout.php', 8, 1, 'No');

-- --------------------------------------------------------

--
-- Table structure for table `frs_general_menu_category`
--

CREATE TABLE `frs_general_menu_category` (
  `id` int(11) NOT NULL,
  `description` char(15) NOT NULL
) ENGINE=InnoDB DEFAULT CHARSET=utf8mb4;

--
-- Dumping data for table `frs_general_menu_category`
--

INSERT INTO `frs_general_menu_category` (`id`, `description`) VALUES
(1, 'Transaction'),
(2, 'Report'),
(3, 'Setting');

-- --------------------------------------------------------

--
-- Table structure for table `frs_general_menu_group`
--

CREATE TABLE `frs_general_menu_group` (
  `id` int(11) NOT NULL,
  `description` char(35) NOT NULL
) ENGINE=InnoDB DEFAULT CHARSET=utf8mb4;

--
-- Dumping data for table `frs_general_menu_group`
--

INSERT INTO `frs_general_menu_group` (`id`, `description`) VALUES
(1, 'Purchasing'),
(2, 'Logistic'),
(3, 'Production'),
(4, 'Marketing'),
(5, 'HR & GA'),
(6, 'Finance'),
(7, 'Accounting'),
(8, 'Helpdesk');

-- --------------------------------------------------------

--
-- Table structure for table `frs_general_menu_user_access`
--

CREATE TABLE `frs_general_menu_user_access` (
  `id` int(11) NOT NULL,
  `user_id` char(15) NOT NULL,
  `menu_id` char(3) NOT NULL,
  `status_create` char(1) NOT NULL,
  `status_modified` char(1) NOT NULL,
  `status_request_approve` char(1) NOT NULL,
  `status_disapprove` char(1) NOT NULL,
  `status_rejected` char(1) NOT NULL,
  `status_approved` char(1) NOT NULL,
  `status_correction` char(1) NOT NULL,
  `status_verified` char(1) NOT NULL,
  `status_unverify` char(1) NOT NULL
) ENGINE=InnoDB DEFAULT CHARSET=utf8mb4;

--
-- Dumping data for table `frs_general_menu_user_access`
--

INSERT INTO `frs_general_menu_user_access` (`id`, `user_id`, `menu_id`, `status_create`, `status_modified`, `status_request_approve`, `status_disapprove`, `status_rejected`, `status_approved`, `status_correction`, `status_verified`, `status_unverify`) VALUES
(1, 'jamaludin', '84', '0', '0', '0', '0', '0', '0', '0', '0', '0'),
(2, 'jamaludin.user', '11', '1', '1', '1', '1', '1', '1', '1', '1', '1'),
(3, 'jamaludin.user', '12', '0', '0', '0', '0', '0', '0', '0', '0', '0');

-- --------------------------------------------------------

--
-- Table structure for table `frs_goods_issue`
--

CREATE TABLE `frs_goods_issue` (
  `no` int(11) NOT NULL,
  `goods_issue_no` char(25) NOT NULL,
  `goods_issue_date` date NOT NULL,
  `description` char(100) NOT NULL,
  `account_warehouse` char(5) NOT NULL,
  `account_production_plant` char(5) NOT NULL,
  `reference_no` char(25) NOT NULL,
  `account_customer` char(15) NOT NULL,
  `account_vendor` char(15) NOT NULL,
  `account_department` char(15) NOT NULL,
  `delivery_address` char(100) NOT NULL,
  `delivery_order_no` char(35) NOT NULL,
  `purchase_return_no` char(25) NOT NULL,
  `summary_issue` char(200) NOT NULL,
  `summary_reject` char(200) NOT NULL,
  `material_category` char(2) NOT NULL,
  `category` char(15) NOT NULL,
  `category_book` char(1) NOT NULL,
  `status_id` char(3) NOT NULL,
  `status_trx` char(2) NOT NULL,
  `transaction` char(15) NOT NULL,
  `create_user` char(35) NOT NULL,
  `create_date` datetime NOT NULL,
  `modified_user` char(35) NOT NULL,
  `modified_date` datetime NOT NULL,
  `approved_user` char(35) NOT NULL,
  `approved_date` datetime NOT NULL
) ENGINE=InnoDB DEFAULT CHARSET=latin1;

--
-- Dumping data for table `frs_goods_issue`
--

INSERT INTO `frs_goods_issue` (`no`, `goods_issue_no`, `goods_issue_date`, `description`, `account_warehouse`, `account_production_plant`, `reference_no`, `account_customer`, `account_vendor`, `account_department`, `delivery_address`, `delivery_order_no`, `purchase_return_no`, `summary_issue`, `summary_reject`, `material_category`, `category`, `category_book`, `status_id`, `status_trx`, `transaction`, `create_user`, `create_date`, `modified_user`, `modified_date`, `approved_user`, `approved_date`) VALUES
(1, '0001/GI/II/23', '2023-02-24', 'Pengeluaran penjualan [00001/SO/II/23]', 'W01', '', '00001/SO/II/23', 'C0008', '', '', 'Xiamen, China', '', '', '', '', 'FG', 'Sales Order', '1', '3', 'P1', 'AUTO', 'admin', '2023-02-25 04:15:05', '', '0000-00-00 00:00:00', 'admin', '2023-03-08 23:28:18'),
(2, '0002/GI/III/23', '2023-03-04', 'Test', 'W01', '', '0001/PRD/III/23', '', '', '', '', '', '', '0', '', 'FG', 'Re-Work', '1', '3', 'P1', 'AUTO', 'admin', '2023-03-04 07:04:16', '', '0000-00-00 00:00:00', '', '0000-00-00 00:00:00'),
(3, '0003/GI/III/23', '2023-03-04', 'Test', 'W01', '', '0001/PRD/III/23', '', '', '', '', '', '', '0', '', 'SP', 'Re-Work', '1', '3', 'P1', 'AUTO', 'admin', '2023-03-05 22:14:50', '', '0000-00-00 00:00:00', '', '0000-00-00 00:00:00');

-- --------------------------------------------------------

--
-- Table structure for table `frs_goods_issue_items`
--

CREATE TABLE `frs_goods_issue_items` (
  `item_id` int(11) NOT NULL,
  `goods_issue_no` char(25) NOT NULL,
  `goods_receipt_no` char(25) NOT NULL,
  `material_id` char(25) NOT NULL,
  `price_sales` double NOT NULL,
  `cogs` double NOT NULL,
  `qty_unit` double NOT NULL,
  `qty_other` double NOT NULL,
  `create_user` char(35) NOT NULL,
  `create_date` datetime NOT NULL
) ENGINE=InnoDB DEFAULT CHARSET=latin1;

--
-- Dumping data for table `frs_goods_issue_items`
--

INSERT INTO `frs_goods_issue_items` (`item_id`, `goods_issue_no`, `goods_receipt_no`, `material_id`, `price_sales`, `cogs`, `qty_unit`, `qty_other`, `create_user`, `create_date`) VALUES
(4, '0001/GI/II/23', '0002/GR/II/23', 'FG0004', 0, 0, 10.5, 0, 'admin', '0000-00-00 00:00:00'),
(8, '0002/GI/III/23', '0002/GR/II/23', 'FG0004', 0, 0, 5.02, 0, 'admin', '2023-03-04 15:39:11'),
(10, '0003/GI/III/23', '0004/GR/III/23', 'SP0001', 0, 0, 1, 0, 'admin', '2023-03-05 22:24:28');

-- --------------------------------------------------------

--
-- Table structure for table `frs_goods_receipt`
--

CREATE TABLE `frs_goods_receipt` (
  `no` int(11) NOT NULL,
  `goods_receipt_no` char(25) NOT NULL,
  `goods_receipt_date` date NOT NULL,
  `description` char(100) NOT NULL,
  `account_warehouse` char(5) NOT NULL,
  `reference_no` char(25) NOT NULL,
  `sales_return_no` char(25) NOT NULL,
  `account_vendor` char(15) NOT NULL,
  `account_department` char(15) NOT NULL,
  `account_customer` char(15) NOT NULL,
  `account_production_plant` char(5) NOT NULL,
  `delivery_order_vendor_no` char(25) NOT NULL,
  `police_no` char(15) NOT NULL,
  `summary_receipt` char(200) NOT NULL,
  `summary_reject` char(100) NOT NULL,
  `material_category` char(2) NOT NULL,
  `category` char(15) NOT NULL,
  `status_costing` char(3) NOT NULL,
  `payment_request_no` char(25) NOT NULL,
  `beginning_balance` char(3) NOT NULL,
  `category_book` char(1) NOT NULL,
  `status_id` char(3) NOT NULL,
  `status_trx` char(2) NOT NULL,
  `transaction` char(15) NOT NULL,
  `create_user` char(35) NOT NULL,
  `create_date` datetime NOT NULL,
  `modified_user` char(35) NOT NULL,
  `modified_date` datetime NOT NULL,
  `approved_user` char(35) NOT NULL,
  `approved_date` datetime NOT NULL,
  `completed_user` char(35) NOT NULL,
  `completed_date` datetime NOT NULL
) ENGINE=InnoDB DEFAULT CHARSET=latin1;

--
-- Dumping data for table `frs_goods_receipt`
--

INSERT INTO `frs_goods_receipt` (`no`, `goods_receipt_no`, `goods_receipt_date`, `description`, `account_warehouse`, `reference_no`, `sales_return_no`, `account_vendor`, `account_department`, `account_customer`, `account_production_plant`, `delivery_order_vendor_no`, `police_no`, `summary_receipt`, `summary_reject`, `material_category`, `category`, `status_costing`, `payment_request_no`, `beginning_balance`, `category_book`, `status_id`, `status_trx`, `transaction`, `create_user`, `create_date`, `modified_user`, `modified_date`, `approved_user`, `approved_date`, `completed_user`, `completed_date`) VALUES
(1, '0001/GR/II/23', '2023-02-09', 'Penerimaan barang', 'W01', '0001/PO/II/23', '', 'V0001', '', '', '', '-', '-', '-', '', 'FG', 'Purchase Order', 'No', '', '', '1', '3', 'P1', '', 'admin', '2023-02-09 13:05:37', '', '0000-00-00 00:00:00', 'admin', '2023-02-09 13:11:23', '', '0000-00-00 00:00:00'),
(2, '0002/GR/II/23', '2023-02-09', 'Penerimaan barang', 'W01', '0001/PO/II/23', '', 'V0001', '', '', '', '--', 'jgk', '-', '', 'FG', 'Purchase Order', 'No', '0003/PI/IV/23', '', '1', '3', 'P1', '', 'admin', '2023-02-09 14:02:34', '', '0000-00-00 00:00:00', 'admin', '2023-03-08 04:41:22', '', '0000-00-00 00:00:00'),
(3, '0003/GR/I/23', '2023-01-01', 'Saldo awal', 'W01', '', '', '', '', '', '', '', '', '-', '', 'FG', 'Beginning', 'Yes', '', '', '1', '1', 'P1', 'AUTO', 'admin', '2023-02-10 16:24:13', '', '0000-00-00 00:00:00', '', '0000-00-00 00:00:00', '', '0000-00-00 00:00:00'),
(4, '0004/GR/III/23', '2023-03-05', 'Penerimaan barang', 'W01', '0003/PO/III/23', '', 'V0001', '', '', '', '-', '-', '-', '', 'SP', 'Purchase Order', 'No', '', '', '1', '3', 'P1', '', 'admin', '2023-03-05 22:03:48', '', '0000-00-00 00:00:00', 'admin', '2023-03-05 22:04:10', '', '0000-00-00 00:00:00'),
(5, '0005/GR/III/23', '2023-03-04', 'Test', 'W01', '0001/PRD/III/23', '', '', '', '', '', '', '', '0', '', 'FG', 'Re-Work', 'No', '', '', '1', '3', 'P1', 'AUTO', 'admin', '2023-03-05 22:55:55', '', '0000-00-00 00:00:00', '', '0000-00-00 00:00:00', '', '0000-00-00 00:00:00');

-- --------------------------------------------------------

--
-- Table structure for table `frs_goods_receipt_attachment`
--

CREATE TABLE `frs_goods_receipt_attachment` (
  `item_id` int(11) NOT NULL,
  `goods_receipt_no` char(25) NOT NULL,
  `material_id` char(25) NOT NULL,
  `serial_no` char(25) NOT NULL,
  `image` char(100) NOT NULL,
  `label` char(50) NOT NULL,
  `category` char(5) NOT NULL,
  `create_user` char(35) NOT NULL,
  `create_date` datetime NOT NULL
) ENGINE=InnoDB DEFAULT CHARSET=utf8mb4;

--
-- Dumping data for table `frs_goods_receipt_attachment`
--

INSERT INTO `frs_goods_receipt_attachment` (`item_id`, `goods_receipt_no`, `material_id`, `serial_no`, `image`, `label`, `category`, `create_user`, `create_date`) VALUES
(1, '0002/GR/II/23', 'FG0004', 'AGAJH', 'frs_8594d1d92d4acd5593c7639e52aea690', 'Kontainer', 'image', 'admin', '2023-02-22 19:01:19'),
(4, '0002/GR/II/23', 'FG0004', 'AGAJH', 'frs_177771a6ec74c17da8473275e8cae0d8', 'Timbangan', 'image', 'admin', '2023-02-22 19:17:47'),
(6, '0002/GR/II/23', 'FG0004', 'AGAJH', 'https://www.youtube.com/watch?v=ReXKDbAWCCU', 'test', 'video', 'admin', '2023-02-22 20:36:52');

-- --------------------------------------------------------

--
-- Table structure for table `frs_goods_receipt_items`
--

CREATE TABLE `frs_goods_receipt_items` (
  `item_id` int(11) NOT NULL,
  `goods_receipt_no` char(25) NOT NULL,
  `material_id` char(25) NOT NULL,
  `price_purchase` double NOT NULL,
  `price_discount` double NOT NULL,
  `cogs_purchase` double NOT NULL,
  `cogs_handling` double NOT NULL,
  `cogs` double NOT NULL,
  `qty_unit` double NOT NULL,
  `qty_other` double NOT NULL,
  `create_user` char(35) NOT NULL,
  `create_date` datetime NOT NULL
) ENGINE=InnoDB DEFAULT CHARSET=latin1;

--
-- Dumping data for table `frs_goods_receipt_items`
--

INSERT INTO `frs_goods_receipt_items` (`item_id`, `goods_receipt_no`, `material_id`, `price_purchase`, `price_discount`, `cogs_purchase`, `cogs_handling`, `cogs`, `qty_unit`, `qty_other`, `create_user`, `create_date`) VALUES
(5, '0002/GR/II/23', 'FG0004', 7000, 2000, 5000, 200, 5200, 25.52, 0, 'admin', '2023-02-09 14:02:34'),
(12, '0004/GR/III/23', 'SP0001', 4500000, 0, 0, 0, 1, 10, 0, 'admin', '2023-03-05 22:03:48'),
(13, '0005/GR/III/23', 'FG0004', 0, 0, 0, 0, 1, 1000, 0, 'admin', '2023-03-05 22:55:55'),
(15, '0003/GR/I/23', 'FG0003', 8200, 0, 0, 0, 8200, 233.5, 0, 'admin', '2023-03-08 18:42:02');

-- --------------------------------------------------------

--
-- Table structure for table `frs_hr_employee`
--

CREATE TABLE `frs_hr_employee` (
  `no` int(5) NOT NULL,
  `nrp` char(5) NOT NULL,
  `name` char(50) NOT NULL,
  `nik` char(16) NOT NULL,
  `npwp` char(16) NOT NULL,
  `gender_id` char(1) NOT NULL,
  `born_city` char(50) NOT NULL,
  `born_date` date NOT NULL,
  `religion_id` char(1) NOT NULL,
  `merried_id` char(1) NOT NULL,
  `education_last_id` char(2) NOT NULL,
  `education_faculty` varchar(100) NOT NULL,
  `email` char(50) NOT NULL,
  `tlp_no` char(50) NOT NULL,
  `address` char(200) NOT NULL,
  `salery` double NOT NULL,
  `job_class_id` char(1) NOT NULL,
  `job_group_id` char(2) NOT NULL,
  `organize_id` char(5) NOT NULL,
  `apply_date` date NOT NULL,
  `status_id` char(2) NOT NULL,
  `create_user` char(35) NOT NULL,
  `create_date` datetime NOT NULL
) ENGINE=InnoDB DEFAULT CHARSET=utf8mb4;

--
-- Dumping data for table `frs_hr_employee`
--

INSERT INTO `frs_hr_employee` (`no`, `nrp`, `name`, `nik`, `npwp`, `gender_id`, `born_city`, `born_date`, `religion_id`, `merried_id`, `education_last_id`, `education_faculty`, `email`, `tlp_no`, `address`, `salery`, `job_class_id`, `job_group_id`, `organize_id`, `apply_date`, `status_id`, `create_user`, `create_date`) VALUES
(1, '00001', 'Jamaludin', '123', '321', 'L', 'Subang', '1984-07-14', '1', '2', '4', 'FTUMJ', '@jam', '087', 'Bekasi', 2000, '5', '5A', '511', '2023-03-01', 'E3', 'admin', '2023-03-01 15:03:52');

-- --------------------------------------------------------

--
-- Table structure for table `frs_hr_employee_education_level`
--

CREATE TABLE `frs_hr_employee_education_level` (
  `id` int(2) NOT NULL,
  `description` char(15) NOT NULL,
  `Blocked` char(3) NOT NULL
) ENGINE=InnoDB DEFAULT CHARSET=utf8mb4;

--
-- Dumping data for table `frs_hr_employee_education_level`
--

INSERT INTO `frs_hr_employee_education_level` (`id`, `description`, `Blocked`) VALUES
(1, 'SD', 'No'),
(2, 'SMP', 'No'),
(3, 'D3', 'No'),
(4, 'S1', 'No'),
(5, 'S2', 'No');

-- --------------------------------------------------------

--
-- Table structure for table `frs_hr_employee_gender`
--

CREATE TABLE `frs_hr_employee_gender` (
  `id` char(1) NOT NULL,
  `description` char(15) NOT NULL,
  `Blocked` char(3) NOT NULL
) ENGINE=InnoDB DEFAULT CHARSET=utf8mb4;

--
-- Dumping data for table `frs_hr_employee_gender`
--

INSERT INTO `frs_hr_employee_gender` (`id`, `description`, `Blocked`) VALUES
('L', 'Laki-laki', 'No'),
('P', 'Perempuan', 'No');

-- --------------------------------------------------------

--
-- Table structure for table `frs_hr_employee_level`
--

CREATE TABLE `frs_hr_employee_level` (
  `id` int(2) NOT NULL,
  `name` char(35) NOT NULL,
  `blocked` char(3) NOT NULL
) ENGINE=InnoDB DEFAULT CHARSET=utf8mb4;

--
-- Dumping data for table `frs_hr_employee_level`
--

INSERT INTO `frs_hr_employee_level` (`id`, `name`, `blocked`) VALUES
(1, 'Commissioner', 'No'),
(2, 'Directorate', 'No'),
(3, 'Division', 'No'),
(4, 'Department', 'No'),
(5, 'Section', 'No'),
(6, 'Work Group', 'No');

-- --------------------------------------------------------

--
-- Table structure for table `frs_hr_employee_merried`
--

CREATE TABLE `frs_hr_employee_merried` (
  `id` int(1) NOT NULL,
  `description` char(15) NOT NULL,
  `Blocked` char(3) NOT NULL
) ENGINE=InnoDB DEFAULT CHARSET=utf8mb4;

--
-- Dumping data for table `frs_hr_employee_merried`
--

INSERT INTO `frs_hr_employee_merried` (`id`, `description`, `Blocked`) VALUES
(1, 'Belum Kawin', 'No'),
(2, 'Kawin', 'No'),
(3, 'Cerai Hidup', 'No'),
(4, 'Cerai Mati', 'No');

-- --------------------------------------------------------

--
-- Table structure for table `frs_hr_employee_organize`
--

CREATE TABLE `frs_hr_employee_organize` (
  `id` char(5) NOT NULL,
  `name` char(50) NOT NULL,
  `level_id` int(2) NOT NULL,
  `header_id` int(2) NOT NULL,
  `position_level_id` char(1) NOT NULL,
  `blocked` char(3) NOT NULL
) ENGINE=InnoDB DEFAULT CHARSET=utf8mb4;

--
-- Dumping data for table `frs_hr_employee_organize`
--

INSERT INTO `frs_hr_employee_organize` (`id`, `name`, `level_id`, `header_id`, `position_level_id`, `blocked`) VALUES
('1', 'Direktorat Pembelian', 2, 0, '7', 'No'),
('11', 'Divisi Pembelian', 3, 1, '6', 'No'),
('111', 'Departemen Pembelian', 4, 11, '5', 'No'),
('2', 'Direktorat Produksi & Operasional', 2, 0, '7', 'No'),
('21', 'Divisi Produksi & Operasional', 3, 2, '6', 'No'),
('3', 'Direktorat Pemasaran', 2, 0, '7', 'No'),
('31', 'Divisi Pemasaran', 3, 3, '6', 'No'),
('311', 'Departemen Pemasaran', 4, 3, '5', 'No'),
('4', 'Direktorat Finance & Accounting', 2, 0, '7', 'No'),
('5', 'Direktorat HR', 2, 0, '7', 'No'),
('51', 'Divisi HR', 3, 5, '6', 'No'),
('511', 'Departemen HRD, GA & IT', 4, 5, '5', 'No');

-- --------------------------------------------------------

--
-- Table structure for table `frs_hr_employee_position`
--

CREATE TABLE `frs_hr_employee_position` (
  `id` char(2) NOT NULL,
  `name` char(35) NOT NULL,
  `level_id` int(2) NOT NULL,
  `organize_id` int(2) NOT NULL,
  `blocked` char(3) NOT NULL
) ENGINE=InnoDB DEFAULT CHARSET=utf8mb4;

--
-- Dumping data for table `frs_hr_employee_position`
--

INSERT INTO `frs_hr_employee_position` (`id`, `name`, `level_id`, `organize_id`, `blocked`) VALUES
('10', 'Komisaris Utama', 1, 0, 'No'),
('11', 'Komisaris', 1, 0, 'No'),
('20', 'Direktur Utama', 2, 0, 'No'),
('21', 'Direktur Pembelian', 2, 1, 'No'),
('22', 'Direktur Produksi & Operasional', 2, 2, 'No'),
('23', 'Direktur Pemasaran', 2, 3, 'No'),
('24', 'Direktur Finance & Accounting', 2, 4, 'No');

-- --------------------------------------------------------

--
-- Table structure for table `frs_hr_employee_position_level`
--

CREATE TABLE `frs_hr_employee_position_level` (
  `id` char(1) NOT NULL,
  `description` char(15) NOT NULL,
  `Blocked` char(3) NOT NULL
) ENGINE=InnoDB DEFAULT CHARSET=utf8mb4;

--
-- Dumping data for table `frs_hr_employee_position_level`
--

INSERT INTO `frs_hr_employee_position_level` (`id`, `description`, `Blocked`) VALUES
('1', 'Operator', 'No'),
('2', 'Staf', 'No'),
('3', 'Koordinator', 'No'),
('4', 'Supervisor', 'No'),
('5', 'Manajer', 'No'),
('6', 'General Manajer', 'No'),
('7', 'Direktur', 'No'),
('8', 'Komisaris', 'No');

-- --------------------------------------------------------

--
-- Table structure for table `frs_hr_employee_position_level_group`
--

CREATE TABLE `frs_hr_employee_position_level_group` (
  `id` char(2) NOT NULL,
  `level_id` char(1) NOT NULL,
  `Blocked` char(3) NOT NULL
) ENGINE=InnoDB DEFAULT CHARSET=utf8mb4;

--
-- Dumping data for table `frs_hr_employee_position_level_group`
--

INSERT INTO `frs_hr_employee_position_level_group` (`id`, `level_id`, `Blocked`) VALUES
('1A', '1', 'No'),
('1B', '1', 'No'),
('1C', '1', 'No'),
('1D', '1', 'No'),
('1E', '1', 'No'),
('1F', '1', 'No'),
('2A', '2', 'No'),
('2B', '2', 'No'),
('2C', '2', 'No'),
('2D', '2', 'No'),
('2E', '2', 'No'),
('2F', '2', 'No'),
('3A', '3', 'No'),
('3B', '3', 'No'),
('3C', '3', 'No'),
('3D', '3', 'No'),
('3E', '3', 'No'),
('3F', '3', 'No'),
('4A', '4', 'No'),
('4B', '4', 'No'),
('4C', '4', 'No'),
('4D', '4', 'No'),
('4E', '4', 'No'),
('4F', '4', 'No'),
('5A', '5', 'No'),
('5B', '5', 'No'),
('5C', '5', 'No'),
('5D', '5', 'No'),
('5E', '5', 'No'),
('5F', '5', 'No'),
('6A', '6', 'No'),
('7A', '7', 'No');

-- --------------------------------------------------------

--
-- Table structure for table `frs_hr_employee_religion`
--

CREATE TABLE `frs_hr_employee_religion` (
  `id` int(1) NOT NULL,
  `name` char(35) NOT NULL,
  `blocked` char(3) NOT NULL
) ENGINE=InnoDB DEFAULT CHARSET=utf8mb4;

--
-- Dumping data for table `frs_hr_employee_religion`
--

INSERT INTO `frs_hr_employee_religion` (`id`, `name`, `blocked`) VALUES
(1, 'Islam', 'no'),
(2, 'Protestan', 'No'),
(3, 'Katolik', 'No'),
(4, 'Hindu', 'No'),
(5, 'Buddha', 'No'),
(6, 'Konghucu', 'No'),
(7, 'Kepercayaan lainnya', 'No');

-- --------------------------------------------------------

--
-- Table structure for table `frs_logistic_inventory`
--

CREATE TABLE `frs_logistic_inventory` (
  `item_id` int(11) NOT NULL,
  `serial_no` char(25) NOT NULL,
  `primary_serial_no` char(25) NOT NULL,
  `material_id` char(25) NOT NULL,
  `qty_unit` double NOT NULL,
  `qty_shipment` double NOT NULL,
  `qty_loss` double NOT NULL,
  `account_warehouse` char(3) NOT NULL,
  `goods_receipt_no` char(25) NOT NULL,
  `stock_opname_no` char(25) NOT NULL,
  `goods_issue_no` char(25) NOT NULL,
  `delivery_order_no` char(25) NOT NULL,
  `status_id` char(2) NOT NULL,
  `status_intransit` char(3) NOT NULL,
  `create_user` char(35) NOT NULL,
  `create_date` datetime NOT NULL
) ENGINE=InnoDB DEFAULT CHARSET=utf8mb4;

--
-- Dumping data for table `frs_logistic_inventory`
--

INSERT INTO `frs_logistic_inventory` (`item_id`, `serial_no`, `primary_serial_no`, `material_id`, `qty_unit`, `qty_shipment`, `qty_loss`, `account_warehouse`, `goods_receipt_no`, `stock_opname_no`, `goods_issue_no`, `delivery_order_no`, `status_id`, `status_intransit`, `create_user`, `create_date`) VALUES
(1, 'FNU1234B', '', 'FG0004', 2.52, 0, 0, 'W01', '0002/GR/II/23', '', '0002/GI/III/23', '', '21', 'No', 'admin', '2023-02-22 17:39:47'),
(2, 'AGAJH', '', 'FG0004', 10.5, 10, 0.5, 'W01', '0002/GR/II/23', '', '0001/GI/II/23', '0001/DO/II/23', '21', 'No', 'admin', '2023-02-22 17:40:49'),
(3, 'FNU1234B1', '', 'FG0004', 10, 0, 0, 'W01', '0002/GR/II/23', '', '', '', '11', 'No', 'admin', '2023-02-22 17:39:47'),
(4, 'AGAJH1', 'AGAJH', 'FG0004', 2.5, 0, 0, 'W01', '0002/GR/II/23', '', '0002/GI/III/23', '', '21', 'No', 'admin', '2023-03-04 15:38:45'),
(5, 'TSTSTTS', '', 'SP0001', 9, 0, 0, 'W01', '0004/GR/III/23', '', '', '', '11', 'No', 'admin', '2023-03-05 22:04:00'),
(6, 'TSTSTTS1', 'TSTSTTS', 'SP0001', 1, 0, 0, 'W01', '0004/GR/III/23', '', '0003/GI/III/23', '', '21', 'No', 'admin', '2023-03-05 22:14:50'),
(7, 'FG20230305225553', '', 'FG0004', 1000, 0, 0, 'W01', '0005/GR/III/23', '', '', '', '11', 'No', 'admin', '2023-03-05 22:55:55'),
(11, 'NJH', '', 'FG0003', 233.5, 0, 0, 'W01', '0003/GR/I/23', '', '', '', '11', 'No', 'admin', '2023-03-08 19:49:30');

-- --------------------------------------------------------

--
-- Table structure for table `frs_logistic_inventory_mutasi`
--

CREATE TABLE `frs_logistic_inventory_mutasi` (
  `no` int(11) NOT NULL,
  `mutasi_no` char(25) NOT NULL,
  `mutasi_date` date NOT NULL,
  `description` char(100) NOT NULL,
  `account_warehouse_from` char(5) NOT NULL,
  `account_warehouse_to` char(5) NOT NULL,
  `material_category` char(2) NOT NULL,
  `status_id` char(3) NOT NULL,
  `summary_mutasi` char(200) NOT NULL,
  `summary_reject` char(100) NOT NULL,
  `create_user` char(35) NOT NULL,
  `create_date` datetime NOT NULL,
  `approved_send_user` char(35) NOT NULL,
  `approved_send_date` datetime NOT NULL,
  `approved_accept_user` char(35) NOT NULL,
  `approved_accept_date` datetime NOT NULL
) ENGINE=InnoDB DEFAULT CHARSET=latin1;

-- --------------------------------------------------------

--
-- Table structure for table `frs_logistic_inventory_mutasi_items`
--

CREATE TABLE `frs_logistic_inventory_mutasi_items` (
  `item_id` int(11) NOT NULL,
  `mutasi_no` char(15) NOT NULL,
  `material_id` char(20) NOT NULL,
  `qty_send_unit` double NOT NULL,
  `qty_accept_unit` double NOT NULL,
  `qty_send_other` double NOT NULL,
  `qty_accept_other` double NOT NULL,
  `create_user` char(35) NOT NULL,
  `create_date` datetime NOT NULL
) ENGINE=InnoDB DEFAULT CHARSET=latin1;

-- --------------------------------------------------------

--
-- Table structure for table `frs_logistic_warehouse`
--

CREATE TABLE `frs_logistic_warehouse` (
  `account` char(3) NOT NULL,
  `name` char(35) NOT NULL,
  `address` char(200) NOT NULL,
  `blocked` char(3) NOT NULL,
  `create_user` char(35) NOT NULL,
  `create_date` datetime NOT NULL,
  `modified_user` char(35) NOT NULL,
  `modified_date` datetime NOT NULL
) ENGINE=InnoDB DEFAULT CHARSET=latin1;

--
-- Dumping data for table `frs_logistic_warehouse`
--

INSERT INTO `frs_logistic_warehouse` (`account`, `name`, `address`, `blocked`, `create_user`, `create_date`, `modified_user`, `modified_date`) VALUES
('W01', 'GUDANG 1 NAROGONG', 'Jl. Nurul Huda No 12 Narogong, Kec. Bantar Gebang, Kota Bekasi', 'No', 'admin', '2023-01-21 22:07:49', '', '0000-00-00 00:00:00'),
('W02', 'GUDANG SPILL TANJUNG PRIOK', 'Pelabuhan Tanjung Priok', 'No', 'admin', '2023-01-21 22:08:50', '', '0000-00-00 00:00:00');

-- --------------------------------------------------------

--
-- Table structure for table `frs_log_activity`
--

CREATE TABLE `frs_log_activity` (
  `log_id` int(11) NOT NULL,
  `module` char(35) NOT NULL,
  `document_no` char(25) NOT NULL,
  `activity` char(35) NOT NULL,
  `user_id` char(35) NOT NULL,
  `create_date` datetime NOT NULL,
  `ip_address` char(35) NOT NULL,
  `plat_form` char(15) NOT NULL
) ENGINE=InnoDB DEFAULT CHARSET=latin1;

--
-- Dumping data for table `frs_log_activity`
--

INSERT INTO `frs_log_activity` (`log_id`, `module`, `document_no`, `activity`, `user_id`, `create_date`, `ip_address`, `plat_form`) VALUES
(0, 'Login', 'none', 'Login', 'admin', '2023-05-01 11:19:18', '112.215.235.204', 'desktop');

-- --------------------------------------------------------

--
-- Table structure for table `frs_marketing_customer`
--

CREATE TABLE `frs_marketing_customer` (
  `no` int(11) NOT NULL,
  `account` char(5) NOT NULL,
  `name` char(100) NOT NULL,
  `nik_no` char(35) NOT NULL,
  `npwp_no` char(25) NOT NULL,
  `npwp_address` char(150) NOT NULL,
  `delivery_address` char(150) NOT NULL,
  `region` char(35) NOT NULL,
  `contact_person` char(35) NOT NULL,
  `email_address` char(100) NOT NULL,
  `tlp_no` char(25) NOT NULL,
  `fax_no` char(25) NOT NULL,
  `chanel_id` char(5) NOT NULL,
  `payment_method` char(5) NOT NULL,
  `payment_top` int(11) NOT NULL,
  `limit_credit` double NOT NULL,
  `tax_ppn` char(3) NOT NULL,
  `account_sales` char(5) NOT NULL,
  `summary` char(200) NOT NULL,
  `attachment_1` char(50) NOT NULL,
  `attachment_2` char(50) NOT NULL,
  `attachment_3` char(50) NOT NULL,
  `status_id` char(2) NOT NULL,
  `coa_receivable` char(15) NOT NULL,
  `coa_sales_advance` char(15) NOT NULL,
  `blocked` char(3) NOT NULL,
  `create_user` char(35) NOT NULL,
  `create_date` datetime NOT NULL,
  `modified_user` char(35) NOT NULL,
  `modified_date` datetime NOT NULL
) ENGINE=InnoDB DEFAULT CHARSET=latin1;

--
-- Dumping data for table `frs_marketing_customer`
--

INSERT INTO `frs_marketing_customer` (`no`, `account`, `name`, `nik_no`, `npwp_no`, `npwp_address`, `delivery_address`, `region`, `contact_person`, `email_address`, `tlp_no`, `fax_no`, `chanel_id`, `payment_method`, `payment_top`, `limit_credit`, `tax_ppn`, `account_sales`, `summary`, `attachment_1`, `attachment_2`, `attachment_3`, `status_id`, `coa_receivable`, `coa_sales_advance`, `blocked`, `create_user`, `create_date`, `modified_user`, `modified_date`) VALUES
(1, 'C0001', 'Tigreal', '-', '-', 'Jakarta', 'Jakarta', '', 'Miya', '-', '-', '-', '', 'TOP', 30, 500000000, 'No', 'S0001', '-', '', '', '', '22', '11210001', '21230001', 'No', 'admin', '2023-02-23 09:20:44', '', '0000-00-00 00:00:00');

-- --------------------------------------------------------

--
-- Table structure for table `frs_marketing_customer_attachment`
--

CREATE TABLE `frs_marketing_customer_attachment` (
  `item_id` int(11) NOT NULL,
  `account_customer` char(15) NOT NULL,
  `image` char(50) NOT NULL,
  `label` char(50) NOT NULL,
  `create_user` char(35) NOT NULL,
  `create_date` datetime NOT NULL
) ENGINE=InnoDB DEFAULT CHARSET=utf8mb4;

--
-- Dumping data for table `frs_marketing_customer_attachment`
--

INSERT INTO `frs_marketing_customer_attachment` (`item_id`, `account_customer`, `image`, `label`, `create_user`, `create_date`) VALUES
(2, 'C0001', 'frs_110792958a0adf08ce32c8984a755426', 'test', 'admin', '2023-02-23 07:37:45');

-- --------------------------------------------------------

--
-- Table structure for table `frs_marketing_customer_setting`
--

CREATE TABLE `frs_marketing_customer_setting` (
  `item_id` int(11) NOT NULL,
  `category` char(35) NOT NULL,
  `coa` char(15) NOT NULL
) ENGINE=InnoDB DEFAULT CHARSET=latin1;

--
-- Dumping data for table `frs_marketing_customer_setting`
--

INSERT INTO `frs_marketing_customer_setting` (`item_id`, `category`, `coa`) VALUES
(1, 'Receivable', '112'),
(2, 'SalesAdvance', '2123');

-- --------------------------------------------------------

--
-- Table structure for table `frs_marketing_salesman`
--

CREATE TABLE `frs_marketing_salesman` (
  `no` int(4) NOT NULL,
  `account` char(5) NOT NULL,
  `name` char(35) NOT NULL,
  `blocked` char(3) NOT NULL,
  `create_user` char(35) NOT NULL,
  `create_date` datetime NOT NULL,
  `modified_user` char(35) NOT NULL,
  `modified_date` datetime NOT NULL
) ENGINE=InnoDB DEFAULT CHARSET=latin1;

--
-- Dumping data for table `frs_marketing_salesman`
--

INSERT INTO `frs_marketing_salesman` (`no`, `account`, `name`, `blocked`, `create_user`, `create_date`, `modified_user`, `modified_date`) VALUES
(1, 'S0001', 'Yono', 'No', 'admin', '2023-02-23 08:30:06', 'admin', '2023-02-23 08:30:40');

-- --------------------------------------------------------

--
-- Table structure for table `frs_marketing_sales_order`
--

CREATE TABLE `frs_marketing_sales_order` (
  `no` int(11) NOT NULL,
  `sales_order_no` char(25) NOT NULL,
  `sales_order_date` date NOT NULL,
  `account_sales` char(10) NOT NULL,
  `account_warehouse` char(10) NOT NULL,
  `account_customer` char(15) NOT NULL,
  `contact_person` char(35) NOT NULL,
  `tlp_no` char(35) NOT NULL,
  `delivery_address` char(200) NOT NULL,
  `customer_order_no` char(25) NOT NULL,
  `payment_top` int(3) NOT NULL,
  `payment_method` char(3) NOT NULL,
  `delivery_method` char(6) NOT NULL,
  `material_category` char(2) NOT NULL,
  `tax_ppn` char(10) NOT NULL,
  `down_payment` double NOT NULL,
  `currency` char(5) NOT NULL,
  `kurs` double NOT NULL,
  `expected_date` date NOT NULL,
  `amount_sub_total` double NOT NULL,
  `amount_discount` double NOT NULL,
  `amount_ppn` double NOT NULL,
  `amount_total` double NOT NULL,
  `summary_order` char(200) NOT NULL,
  `summary_reject` char(100) NOT NULL,
  `status_id` char(5) NOT NULL,
  `status_trx` char(2) NOT NULL,
  `category` char(10) NOT NULL,
  `category_book` char(1) NOT NULL,
  `create_user` char(35) NOT NULL,
  `create_date` datetime NOT NULL,
  `mkt_approved_user` char(35) NOT NULL,
  `mkt_approved_date` datetime NOT NULL,
  `fin_approved_user` char(35) NOT NULL,
  `fin_approved_date` datetime NOT NULL,
  `waho_received_user` char(35) NOT NULL,
  `waho_received_date` datetime NOT NULL
) ENGINE=InnoDB DEFAULT CHARSET=latin1;

--
-- Dumping data for table `frs_marketing_sales_order`
--

INSERT INTO `frs_marketing_sales_order` (`no`, `sales_order_no`, `sales_order_date`, `account_sales`, `account_warehouse`, `account_customer`, `contact_person`, `tlp_no`, `delivery_address`, `customer_order_no`, `payment_top`, `payment_method`, `delivery_method`, `material_category`, `tax_ppn`, `down_payment`, `currency`, `kurs`, `expected_date`, `amount_sub_total`, `amount_discount`, `amount_ppn`, `amount_total`, `summary_order`, `summary_reject`, `status_id`, `status_trx`, `category`, `category_book`, `create_user`, `create_date`, `mkt_approved_user`, `mkt_approved_date`, `fin_approved_user`, `fin_approved_date`, `waho_received_user`, `waho_received_date`) VALUES
(1, '00001/SO/II/23', '2023-02-01', 'S0001', 'W01', 'C0008', 'Jessica', '-', 'Xiamen, China', '-', 1, 'TOP', 'franco', '', 'PPN10', 0, 'IDR', 1, '2023-02-07', 190000000, 0, 19000000, 209000000, '-', '', '3', 'P1', '', '1', 'admin', '2023-02-23 14:40:09', 'admin', '2023-02-25 01:50:54', '', '0000-00-00 00:00:00', '', '0000-00-00 00:00:00');

-- --------------------------------------------------------

--
-- Table structure for table `frs_marketing_sales_order_items`
--

CREATE TABLE `frs_marketing_sales_order_items` (
  `item_id` int(11) NOT NULL,
  `sales_order_no` char(25) NOT NULL,
  `material_id` char(25) NOT NULL,
  `qty_unit` double NOT NULL,
  `qty_other` double NOT NULL,
  `unit_discount` double NOT NULL,
  `unit_price` double NOT NULL,
  `amount_sub_total` double NOT NULL,
  `amount_discount` double NOT NULL,
  `amount_ppn` double NOT NULL,
  `amount_total` double NOT NULL,
  `create_user` char(35) NOT NULL,
  `create_date` datetime NOT NULL
) ENGINE=InnoDB DEFAULT CHARSET=latin1;

--
-- Dumping data for table `frs_marketing_sales_order_items`
--

INSERT INTO `frs_marketing_sales_order_items` (`item_id`, `sales_order_no`, `material_id`, `qty_unit`, `qty_other`, `unit_discount`, `unit_price`, `amount_sub_total`, `amount_discount`, `amount_ppn`, `amount_total`, `create_user`, `create_date`) VALUES
(53, '00001/SO/WMP/IV/22', 'FG0008', 1000, 0, 500, 5000, 5000000, 500000, 0, 4500000, 'jamaludin', '2022-04-05 10:08:37'),
(54, '00002/SO/WMP/IV/22', 'FG0043', 1000, 0, 0, 5000, 5000000, 0, 0, 5000000, 'jamaludin', '2022-04-05 19:33:41'),
(55, '00003/SO/WMP/IV/22', 'RM0006', 0, 0, 0, 0, 0, 0, 0, 0, 'jamaludin', '2022-04-06 12:07:07'),
(56, '00003/SO/WMP/IV/22', 'FG0013', 0, 0, 0, 0, 0, 0, 0, 0, 'jamaludin', '2022-04-06 12:07:20'),
(57, '00001/SO/II/23', 'FG0004', 20000, 0, 0, 9500, 190000000, 0, 0, 190000000, 'admin', '2023-02-25 01:10:14');

-- --------------------------------------------------------

--
-- Table structure for table `frs_material`
--

CREATE TABLE `frs_material` (
  `no` int(11) NOT NULL,
  `id` char(25) NOT NULL,
  `description` char(100) NOT NULL,
  `unit` char(15) NOT NULL,
  `grade_id` char(5) NOT NULL,
  `brand_id` char(5) NOT NULL,
  `group_id` char(5) NOT NULL,
  `category_id` char(3) NOT NULL,
  `weight_unit` double NOT NULL,
  `coa_inventory` char(15) NOT NULL,
  `coa_inventory_beginning` char(15) NOT NULL,
  `coa_inventory_ending` char(15) NOT NULL,
  `coa_goods_intransit` char(15) NOT NULL,
  `coa_work_inprocess` char(15) NOT NULL,
  `coa_sales` char(15) NOT NULL,
  `coa_sales_return` char(15) NOT NULL,
  `coa_sales_discount` char(15) NOT NULL,
  `coa_sales_unbilled_goods` char(15) NOT NULL,
  `coa_cogs` char(15) NOT NULL,
  `coa_loss` char(15) NOT NULL,
  `coa_purchase` char(15) NOT NULL,
  `coa_purchase_return` char(15) NOT NULL,
  `coa_purchase_discount` char(15) NOT NULL,
  `coa_purchase_unbilled_goods` char(15) NOT NULL,
  `coa_fixed_asset` char(15) NOT NULL,
  `coa_depresiation_asset` char(15) NOT NULL,
  `coa_accum_depresiation_asset` char(15) NOT NULL,
  `blocked` char(3) NOT NULL,
  `status_inventory` char(3) NOT NULL,
  `status_id` char(2) NOT NULL,
  `create_user` char(35) NOT NULL,
  `create_date` datetime NOT NULL,
  `modified_user` char(35) NOT NULL,
  `modified_date` datetime NOT NULL
) ENGINE=InnoDB DEFAULT CHARSET=latin1;

--
-- Dumping data for table `frs_material`
--

INSERT INTO `frs_material` (`no`, `id`, `description`, `unit`, `grade_id`, `brand_id`, `group_id`, `category_id`, `weight_unit`, `coa_inventory`, `coa_inventory_beginning`, `coa_inventory_ending`, `coa_goods_intransit`, `coa_work_inprocess`, `coa_sales`, `coa_sales_return`, `coa_sales_discount`, `coa_sales_unbilled_goods`, `coa_cogs`, `coa_loss`, `coa_purchase`, `coa_purchase_return`, `coa_purchase_discount`, `coa_purchase_unbilled_goods`, `coa_fixed_asset`, `coa_depresiation_asset`, `coa_accum_depresiation_asset`, `blocked`, `status_inventory`, `status_id`, `create_user`, `create_date`, `modified_user`, `modified_date`) VALUES
(1, 'FG0001', 'Tandan Buah Segar (TBS)', 'Kg', '', '', 'FG01', 'FG', 0, '11440001', '', '', '11460003', '11430001', '41000001', '42000001', '43000001', '11210002', '57030001', '55010001', '', '', '', '21210002', '', '', '', 'No', 'Yes', '22', 'wibowoari', '2023-02-03 09:54:58', 'admin', '2023-03-08 22:43:50'),
(2, 'FG0002', 'Kernel Sawit', 'Kg', '', '', 'FG02', 'FG', 0, '11440002', '', '', '11460003', '11430001', '41000002', '42000002', '43000002', '11210002', '57030002', '55010002', '', '', '', '21210002', '', '', '', 'No', 'Yes', '22', 'wibowoari', '2023-02-03 09:56:06', 'admin', '2023-03-08 22:43:59'),
(3, 'FG0003', 'Hight Acid Crude Palm Oil (HCPO)', 'Kg', '', '', 'FG03', 'FG', 0, '11440003', '', '', '11460003', '11430001', '41000003', '42000003', '43000003', '11210002', '57030003', '55010003', '', '', '', '21210002', '', '', '', 'No', 'Yes', '22', 'wibowoari', '2023-02-03 09:58:23', 'admin', '2023-03-08 22:44:06'),
(4, 'FG0004', 'Crude Palm Oil (CPO)', 'Kg', '', '', 'FG04', 'FG', 0, '11440004', '', '', '11460003', '11430001', '41000004', '42000004', '43000004', '11210002', '57030004', '55010004', '', '', '', '21210002', '', '', '', 'No', 'Yes', '22', 'wibowoari', '2023-02-03 10:00:50', 'admin', '2023-03-08 22:44:15'),
(5, 'FG0005', 'Minyak Curah (CP10)', 'Kg', '', '', 'FG05', 'FG', 0, '11440005', '', '', '11460003', '11430001', '41000005', '42000005', '43000005', '11210002', '57030005', '55010005', '', '', '', '21210002', '', '', '', 'No', 'Yes', '22', 'wibowoari', '2023-02-03 10:01:28', 'admin', '2023-03-08 22:44:25'),
(6, 'FG0006', 'Palm Fatty Acid Destilate (PFAD)', 'Kg', '', '', 'FG06', 'FG', 0, '11440006', '', '', '11460003', '11430001', '41000006', '42000006', '43000006', '11210002', '57030006', '55010006', '', '', '', '21210002', '', '', '', 'No', 'Yes', '22', 'wibowoari', '2023-02-03 10:03:03', 'admin', '2023-03-08 22:44:34'),
(7, 'FG0007', 'Palm Kernel Oil (PKO)', 'Kg', '', '', 'FG07', 'FG', 0, '11440007', '', '', '11460003', '11430001', '41000007', '42000007', '43000007', '11210002', '57030007', '55010007', '', '', '', '21210002', '', '', '', 'No', 'Yes', '22', 'wibowoari', '2023-02-03 10:03:44', 'admin', '2023-03-08 22:44:42'),
(8, 'FG0008', 'Cangkang Sawit', 'Kg', '', '', 'FG08', 'FG', 0, '11440008', '', '', '11460003', '11430001', '41000008', '42000008', '43000008', '11210002', '57030008', '55010008', '', '', '', '21210002', '', '', '', 'No', 'Yes', '22', 'wibowoari', '2023-02-03 10:04:15', 'admin', '2023-03-08 22:44:50'),
(9, 'FG0009', 'Bungkil Sawit', 'Kg', '', '', 'FG09', 'FG', 0, '11440009', '', '', '11460003', '11430001', '41000009', '42000009', '43000009', '11210002', '57030009', '55010009', '', '', '', '21210002', '', '', '', 'No', 'Yes', '22', 'wibowoari', '2023-02-03 10:04:51', 'admin', '2023-03-08 22:44:58'),
(10, 'FG0010', 'Jelantah (UCO/CNO)', 'Kg', '', '', 'FG10', 'FG', 0, '11440010', '', '', '11460003', '11430001', '41000010', '42000010', '43000010', '11210002', '57030010', '55010010', '', '', '', '21210002', '', '', '', 'No', 'Yes', '22', 'wibowoari', '2023-02-03 10:05:40', 'admin', '2023-03-08 22:45:06'),
(1, 'SP0001', 'Flexibag', 'Pcs', '', '', 'SP01', 'SP', 0, '', '', '', '', '', '', '', '', '', '', '', '', '', '', '', '', '', '', 'No', 'Yes', '21', 'admin', '2023-03-05 21:47:50', 'admin', '2023-03-05 21:48:04');

-- --------------------------------------------------------

--
-- Table structure for table `frs_material_category`
--

CREATE TABLE `frs_material_category` (
  `id` char(3) NOT NULL,
  `description` char(25) NOT NULL,
  `inventory` char(3) NOT NULL,
  `blocked` char(3) NOT NULL,
  `create_user` char(35) NOT NULL,
  `create_date` datetime NOT NULL
) ENGINE=MyISAM DEFAULT CHARSET=latin1;

--
-- Dumping data for table `frs_material_category`
--

INSERT INTO `frs_material_category` (`id`, `description`, `inventory`, `blocked`, `create_user`, `create_date`) VALUES
('RM', 'Raw Material', 'Yes', 'No', '', '0000-00-00 00:00:00'),
('FG', 'Finish Goods', 'Yes', 'No', '', '0000-00-00 00:00:00'),
('FA', 'Fixed Asset', 'No', 'No', '', '0000-00-00 00:00:00'),
('SP', 'Support Production', 'Yes', 'No', '', '0000-00-00 00:00:00'),
('CM', 'Consumable', 'No', 'No', '', '0000-00-00 00:00:00');

-- --------------------------------------------------------

--
-- Table structure for table `frs_material_group`
--

CREATE TABLE `frs_material_group` (
  `id` char(4) NOT NULL,
  `description` char(35) NOT NULL,
  `coa_fixed_asset` char(15) NOT NULL,
  `coa_accum_depresiation_asset` char(15) NOT NULL,
  `category_id` char(2) NOT NULL,
  `blocked` char(3) NOT NULL,
  `create_user` char(35) NOT NULL,
  `create_date` datetime NOT NULL,
  `modified_user` char(35) NOT NULL,
  `modified_date` datetime NOT NULL
) ENGINE=MyISAM DEFAULT CHARSET=latin1;

--
-- Dumping data for table `frs_material_group`
--

INSERT INTO `frs_material_group` (`id`, `description`, `coa_fixed_asset`, `coa_accum_depresiation_asset`, `category_id`, `blocked`, `create_user`, `create_date`, `modified_user`, `modified_date`) VALUES
('FA01', 'TANAH', '1203001001', '1203002001', 'FA', 'No', 'jamaludin', '2021-09-28 01:36:30', '', '0000-00-00 00:00:00'),
('CM01', 'TEKNIK', '', '', 'CM', 'No', 'jamaludin', '2021-09-11 23:03:03', '', '0000-00-00 00:00:00'),
('FG01', 'Tandan Buah Segar (TBS)', '', '', 'FG', 'No', 'jamaludin', '2021-08-30 05:33:58', 'admin', '2023-02-03 15:15:11'),
('FA02', 'BANGUNAN', '1203001002', '1203002001', 'FA', 'No', 'jamaludin', '2022-06-23 11:52:06', 'jamaludin', '2022-06-23 11:52:28'),
('FA03', 'KENDARAAN', '1203001003', '1203002002', 'FA', 'No', 'jamaludin', '2022-06-23 11:55:14', '', '0000-00-00 00:00:00'),
('FA04', 'INVENTARIS KANTOR', '1203001006', '1203002005', 'FA', 'No', 'jamaludin', '2022-06-23 11:55:31', '', '0000-00-00 00:00:00'),
('FA05', 'MESIN DAN PERALATAN', '1203001004', '1203002003', 'FA', 'No', 'jamaludin', '2022-06-23 11:56:26', '', '0000-00-00 00:00:00'),
('RM01', 'OTHER', '', '', 'RM', 'No', 'jamaludin', '2022-12-15 09:49:05', '', '0000-00-00 00:00:00'),
('FG02', 'Kernel Sawit (KS)', '', '', 'FG', 'No', 'admin', '2023-02-03 14:45:39', 'admin', '2023-02-03 15:15:17'),
('FG03', 'Hight Acid Crude Palm Oil (HCPO)', '', '', 'FG', 'No', 'admin', '2023-02-03 14:46:12', 'admin', '2023-02-03 15:13:04'),
('FG04', 'Crude Palm Oil (CPO)', '', '', 'FG', 'No', 'admin', '2023-02-03 15:13:31', '', '0000-00-00 00:00:00'),
('FG05', 'Minyak Curah (CP10)', '', '', 'FG', 'No', 'admin', '2023-02-03 15:15:00', '', '0000-00-00 00:00:00'),
('FG06', 'Palm Fatty Acid Destilate (PFAD)', '', '', 'FG', 'No', 'admin', '2023-02-03 15:15:40', '', '0000-00-00 00:00:00'),
('FG07', 'Palm Kernel Oil (PKO)', '', '', 'FG', 'No', 'admin', '2023-02-03 15:17:32', '', '0000-00-00 00:00:00'),
('FG08', 'Cangkang Sawit (CS)', '', '', 'FG', 'No', 'admin', '2023-02-03 15:18:49', '', '0000-00-00 00:00:00'),
('FG09', 'Bungkil Sawit (BS)', '', '', 'FG', 'No', 'admin', '2023-02-03 15:19:07', '', '0000-00-00 00:00:00'),
('FG10', 'Jelantah (UCO/CNO)', '', '', 'FG', 'No', 'admin', '2023-02-03 15:19:28', '', '0000-00-00 00:00:00'),
('SP01', 'Packaging', '', '', 'SP', 'No', 'admin', '2023-03-05 21:47:36', '', '0000-00-00 00:00:00');

-- --------------------------------------------------------

--
-- Table structure for table `frs_material_setting`
--

CREATE TABLE `frs_material_setting` (
  `item_id` int(11) NOT NULL,
  `category` char(35) NOT NULL,
  `coa` char(15) NOT NULL
) ENGINE=InnoDB DEFAULT CHARSET=latin1;

--
-- Dumping data for table `frs_material_setting`
--

INSERT INTO `frs_material_setting` (`item_id`, `category`, `coa`) VALUES
(1, 'Inventory', '114'),
(2, 'InventoryBeginning', '5701'),
(3, 'InventoryEnding', '5702'),
(4, 'GoodsIntransit', '1146'),
(5, 'WorkInprocess', '1143'),
(6, 'Purchase', '5703'),
(7, 'PurchaseReturn', ''),
(8, 'PurchaseDiscount', ''),
(9, 'PurchaseUnbilledGoods', '21210002'),
(10, 'Sales', '41'),
(11, 'SalesReturn', '42'),
(12, 'SalesDiscount', '43'),
(13, 'SalesUnbilledGoods', '11210002'),
(14, 'FixedAsset', '1231'),
(15, 'DepresiationAsset', '63000009'),
(16, 'AccumDepresiationAsset', '1232'),
(17, 'COGS', '5703'),
(18, 'Loss', '5501');

-- --------------------------------------------------------

--
-- Table structure for table `frs_material_unit`
--

CREATE TABLE `frs_material_unit` (
  `id` int(11) NOT NULL,
  `description` char(15) NOT NULL,
  `blocked` char(3) NOT NULL,
  `create_user` char(35) NOT NULL,
  `create_date` datetime NOT NULL
) ENGINE=InnoDB DEFAULT CHARSET=utf8mb4;

--
-- Dumping data for table `frs_material_unit`
--

INSERT INTO `frs_material_unit` (`id`, `description`, `blocked`, `create_user`, `create_date`) VALUES
(2, 'Kg', 'No', '', '2022-12-14 09:47:14'),
(3, 'Pcs', 'No', 'jamaludin', '2022-12-14 15:55:56');

-- --------------------------------------------------------

--
-- Table structure for table `frs_production`
--

CREATE TABLE `frs_production` (
  `no` int(11) NOT NULL,
  `production_no` char(25) NOT NULL,
  `production_date` date NOT NULL,
  `shift` int(1) NOT NULL,
  `description` char(100) NOT NULL,
  `reference_no` char(25) NOT NULL,
  `goods_issue_no` char(25) NOT NULL,
  `goods_receipt_no` char(25) NOT NULL,
  `account_plant` char(15) NOT NULL,
  `account_warehouse` char(3) NOT NULL,
  `summary_production` char(200) NOT NULL,
  `summary_reject` char(100) NOT NULL,
  `category` char(15) NOT NULL,
  `category_book` char(1) NOT NULL,
  `status_id` char(2) NOT NULL,
  `status_trx` char(2) NOT NULL,
  `create_user` char(35) NOT NULL,
  `create_date` datetime NOT NULL,
  `modified_user` char(35) NOT NULL,
  `modified_date` datetime NOT NULL,
  `approved_user` char(35) NOT NULL,
  `approved_date` datetime NOT NULL
) ENGINE=InnoDB DEFAULT CHARSET=latin1;

--
-- Dumping data for table `frs_production`
--

INSERT INTO `frs_production` (`no`, `production_no`, `production_date`, `shift`, `description`, `reference_no`, `goods_issue_no`, `goods_receipt_no`, `account_plant`, `account_warehouse`, `summary_production`, `summary_reject`, `category`, `category_book`, `status_id`, `status_trx`, `create_user`, `create_date`, `modified_user`, `modified_date`, `approved_user`, `approved_date`) VALUES
(1, '0001/PRD/III/23', '2023-03-04', 0, 'Test', '', '', '', '', 'W01', '0', '', 'Re-Work', '1', '3', '', 'admin', '2023-03-04 05:17:12', '', '0000-00-00 00:00:00', '', '0000-00-00 00:00:00');

-- --------------------------------------------------------

--
-- Table structure for table `frs_production_finish_goods`
--

CREATE TABLE `frs_production_finish_goods` (
  `item_id` int(11) NOT NULL,
  `production_no` char(25) NOT NULL,
  `material_id` char(20) NOT NULL,
  `qty_plan` double NOT NULL,
  `qty_actual` double NOT NULL
) ENGINE=InnoDB DEFAULT CHARSET=latin1;

--
-- Dumping data for table `frs_production_finish_goods`
--

INSERT INTO `frs_production_finish_goods` (`item_id`, `production_no`, `material_id`, `qty_plan`, `qty_actual`) VALUES
(2, '0001/PRD/III/23', 'FG0004', 1050, 1000);

-- --------------------------------------------------------

--
-- Table structure for table `frs_production_finish_goods_items`
--

CREATE TABLE `frs_production_finish_goods_items` (
  `no` int(11) NOT NULL,
  `serial_no` char(25) NOT NULL,
  `production_no` char(25) NOT NULL,
  `material_id` char(20) NOT NULL,
  `qty_unit` double NOT NULL,
  `goods_receipt_no` char(25) NOT NULL
) ENGINE=InnoDB DEFAULT CHARSET=latin1;

--
-- Dumping data for table `frs_production_finish_goods_items`
--

INSERT INTO `frs_production_finish_goods_items` (`no`, `serial_no`, `production_no`, `material_id`, `qty_unit`, `goods_receipt_no`) VALUES
(0, 'FG20230305225553', '0001/PRD/III/23', 'FG0004', 1000, '0005/GR/III/23');

-- --------------------------------------------------------

--
-- Table structure for table `frs_production_raw_material`
--

CREATE TABLE `frs_production_raw_material` (
  `item_id` int(11) NOT NULL,
  `production_no` char(25) NOT NULL,
  `material_category` char(2) NOT NULL,
  `material_id` char(25) NOT NULL,
  `qty_plan` double NOT NULL,
  `qty_actual` double NOT NULL
) ENGINE=InnoDB DEFAULT CHARSET=latin1;

--
-- Dumping data for table `frs_production_raw_material`
--

INSERT INTO `frs_production_raw_material` (`item_id`, `production_no`, `material_category`, `material_id`, `qty_plan`, `qty_actual`) VALUES
(2, '0001/PRD/III/23', 'RM', 'FG0003', 800, 0),
(3, '0001/PRD/III/23', 'RM', 'FG0004', 300, 5.02),
(5, '0001/PRD/III/23', 'SP', 'SP0001', 2, 1);

-- --------------------------------------------------------

--
-- Table structure for table `frs_production_raw_material_items`
--

CREATE TABLE `frs_production_raw_material_items` (
  `no` int(11) NOT NULL,
  `serial_no` char(25) NOT NULL,
  `production_no` char(25) NOT NULL,
  `material_id` char(25) NOT NULL,
  `material_category` char(2) NOT NULL,
  `qty_unit` double NOT NULL,
  `goods_issue_no` char(25) NOT NULL,
  `goods_receipt_no` char(25) NOT NULL
) ENGINE=InnoDB DEFAULT CHARSET=latin1;

--
-- Dumping data for table `frs_production_raw_material_items`
--

INSERT INTO `frs_production_raw_material_items` (`no`, `serial_no`, `production_no`, `material_id`, `material_category`, `qty_unit`, `goods_issue_no`, `goods_receipt_no`) VALUES
(0, 'AGAJH1', '0001/PRD/III/23', 'FG0004', 'RM', 2.5, '0002/GI/III/23', '0002/GR/II/23'),
(0, 'FNU1234B', '0001/PRD/III/23', 'FG0004', 'RM', 2.52, '0002/GI/III/23', '0002/GR/II/23'),
(0, 'TSTSTTS1', '0001/PRD/III/23', 'SP0001', 'SP', 1, '0003/GI/III/23', '0004/GR/III/23');

-- --------------------------------------------------------

--
-- Table structure for table `frs_purchase_order`
--

CREATE TABLE `frs_purchase_order` (
  `no` int(4) NOT NULL,
  `purchase_order_no` char(25) NOT NULL,
  `purchase_order_date` date NOT NULL,
  `description` char(50) NOT NULL,
  `account_department` char(10) NOT NULL,
  `account_vendor` char(15) NOT NULL,
  `account_ship_to` char(15) NOT NULL,
  `expected_date` date NOT NULL,
  `expired_date` date NOT NULL,
  `payment_method` char(3) NOT NULL,
  `payment_top` int(3) NOT NULL,
  `payment_top_start` char(15) NOT NULL,
  `currency` char(3) NOT NULL,
  `kurs` double NOT NULL,
  `tax_ppn` char(10) NOT NULL,
  `reference_no` char(25) NOT NULL,
  `material_category` char(2) NOT NULL,
  `sales_letter_no` char(25) NOT NULL,
  `summary_purchase` char(100) NOT NULL,
  `category` char(15) NOT NULL,
  `category_group` char(15) NOT NULL,
  `category_book` char(1) NOT NULL,
  `status_id` char(2) NOT NULL,
  `status_trx` char(2) NOT NULL,
  `summary_reject` char(100) NOT NULL,
  `create_user` char(35) NOT NULL,
  `create_date` datetime NOT NULL,
  `approved_user` char(35) NOT NULL,
  `approved_date` datetime NOT NULL,
  `modified_user` char(35) NOT NULL,
  `modified_date` datetime NOT NULL
) ENGINE=InnoDB DEFAULT CHARSET=latin1;

--
-- Dumping data for table `frs_purchase_order`
--

INSERT INTO `frs_purchase_order` (`no`, `purchase_order_no`, `purchase_order_date`, `description`, `account_department`, `account_vendor`, `account_ship_to`, `expected_date`, `expired_date`, `payment_method`, `payment_top`, `payment_top_start`, `currency`, `kurs`, `tax_ppn`, `reference_no`, `material_category`, `sales_letter_no`, `summary_purchase`, `category`, `category_group`, `category_book`, `status_id`, `status_trx`, `summary_reject`, `create_user`, `create_date`, `approved_user`, `approved_date`, `modified_user`, `modified_date`) VALUES
(1, '0001/PO/II/23', '2023-02-09', 'Pembelian', '', 'V0001', 'W01', '2023-02-09', '2023-02-28', 'TOP', 1, 'INVOICE RECEIPT', '', 0, 'PPN0', '', 'FG', '', '-', 'M', '', '1', '3', 'P1', '', 'admin', '2023-02-09 13:05:00', 'admin', '2023-02-09 13:05:24', '', '0000-00-00 00:00:00'),
(2, '0002/PO/II/23', '2023-02-24', 'Pembelian', '', 'V0001', 'W01', '2023-03-04', '2023-03-11', 'TOP', 1, 'INVOICE RECEIPT', '', 0, 'PPN0', '', 'FG', '', '', 'M', '', '1', '1', 'P1', '', 'admin', '2023-02-24 22:37:07', '', '0000-00-00 00:00:00', '', '0000-00-00 00:00:00'),
(3, '0003/PO/III/23', '2023-03-05', 'Pembelian', '', 'V0001', 'W01', '2023-03-08', '2023-03-16', 'TOP', 1, 'INVOICE RECEIPT', '', 0, 'PPN0', '', 'SP', '', '-', 'M', '', '1', '3', 'P1', '', 'admin', '2023-03-05 22:03:12', 'admin', '2023-03-05 22:03:28', '', '0000-00-00 00:00:00');

-- --------------------------------------------------------

--
-- Table structure for table `frs_purchase_order_attachment`
--

CREATE TABLE `frs_purchase_order_attachment` (
  `item_id` int(11) NOT NULL,
  `purchase_order_no` char(25) NOT NULL,
  `image` char(100) NOT NULL,
  `label` char(50) NOT NULL,
  `create_user` char(35) NOT NULL,
  `create_date` datetime NOT NULL
) ENGINE=InnoDB DEFAULT CHARSET=utf8mb4;

--
-- Dumping data for table `frs_purchase_order_attachment`
--

INSERT INTO `frs_purchase_order_attachment` (`item_id`, `purchase_order_no`, `image`, `label`, `create_user`, `create_date`) VALUES
(1, '0002/PO/II/23', 'frs_2180b6442cf0334395dd9efc9ed119f6.jpg', 'Surat Penawaran 011/ISZ-ASO/II/2023', 'admin', '2023-02-24 22:59:01');

-- --------------------------------------------------------

--
-- Table structure for table `frs_purchase_order_items`
--

CREATE TABLE `frs_purchase_order_items` (
  `item_id` int(11) NOT NULL,
  `purchase_order_no` char(25) NOT NULL,
  `material_id` char(20) NOT NULL,
  `qty_unit` double NOT NULL,
  `qty_other` double NOT NULL,
  `unit_price` double NOT NULL,
  `unit_discount` double NOT NULL,
  `expected_date` date NOT NULL,
  `note` char(100) NOT NULL,
  `create_user` char(35) NOT NULL,
  `create_date` datetime NOT NULL
) ENGINE=InnoDB DEFAULT CHARSET=latin1;

--
-- Dumping data for table `frs_purchase_order_items`
--

INSERT INTO `frs_purchase_order_items` (`item_id`, `purchase_order_no`, `material_id`, `qty_unit`, `qty_other`, `unit_price`, `unit_discount`, `expected_date`, `note`, `create_user`, `create_date`) VALUES
(4, '0001/PO/II/23', 'FG0004', 10000, 0, 7000, 0, '0000-00-00', '', 'admin', '2023-02-09 13:05:06'),
(5, '0002/PO/II/23', 'FG0002', 2000, 0, 5000, 0, '0000-00-00', '', 'admin', '2023-02-24 22:37:12'),
(6, '0003/PO/III/23', 'SP0001', 10, 0, 4500000, 0, '0000-00-00', '', 'admin', '2023-03-05 22:03:15');

-- --------------------------------------------------------

--
-- Table structure for table `frs_purchase_vendor`
--

CREATE TABLE `frs_purchase_vendor` (
  `no` int(4) NOT NULL,
  `account` char(15) NOT NULL,
  `name` char(50) NOT NULL,
  `npwp_no` char(35) NOT NULL,
  `address` char(200) NOT NULL,
  `city` char(50) NOT NULL,
  `contact_person` char(35) NOT NULL,
  `email_address` char(50) NOT NULL,
  `tlp_no` char(35) NOT NULL,
  `hp_no` char(25) NOT NULL,
  `fax_no` char(25) NOT NULL,
  `currency` char(3) NOT NULL,
  `payment_method` char(3) NOT NULL,
  `payment_top` int(3) NOT NULL,
  `payment_top_start` char(15) NOT NULL,
  `limit_credit` double NOT NULL,
  `tax_ppn` char(3) NOT NULL,
  `tax_pph23` char(3) NOT NULL,
  `account_bank` char(25) NOT NULL,
  `name_bank` char(50) NOT NULL,
  `summary` char(150) NOT NULL,
  `coa_payable` char(15) NOT NULL,
  `coa_purchase_advance` char(15) NOT NULL,
  `blocked` char(3) NOT NULL,
  `category` char(15) NOT NULL,
  `category_book` char(1) NOT NULL,
  `status_id` char(2) NOT NULL,
  `create_user` char(35) NOT NULL,
  `create_date` datetime NOT NULL,
  `modified_user` char(35) NOT NULL,
  `modified_date` datetime NOT NULL
) ENGINE=InnoDB DEFAULT CHARSET=latin1;

--
-- Dumping data for table `frs_purchase_vendor`
--

INSERT INTO `frs_purchase_vendor` (`no`, `account`, `name`, `npwp_no`, `address`, `city`, `contact_person`, `email_address`, `tlp_no`, `hp_no`, `fax_no`, `currency`, `payment_method`, `payment_top`, `payment_top_start`, `limit_credit`, `tax_ppn`, `tax_pph23`, `account_bank`, `name_bank`, `summary`, `coa_payable`, `coa_purchase_advance`, `blocked`, `category`, `category_book`, `status_id`, `create_user`, `create_date`, `modified_user`, `modified_date`) VALUES
(1, 'V0001', 'Gatotkaca', '-', '-', '-', '-', '-', '-', '-', '-', '', 'TOP', 1, 'INVOICE RECEIPT', 100000000, 'No', 'No', '-', '-', '-', '21210001', '11600001', 'No', 'PROCUREMENT', '1', '22', 'admin', '2023-02-09 13:04:30', 'admin', '2023-02-13 02:27:37');

-- --------------------------------------------------------

--
-- Table structure for table `frs_purchase_vendor_attachment`
--

CREATE TABLE `frs_purchase_vendor_attachment` (
  `item_id` int(11) NOT NULL,
  `account_vendor` char(15) NOT NULL,
  `image` char(50) NOT NULL,
  `label` char(50) NOT NULL,
  `create_user` char(35) NOT NULL,
  `create_date` datetime NOT NULL
) ENGINE=InnoDB DEFAULT CHARSET=utf8mb4;

-- --------------------------------------------------------

--
-- Table structure for table `frs_purchase_vendor_setting`
--

CREATE TABLE `frs_purchase_vendor_setting` (
  `item_id` int(11) NOT NULL,
  `category` char(35) NOT NULL,
  `coa` char(15) NOT NULL
) ENGINE=InnoDB DEFAULT CHARSET=latin1;

--
-- Dumping data for table `frs_purchase_vendor_setting`
--

INSERT INTO `frs_purchase_vendor_setting` (`item_id`, `category`, `coa`) VALUES
(1, 'Payable', '2'),
(2, 'PurchaseAdvance', '116');

-- --------------------------------------------------------

--
-- Table structure for table `frs_status`
--

CREATE TABLE `frs_status` (
  `id` char(4) NOT NULL,
  `description` char(25) NOT NULL,
  `category` char(15) NOT NULL
) ENGINE=InnoDB DEFAULT CHARSET=latin1;

--
-- Dumping data for table `frs_status`
--

INSERT INTO `frs_status` (`id`, `description`, `category`) VALUES
('0', 'Rejected', ''),
('1', 'Draft', ''),
('2', 'Request Approve', ''),
('21', 'Verifying', ''),
('22', 'Verified', ''),
('3', 'Approved', ''),
('31', 'Mkt. Approved', ''),
('32', 'Fin. Approved', ''),
('33', 'Waho Received', ''),
('4', 'Disapprove', ''),
('E0', 'Training', 'Employee'),
('E1', 'Magang', 'Employee'),
('E2', 'Kontrak', 'Employee'),
('E3', 'Tetap', 'Employee'),
('E4', 'Resign', 'Employee'),
('F1', 'Fin. Accepted', ''),
('F2', 'Fin. Request Approve', ''),
('F3', 'Fin. Approved', ''),
('P0', 'Not Ready', ''),
('P1', 'Ready to Farming', ''),
('P2', 'On Farming', ''),
('P21', 'On Farming: Preparation', ''),
('P22', 'On Farming: Running', ''),
('P23', 'On Farming: Closing', '');

-- --------------------------------------------------------

--
-- Table structure for table `frs_stock_opname`
--

CREATE TABLE `frs_stock_opname` (
  `no` int(11) NOT NULL,
  `stock_opname_no` char(25) NOT NULL,
  `stock_opname_date` date NOT NULL,
  `description` char(50) NOT NULL,
  `period` date NOT NULL,
  `category_id` char(2) NOT NULL,
  `status_id` char(1) NOT NULL,
  `summary_stock_opname` char(200) NOT NULL,
  `summary_reject` char(100) NOT NULL,
  `create_user` char(35) NOT NULL,
  `create_date` datetime NOT NULL,
  `modified_user` char(35) NOT NULL,
  `modified_date` datetime NOT NULL,
  `approved_user` char(35) NOT NULL,
  `approved_date` datetime NOT NULL
) ENGINE=InnoDB DEFAULT CHARSET=latin1;

--
-- Dumping data for table `frs_stock_opname`
--

INSERT INTO `frs_stock_opname` (`no`, `stock_opname_no`, `stock_opname_date`, `description`, `period`, `category_id`, `status_id`, `summary_stock_opname`, `summary_reject`, `create_user`, `create_date`, `modified_user`, `modified_date`, `approved_user`, `approved_date`) VALUES
(1, '0001/SOP/II/23', '2023-02-28', 'Stock opname', '2023-02-01', 'FG', '1', '-', '', 'admin', '2023-03-02 05:32:25', '', '0000-00-00 00:00:00', '', '0000-00-00 00:00:00');

-- --------------------------------------------------------

--
-- Table structure for table `frs_users`
--

CREATE TABLE `frs_users` (
  `id` char(35) NOT NULL,
  `name` char(35) NOT NULL,
  `password` char(35) NOT NULL,
  `level_id` char(1) NOT NULL,
  `sales_id` char(5) NOT NULL,
  `blocked` char(3) NOT NULL,
  `access_app` char(1) NOT NULL,
  `create_date` datetime NOT NULL,
  `create_user` char(35) NOT NULL,
  `modified_date` datetime NOT NULL,
  `modified_user` char(35) NOT NULL,
  `last_login` datetime NOT NULL,
  `last_ip` char(50) NOT NULL
) ENGINE=InnoDB DEFAULT CHARSET=latin1;

--
-- Dumping data for table `frs_users`
--

INSERT INTO `frs_users` (`id`, `name`, `password`, `level_id`, `sales_id`, `blocked`, `access_app`, `create_date`, `create_user`, `modified_date`, `modified_user`, `last_login`, `last_ip`) VALUES
('admin', 'admin', '21232f297a57a5a743894a0e4a801fc3', '1', '', 'No', '1', '2002-09-18 00:00:00', 'jamaludin', '2022-12-14 09:30:39', 'jamaludin', '2023-05-01 11:19:18', '112.215.235.204'),
('imas', 'IMAS', '202cb962ac59075b964b07152d234b70', '2', '', 'No', '1', '2023-03-25 15:09:50', 'admin', '0000-00-00 00:00:00', '', '0000-00-00 00:00:00', '');

-- --------------------------------------------------------

--
-- Table structure for table `frs_users_level`
--

CREATE TABLE `frs_users_level` (
  `id` int(11) NOT NULL,
  `description` char(15) NOT NULL
) ENGINE=InnoDB DEFAULT CHARSET=utf8mb4;

--
-- Dumping data for table `frs_users_level`
--

INSERT INTO `frs_users_level` (`id`, `description`) VALUES
(1, 'ADMINISTRATOR'),
(2, 'USER');

-- --------------------------------------------------------

--
-- Table structure for table `tbl_bank_soal`
--

CREATE TABLE `tbl_bank_soal` (
  `id` int(11) NOT NULL,
  `kategori_id` int(11) NOT NULL,
  `pertanyaan` text NOT NULL,
  `pilihan_a` varchar(256) NOT NULL,
  `pilihan_b` varchar(256) NOT NULL,
  `pilihan_c` varchar(256) NOT NULL,
  `pilihan_d` varchar(256) NOT NULL,
  `pilihan_e` varchar(256) NOT NULL,
  `nilai_a` int(11) NOT NULL,
  `nilai_b` int(11) NOT NULL,
  `nilai_c` int(11) NOT NULL,
  `nilai_d` int(11) NOT NULL,
  `nilai_e` int(11) NOT NULL
) ENGINE=InnoDB DEFAULT CHARSET=latin1;

--
-- Dumping data for table `tbl_bank_soal`
--

INSERT INTO `tbl_bank_soal` (`id`, `kategori_id`, `pertanyaan`, `pilihan_a`, `pilihan_b`, `pilihan_c`, `pilihan_d`, `pilihan_e`, `nilai_a`, `nilai_b`, `nilai_c`, `nilai_d`, `nilai_e`) VALUES
(59, 1, '<p>Seorang penjual buah membeli buah dengan harga Rp450.000,00, dan pedagang tersebut berhasil menjual semuanya dengan harga Rp573.750,00. Berapakah persentase keuntungan yang didapat oleh penjual buah itu?<br></p>', '20%', '22,5%', '25%', '25,5%', '27,5%', 0, 0, 0, 0, 5),
(60, 1, '<p>Seseorang mendapatkan hadiah mobil dalam suatu program televisi. Di pasaran umum, harga mobil tersebut adalah Rp 150.000.000,00.Adapun pajak ditetapkan 2/3 dari harga tersebut. Jika ia diharuskan membayar pajak sebesar Rp 450,00 per Rp 1.000,00, berapakah besarnya pajak yang harus dibayarnya?<br></p>', 'Rp 45.000.000,00', 'Rp 37.500.000,00', 'Rp 30.000.000,00', 'Rp 25.750.000,00', 'Rp 25.000.000,00', 5, 0, 0, 0, 0),
(61, 1, '<p>Keseluruhan jumlah televisi dagangan Rudi adalah 56 buah. Di dalam gudang terdapat 24 buah televisi lebih banyak dibandingkan televisi-televisi yang dipajang di etalase toko. Berapakah jumlah televisi di dalam gudang Rudi?<br></p>', '36', '38', '40', '42', '44', 0, 0, 5, 0, 0),
(62, 1, '<p>2, 6, 11, 17, 24, 32, ...., ....<br></p>', '41 dan 51', '40 dan 50', '40 dan 51', '41 dan 50', '41 dan 52', 5, 0, 0, 0, 0),
(63, 2, '<p>Pada hari terakhir sidang BPUKI yang pertama, Dr. Radjiman Wedyodiningrat membentuk panitia kecil atau panitia delapan yang diketuai oleh .... <br></p>', 'Ahmad Subardjo', 'Moh. Yamin', 'Ir. Soekarno', 'H. Agus Salim', 'Drs. Moh Hatta', 0, 0, 5, 0, 0),
(64, 2, '<p>Yang bukan termasuk panitia kecil untuk menampung usul usul yang masuk adalah .... <br></p>', 'Muh. Yamin', 'A. A Maramis', 'Oto Iskandar Dinata', 'Ahmad Subardjo', 'Wahid Hasyim', 0, 0, 0, 5, 0),
(77, 2, '<p>Hak-hak yang termasuk dalam hak asasi manusia berdasarkan Undang-Undang Dasar 1945 pasal 28 ayat (1) adalah sebagai berikut, <b>kecuali</b> .<br></p>', 'Hak untuk tidak disiksa', 'Hak untuk dituntut atas dasar hukum yang berlaku surut', 'Hak untuk diakui sebagai pribadi di hadapan hukum', 'Hak untuk tidak diperbudak', 'Hak beragama', 0, 5, 0, 0, 0),
(82, 2, '<p>Beberapa cara dilakukan untuk membina persatuan dan kesatuan seperti berikut, <b>kecuali</b> .<br></p>', 'Transmigrasi', 'Berbahasa Indonesia dalam pergaulan', 'Pengadaan Pekan Olahraga Nasional (PON)', 'Pengiriman misi kesenian daerah', 'Urbanisasi', 0, 0, 0, 0, 5),
(85, 2, '<p>Semboyan pendidikan nasional, <b>Tutwuri handayani</b>, berarti .<br></p>', 'Di depan memberikan contoh keteladanan yang baik', 'Di belakang memberikan semangat untuk terus berkarya', 'Di belakang menyusun kekuatan untuk dapat memberikan dorongan untuk terus maju', 'Di belakang mampu memberikan pengawasan serta dorongan untuk terus maju', 'Di depan memberikan tarikan dan semangat untuk terus maju', 0, 0, 0, 5, 0),
(86, 1, '<p>Jika dari satu pak kartu bridge diambil satu kartu secara acak, berapakah peluang yang terambil tersebut kartu berangka 2?<br></p>', '1/11', '1/12', '1/13', '1/14', '1/15', 0, 0, 5, 0, 0),
(88, 1, '<p>Nilai rata-rata ulangan untuk mata pelajaran biologi dari 32 murid adalah 7,5. Setelah ditambah dengan nilai Agung, rata-ratanya menjadi 7,4. Berapakah nilai Agung?<br></p>', '4,2', '4,3', '4,4', '4,5', '4,6', 5, 0, 0, 0, 0),
(89, 1, '<p>Semua prajurit Singasari menyimpan keris di pinggangnya. Sebagian prajurit Singasari bersenjatakan tombak panjang. Pernyataan yang sesuai dengan pernyataan di atas adalah .<br></p>', 'Prajurit Singasari yang menyimpan keris di pinggangnya pasti bersenjatakan tombak panjang.', 'Sebagian prajurit Singasari bersenjatakan tombak panjang dan sebagian lainnya bersenjatakan panah.', 'Sebagian prajurit Singasari menyimpan keris di pinggangnya dan bersenjatakan tombak panjang.', 'Sebagian prajurit Singasari tidak menyimpan keris di pinggangnya namun bersenjatakan tombak panjang.', 'Sebagian prajurit Singasari menyimpan keris di pinggangnya dan bersenjatakan panah.', 0, 0, 5, 0, 0),
(92, 1, '<p>3, 5, 8, 12, 17, 23, ...., ....<br></p>', '30 dan 37', '29 dan 36', '29 dan 37', '31 dan 39', '30 dan 38', 0, 0, 0, 0, 5),
(94, 1, '<p>5, 9, 7, 11, 9, 13, ...., ....<br></p>', '17 dan 21', '17 dan 15', '11 dan 15', '11 dan 9', '15 dan 19', 0, 0, 5, 0, 0),
(96, 3, '<p>Setelah diterima sebagai PNS, sepuluh tahun berikutnya saya rasa saya akan berada di posisi ....<br></p>', 'Lebih baik dari saat ini', 'Sama seperti ini', 'Belum jelas, karena saya tidak tahu nasib saya', 'Sama seperti saat ini, namum berbeda tempat kerja', 'Bukan PNS lagi', 5, 4, 2, 3, 1),
(97, 2, '<p>Berdasarkan teori kausalitas, diketahui bahwa sumber formal dari Pancasila adalah ....<br></p>', 'Kitab Kertanegara', 'Piagam Jakarta', 'Alinea IV Pembukaan UUD 1945', 'Tata kehidupan bangsa Indonesia', 'Hasil sidang BPUPKI I', 0, 0, 5, 0, 0),
(98, 2, 'Sebagai sebuah ideologi, Pancasila mengandung unsur tujuan hidup yang dijabarkan melalui sila yang ....<br>', 'Pertama', 'Kedua', 'Ketiga', 'Keempat', 'Kelima', 0, 0, 0, 0, 5),
(99, 2, 'Nilai nilai dalam Pancasila akan tetap ada sepanjang masa dalam kehidupan bangsa Indonesia, baik dalam adat istiadat, kebudayaan, kegiatan kenegaraan, maupun dalam keagamaan. Hal Tersebut merupakan salah satu tanda bahwa nilai Pancasila bersifat ....<br>', 'Majemuk', 'Tunggal', 'Objektif', 'Subjektif', 'Kausatif', 0, 0, 5, 0, 0),
(100, 2, 'Sebagai paradigma pembangunan nasional berarti Pancasila menjadi dasar bagi segala aspek pembangunan serta meliputi asas asas pembangunan nasional berikut, <b>kecuali</b> ....<br>', 'Demokrasi', 'Manfaat', 'Adil dan merata', 'Persatuan pembangunan', 'Kesadaran hukum', 0, 0, 0, 5, 0),
(101, 2, 'Sebagai sebuah ideologi terbuka, Pancasila memiliki nilai nilai yang dapat berubah dan dinamis sesuai dengan keadaan dan perkembangan zaman. Nilai ini disebut dengan ....<br>', 'Nilai dasar', 'Nilai proletar', 'Nilai instrumental', 'Nilai dinamika', 'Nilai inovasi', 0, 0, 5, 0, 0),
(102, 2, 'Inti nilai nilai Pancasila bersifat universal ini berarti ....<br>', 'Nilai nilai Pancasila dibuat berdasarkan ideologi dari seluruh dunia', 'Nilai nilai Pancasila dapat diterapkan dan digunakan juga oleh negara lain', 'Nilai nilai pancasila dibuat melampaui zamannya', 'Nilai nilai Pancasila dibuat dengan mempertimbangkan kondisi dunia', 'Nilai nilai Pancasila menjadi lambang perdamaian dunia', 0, 5, 0, 0, 0),
(103, 2, '<p>Dasar negara Pancasila merupakan hasil dari sidang BPUPKI. <b>BPUPKI</b> sendiri kemudian dibubarkan pada ....<br></p>', '11 Juli 1945', '16 Juli 1945', '27 Juli 1945', '7 Agustus 1945', '9 Agustus 1945', 0, 0, 0, 5, 0),
(104, 2, 'Persatuan, kekeluargaan, keseimbangan lahir batin, musyawarah, dan keadilan rakyat adalah dasar negara yang disampaikan oleh ....<br>', 'Supomo', 'Ir Soekarno', 'M Yamin', 'Rajidman Wediodiningrat', 'Ahmad Subardjo', 5, 0, 0, 0, 0),
(105, 2, 'Sila dalam Pancasila yang tidak mendasari, meliputi, dan menjiwai sila lainnya adalah sila ....<br>', 'Pertama', 'Kedua', 'Ketiga', 'Keempat', 'Kelima', 0, 0, 0, 0, 5),
(106, 2, 'Penghayatan dan pengamalan akan Bineka Tunggal Ika secara sungguh sungguh merupakan nilai dari sila ....<br>', 'Pertama', 'Kedua', 'Ketiga', 'Keempat', 'Kelima', 0, 0, 5, 0, 0),
(107, 2, 'Dalam sejarah pemberlakuan konstitusi di Indonesia terjadi beberapa kali periode pemberlakuan konstitusi dengan periode terpendek adalah konstitusi .... <br>', 'UUD 1945', 'RIS', 'UUDS 1950', 'Dekrit Presiden 1959', 'UUD 1945 Hasil Amandemen', 0, 5, 0, 0, 0),
(108, 2, 'Pemberaian grasi, amnesti, abolisi, dan rehabilisasi oleh Presiden diatur secara lengkap dalam UUD 1945 Pasal ....<br>', '11', '12', '13', '14', '16', 0, 0, 0, 5, 0),
(109, 2, 'Pasal 23 UUD 1945 secara khusus mengatur tentang segala macam hal yang berkaitan dengan ....<br>', 'Keuangan', 'DPR', 'Kekuasaan Kehakiman', 'Wilayah Negara', 'Warga Negara dan Penduduk', 5, 0, 0, 0, 0),
(110, 2, 'Perubahan UUD 1945 pertama kali dilakukan pada sidang umum MPR pada tahun .... <br>', '1998', '1999', '2000', '2001', '2002', 0, 5, 0, 0, 0),
(111, 2, 'Ditinjau dari segi sistematika, UUD 1945 setelah amandemen terdiri atas .... bagian<br>', '1', '2', '3', '5', '7', 0, 5, 0, 0, 0),
(112, 2, 'Setelah mengalami amandemen sebanyak empat kali, UUD 1945 memiliki .... bab<br>', '16', '19', '20', '21', '25', 0, 0, 0, 5, 0),
(113, 2, 'Pemilihan umum Republik Indonesia pertama kali diselenggarakan pada masa periode konstitusi .... <br>', 'UUD 1945', 'Konstitusi RIS', 'UUDS 1950', 'Dekrit Presiden 1959', 'UUD 1945 Hasil Amandemen', 0, 0, 5, 0, 0),
(114, 2, 'Presiden tidak dapat membekukan dan/atau membubarkan DPR. Hal tersebut merupakan isi pasal UUD 1945 yang mengalami perubahan dalam amandemen UUD 1945 yang ....<br>', 'Pertama dan Kedua', 'Pertama', 'Kedua', 'Ketiga', 'Keempat', 0, 0, 0, 5, 0),
(115, 2, 'Salah satu bab yang dihapus dalam UUD 1945 hasil amandemen adalah bab tentang ....<br>', 'Dewan Pertimbangan Agung', 'Badan Pemeriksa Keuangan', 'Kementrian Negara', 'Kekuasaan Kehakiman', 'Hak Asasi Manusia', 5, 0, 0, 0, 0),
(116, 2, 'UUD 1945 atau Konstitusi Negara Republik Indonesia Untuk pertama kalinya disahkan dan ditetapkan oleh ....<br>', 'BPUPKI', 'Panitia Sembilan', 'PPKI', 'KNPI', 'DPR', 0, 0, 5, 0, 0),
(117, 2, 'Bhineka Tunggal Ika seharusnya bersifat inklusif maksudnya ....<br>', 'Mengembangkan konsep baru dari unsur asli dengan unsur yang datang dari luar', 'Mayoritas tidak memaksakan kehendaknya pada minoritas', 'Adanya kebebasan beragama sesuai yang diyakini', 'Persatuan adalah hal mutlak ditengah perbedaan', 'Perbedaan adalah hal mutlak ditengah persatuan', 0, 5, 0, 0, 0),
(118, 2, 'Bhineka Tunggal Ika dilandasi oleh sifat sifat dibawah ini, <b>kecuali </b>....<br>', 'Saling percaya', 'Saling hormat', 'Saling cinta', 'Rukun', 'Eksklusif', 0, 0, 0, 0, 5),
(119, 2, 'Indonesia terdiri atas <b>Zelfbesturende landschappen</b> berarti ....<br>', 'Daerah daerah swapraja', 'Kota dan setingkatnya', 'Desa dan setingkatnya', 'Daerah persemakmuran', 'Daerah bekas jajahan', 5, 0, 0, 0, 0),
(120, 2, 'Indonesia juga terdiri atas <b>Volksgemeenschappen</b> berarti ....<br>', 'Daerah daerah swapraja', 'Kota dan setingkatnya', 'Desa dan setingkatnya', 'Daerah persemakmuran', 'Daerah bekas jajahan', 0, 0, 5, 0, 0),
(121, 2, 'Dalam negara persatuan, bagaimana letak kepentingan individu?<br>', 'Kepentingan individu seimbang dengan kepentingan kolektif', 'Kepentingan individu diakomodir secara aktif', 'Kepentingan kelompok bersifat mutlak diakomodir', 'Kepentingan individu dan kelompok dibawah kepentingan negara', 'Kepentingan individu tidak bisa diakomodasikan karena kepentingan kelompok lebih penting', 5, 0, 0, 0, 0),
(122, 2, 'Tentara Keamanan rakyat merupakan cikal bakal dari TNI. Tokoh yang menjabat sebagai Kepala Staf Tentara Keamanan Rakyat pertama kali adalah .... <br>', 'Urip Sumohardjo', 'Jendral Soedirman', 'T.B Simatupang', 'A. H Nasution', 'Supriyadi', 5, 0, 0, 0, 0),
(123, 2, 'Provinsi Papua Barat adalah salah satu provinsi yang lahir setelah era reformasi. Provinsi ini beribu kota di ....<br>', 'Raja Ampat', 'Sentani', 'Manokwari', 'Sorong', 'Kaimana', 0, 0, 5, 0, 0),
(124, 2, 'Deklarasi Djuanda diumumkan oleh pemerintah Indonesia pada ....<br>', '11 Desember 1957', '13 Desember 1957', '19 Desember 1957', '11 April 1960', '13 April 1960', 0, 5, 0, 0, 0),
(125, 2, '<p>Perundingan yang berhasil mengakhiri konfrontasi fisik antara Indonesia dengan Belanda adalah ....&nbsp;&nbsp;&nbsp;&nbsp;&nbsp;&nbsp; <br></p>', 'Perundingan New York', 'Perundingan Linggarjati', 'Perundingan Renville', 'Perundingan Roem Royen', 'Konferensi Meja Bundar', 0, 0, 0, 0, 5),
(126, 2, 'Selainmembagi wilayah Indonesia ke dalam provinsi provinsi, PPKI juga membentuk sebanyak .... kementerian untuk membantu kerja presiden<br>', '8', '10', '12', '13', '16', 0, 0, 5, 0, 0),
(127, 2, 'Konsep negara kepulauan berdasarkan Deklarasi Djuanda diakui dalam Konvensi Hukum Laut PBB tahun ....<br>', '1960', '1968', '1978', '1980', '1982', 0, 0, 0, 0, 5),
(128, 2, 'Provinsi berikut ini adalah provinsi yang lahir setelah era orde baru, <b>kecuali</b> ....<br>', 'Provinsi Kepulauan Bangka Belitung', 'Provinsi Gorontalo', 'Provinsi Banten', 'Provinsi Maluku Utara', 'Provinsi Riau', 0, 0, 0, 0, 5),
(129, 2, 'Pada tanggal 19 Desember 1961, Presiden Soekarno mengumandangkan Tri Komando Rakyat (Trikora) sebagai komando Pembebasan Irian Barat di kota ....<br>', 'Jakarta', 'Yogyakarta', 'Surabaya', 'Ambon', 'Jayapura', 0, 5, 0, 0, 0),
(130, 2, 'Provinsi provinsi dibawah ini merupakan provinsi yang terbentuk pada masa awal kemerdekaan Republik Indonesia, <b>kecuali</b> ....<br>', 'Sumatra', 'DKI Jakarta', 'Jawa Tengah', 'Maluku', 'Sunda Kecil', 0, 5, 0, 0, 0),
(131, 2, 'Sidang BPUPKI yang kedua dimulai pada tanggal ....<br>', '29 Mei 1945', '4 Juni 1945', '22 Juni 1945', '10 Juli 1945', '14 Juli 1945', 0, 0, 0, 5, 0),
(132, 1, '<p>ALEGORI = ....<br></p>', 'Kenangan', 'Umpama', 'Biasanya', 'Alasan', 'Keadaan', 0, 5, 0, 0, 0),
(133, 1, 'LENGAS = ....<br>', 'Benci', 'Meleset', 'Lari', 'Menghindar', 'Lembab', 0, 0, 0, 0, 5),
(134, 1, 'STANZA = ....<br>', 'Puisi', 'Halte', 'Bait', 'Romantis', 'Gelap', 0, 0, 5, 0, 0),
(135, 1, 'Mumuk &gt;&lt; ....<br>', 'Lubak', 'Hancur', 'Keropos', 'Padat', 'Kuat', 0, 0, 0, 5, 0),
(136, 1, 'Berdus &gt;&lt; ....<br>', 'Kempis', 'Lebam', 'Perih', 'Bengkak', 'Buang', 5, 0, 0, 0, 0),
(137, 1, 'Akronim &gt;&lt; ....<br>', 'Singkatan', 'Perbedaan', 'Kepanjangan', 'Kesesuaian', 'Ketetapan', 0, 0, 5, 0, 0),
(138, 1, 'Flute : Tiup = .... : ....<br>', 'Dengar : Musik', 'Herpa : Petik', 'Senar : Gitar', 'Betot : Bass', 'Perkusi : Konga', 0, 5, 0, 0, 0),
(139, 1, 'Padi : Sebulir = .... : ....<br>', 'Pasir : Sebutir', 'Kayu : Segenggam', 'Darah : Segumpal', 'Segenggam : Beras', 'Selembar : Daun', 0, 0, 5, 0, 0),
(140, 1, '<p>Dani memiliki pabrik konveksi. Pabrik konveksi Dani mencoba memproduksi kaus anak anak. Kaus yang di produksi dari pabrik Dani dijual dengan harga relatif murah dengan sasaran konsumen masyarakat Bandung dan sekitarnya. Ternyata kaus tersebut laku keras sehingga pabrik milik Hamdani mendapat keuntungan besar. Berdasarkan penglaman ini, Hamdani ingin mengembangkan usahanya di kota kota besar seperti Semarang, Surabaya, dan Yogyakarta.</p><p>Kesimpulan yang tepat untuk melengkapi paragraf analogi di atas adalah ....<br></p><p> <br></p>', 'Produksi kaus Dani disukai oleh banyak konsumen dari berbagai kalangan', 'Pabrik kaus Dani meraup keuntungan yang cukup besar', 'Dani sangat senang usaha kausnya berhasil', 'Dani beranggapan bahwa produknya pasti akan laku keras', 'Harga kaus produksi pabrik Dani terjangkau semua orang', 0, 0, 0, 0, 5),
(141, 1, '30, 31, ...., ...., 40, 45<br>', '33, 37', '32, 34', '31, 34', '33, 36', '31, 33', 0, 0, 0, 5, 0),
(142, 1, '6, ...., 29, 174, ...., 1002, 995<br>', '34, 51', '35, 51', '35, 162', '36, 167', '36, 154', 0, 0, 0, 5, 0),
(143, 1, '29, 66, 127, 218, ....<br>', '343', '244', '246', '341', '345', 0, 0, 0, 0, 5),
(144, 1, '(1,69 : 13) x 1,3 = ....<br>', '1,69', '0,169', '16,9', '169', '1690', 0, 5, 0, 0, 0),
(145, 1, '-34 x (-22) - (-2020) = ....<br>', '2768', '2668', '2568', '2478', '2786', 5, 0, 0, 0, 0),
(146, 1, 'Jika rata rata dari 2, 3, x, dan y, adalah 5. Maka rata rata dari 4, 5, 6, x, dan y adalah .... <br>', '4,6', '5,0', '5,6', '6,0', '6,4', 0, 0, 0, 5, 0),
(147, 1, 'Sebuah kantor memiliki 8 bagian, masing masing dengan 10 -16 seksi. Setiap seksi sedikitnya ada 40 pegawai tetapi tidak lebih dari 60 pegawai. Jika 10% pegawai pada setiap seksi adalah juru tulis, berapakan minimum jumlah juru tulis di satu bagian?<br>', '40', '60', '65', '96', '100', 5, 0, 0, 0, 0),
(148, 1, 'Sepuluh tahun yang lalu, Rudi adalah sepertiga dari usianya sekatang. Lima belas tahun yang akan datang perbandingan antara usia Marlena dan usia Rudi adalah 3 : 5. Berapa tahun usia Marlena 5 tahun yang akan datang?<br>', '30', '20', '15', '12', '8', 0, 0, 0, 0, 5),
(149, 1, 'Semua pegawai mendapat gaji pokok. Sebagian pegawai mendapat bonus penghasilan. <b>Kesimpulannya</b> ....<br>', 'Semua pegawai tidak mendapat gaji pokok dan bonus penghasilan', 'Semua pegawai mendapat gaji pokok dan bonus penghasilan', 'Sebagian pegawai mendapat gaji pokok dan bonus penghasilan', 'Pegawai yang diberi gaji pokok pasti mendapat bonus penghasilan', 'Sebagian pegawai mendapat bonus penghasilan saja', 0, 0, 5, 0, 0),
(150, 1, '<p>Semua pasangan yang menikah di KUA adalah pasangan sah. Pasangan yang sah pasti memiliki buku nikah. Riana dan Budi mempunyai buku nikah. <b>Kesimpulannya</b> ....<br></p>', 'Rina dan Budi tidak menikah', 'Buku nikah Rina dan Budi palsu', 'Rina dan Budi menikah di KUA', 'Rina dan Budi pasangan yang tidak sah', 'Budi dan Rina belum tentu sah', 0, 0, 5, 0, 0),
(151, 1, 'Semua pemilik mobil harus mempunyai surat izin mengemudi. Lantip memiliki 2 mobil mewah. <b>Kesimpulannya</b> ....<br>', 'Lantip tidak membutuhkan surat izin mengemudi', 'Lantip wajib memiliki surat izin mengemudi', 'Lantip boleh memiliki surat mengemudi', 'Tidak dapat ditarik kesimpulan', 'Semua salah', 0, 5, 0, 0, 0),
(152, 1, 'Kendaraan roda dua dan bermesin boleh memasuki tol. Sementara kereta kuda beroda dua. <b>Kesimpulannya </b>....<br>', 'Tidak ada kesimpulan', 'Kereta kuda harus masuk jalan tol', 'Kereta kuda boleh masuk jalan tol', 'Kereta kuda dilarang masuk jalan tol', 'Semua salah', 0, 0, 0, 5, 0),
(153, 1, 'Semua balita mendapat imunisasi. Beberapa balita mendapat vitamin. <b>Kesimpulannya</b> ....<br>', 'Semua balita mendapat imunisasi dan vitamin', 'Balita yang telah imunisasi biasanya mendapat vitamin', 'Sebagian balita mendapat vitamin saja', 'Sebagian balita mendapat vitamin dan imunisasi', 'Semua salah', 0, 0, 0, 5, 0),
(154, 1, 'Nur mempunyai 3 buah mobil. Harga mobil 1 lebih mahal dibandingkan harga mobil 2. Harga mobil 3 lebih mahal dari harga mobil 2. Manakah pernyataan berikut yang benar?<br>', 'Harga mobil 2 lebih kecil dari rata rata harga mobil 1 dan 3', 'Harga mobil 3 lebih mahal dari pada harga mobil 1', 'Harga mobil 1 lebih mahal dari pada harga mobil 3', 'Harga mobil 1 ditambah harga mobil 2 lebih besar dari pada harga mobil 1 ditambah harga mobil 3', 'Tidak ada jawaban yang benar', 5, 0, 0, 0, 0),
(155, 1, 'Gaji Pak Maryadi adalah Rp. 300.000,00 lebih banyak dari pada gaji Pak Gito, sedangkan gaji Pak Agus adalah sepertiga gaji dari Pak Gito. Jadi ....<br>', 'Tidak diketahui apakah gaji Pak Maryadi lebih banyak atau lebih sedikit dari gaji Pak Agus', 'Gaji Pak Maryadi lebih sedikit dari gaji Pak Agus', 'Gaji Pak Maryadi sama banyaknya dengan gaji Pak Agus', 'Gaji Pak Maryadi sama banyaknya dengan gaji Pak Gito', 'Gaji Pak Maryadi lebih banyak dari gaji Pak Agus', 0, 0, 0, 0, 5),
(156, 3, '<p>Suatu saat saya mengingkari sebuah janji yang saya buat dengan teman saya maka saya ....<br></p>', 'Merasa biasa saja, teman saya tersebut pernah ingkar janji juga', 'Merasa malu terhadap diri sendiri', 'Merasa tenang karena baru pertama kali ini saya ingkar', 'Merasa sangat bersalah', 'Merasa takut akan dibenci atau dimarahi oleh teman saya', 1, 4, 2, 5, 3),
(157, 3, 'Dalam sebuah perlombaan saya tidak berhasil menjadi yang terbaik. Saya akan ....<br>', 'Biasa saja', 'Tetap berlatih seperti biasa', 'Terpukul dan merasa gagal', 'Akan mencobanya lagi dan berusaha dengan lebih baik lagi', 'Mengevaluasi kegagalan saya', 2, 3, 1, 5, 4),
(158, 3, '<p>Untuk mendapat kenaikan jabatan, saya harus bersaing dengan teman kantor dari divisi lain. Saya akan ....<br></p>', 'Fokus memberikan kinerja terbaik di posisi saya saat ini', 'Mencari kelemahan saingan saya untuk menglahkannya', 'Meminta bantuan teman yang berpengaruh untuk mempromosikan saya', 'Berusaha mendekati atasan dan mempengaruhinya supaya memilih saya', 'Membuat isu buruk tentang saingan saya, supaya ia tereliminiasi dari persaingan', 5, 2, 3, 4, 1),
(159, 3, 'Dalam bekerja saya mempunyai teman yang ....<br>', 'Banyak membantu saya', 'Memacu saya untuk menjadi lebih baik', 'Baik kepada saya', 'Mengerti tugasnya', 'Pintar menghangatkan suasana', 2, 5, 3, 4, 1),
(160, 2, '<p>Bahasa Indonesia baku berfungsi untuk .<br></p>', 'Komunikasi di seluruh wilayah negara Indonesia', 'komunikasi antara orang-orang yang berlainan suku bangsa namun masih dalam batas wilayah negara Indonesia', 'Komunikasi dinas, resmi, dan di sekolah', 'Komunikasi antara atasan dan bawahan dalam suatu kantor', 'Komunikasi secara nasional', 0, 0, 5, 0, 0),
(161, 2, 'Kasihan sekali orang itu. Hanya sendirian ia ketika mengalami kesusahan, tanpa ada saudara atau kerabatnya yang berusaha untuk membantunya. Pernyataan di atas dapat diperibahasakan dengan ....', 'Air lalu kubang tohor', 'Air mata jatuh ke perut', 'Air diminum rasa duri, nasi dimakan rasa sekam', 'Air yang tenang jangan disangka tiada berbuaya', 'Air susu dibalas air tuba', 0, 5, 0, 0, 0),
(162, 2, 'Makna peribahasa udang tak tahu bungkuknya adalah .', 'Orang yang tidak menyadari akan kebaikan dirinya sendiri', 'Orang yang tidak menyadari akan keberuntungan dirinya sendiri', 'Orang yang tidak menyadari akan kemalangan dirinya sendiri', 'Orang yang tidak menyadari akan keunggulan dirinya sendiri', 'Orang yang tidak menyadari akan keburukan dirinya sendiri', 0, 0, 0, 0, 5),
(163, 2, 'Penulisan partikel <b>pun</b> yang tepat dibawah ini adalah .', 'Biarpun sendirian, ia nekat berangkat juga', 'Karena rasa laparnya, makanan apapun juga akan dimakannya', 'Sekalipun ia belum pernah mengunjungi rumah orang tuanya', 'Serupiahpun tidak lagi tersisa di saku celananya', 'Jangankan berdua, bertigapun aku tidak takut pada mereka', 5, 0, 0, 0, 0),
(164, 2, 'Kata ibu dan bapak Joko itu anak yang kreatif. Penjedaan kalimat di atas yang tepat jika yang dimaksudkan adalah Joko anak yang kreatif adalah .', 'Kata ibu dan bapak Joko itu/anak yang kreatif', 'Kata ibu dan bapak Joko/itu anak yang kreatif', 'Kata ibu dan bapak/Joko itu anak yang', 'Kata ibu dan bapak Joko itu anak/ yang kreatif', 'Kata ibu/dan bapak Joko itu anak yang kreatif', 0, 0, 5, 0, 0),
(165, 2, 'Di antara kalimat-kalimat berikut, manakah kalimat yang berkonotasi baik?', 'Tiga serdadu Belanda tewas dalam serangan mendadak yang dilancarkan para pejuang', 'Cut Nyak Meutia wafat dan dimakamkan di Alue Kurieng, Aceh', 'Lelaki tua itu mati di dekat kandang kerbau', 'Bangkai perampok itu terbujur kaku di pinggir jalan', 'Anak kecil itu mati mengenaskan setelah terlindas truk', 0, 5, 0, 0, 0),
(166, 2, 'Di antara kalimat-kalimat berikut, manakah yang merupakan kalimat yang baku?', 'Mereka jebak pencuri itu hingga akhirnya tertangkap', 'Situ sudah lama menunggu adikmu di tempat ini', 'Ia teriak-teriak hingga suaranya serak', 'Ia berjalan cepat agar tidak terlambat masuk sekolah', 'Dua anak lelaki itu berantem di pinggir kali', 0, 0, 0, 5, 0),
(167, 2, 'Di antara kalimat-kalimat berikut, manakah kalimat yang tidak menggunakan frase idiomatik?', 'Kepala sekolah sedang bertemu guru baru di depan sekolah', 'Benar-benar keras kepala anak itu, nasihat orang tuanya tidak juga didengarnya', 'Dasar kepala udang, soal yang mudah pun tidak bisa dijawabnya!', 'Kelompok pemusik itu sedang naik daun', 'Pak Darto adalah tiang kampung di kampung Jaya karena usianya lebih dari seratus tahun', 5, 0, 0, 0, 0),
(168, 2, 'Pengarang itu menyerahkan naskah karangan kepada kepala redaksi penerbit Citra. Bentuk pasif dari kalimat tersebut adalah .', 'Naskah karangan diterima kepala redaksi penerbit Citra dari pengarang', 'Naskah karangan diserahkan kepala redaksi penerbit Citra kepada pengarang', 'Kepala redaksi penerbit Citra menerima naskah karangan dari pengarang', 'Naskah karangan pengarang diserahkan kepada kepala redaksi penerbit Citra', 'Naskah karangan diserahkan pengarang kepada kepala redaksi penerbit Citra', 0, 0, 0, 0, 5),
(169, 2, 'Di antara kalimat-kalimat berikut, manakah kalimat aktif intransistif?', 'Ia belajar dengan tekun', 'Pak Hasan bekerja di kantor', 'Ia menangis meraung-raung', 'Ia melukis dengan kedua kakinya', 'Anak kecil itu memeluk ibunya eraterat', 0, 0, 5, 0, 0),
(170, 2, '<p>Kata Pancasila terdapat di dalam sebuah kitab tulisan pujangga Indonesia masa lalu. Apa nama kitab tersebut dan siapakah pengarangnya?<br></p>', 'Kitab Sutasoma karangan Mpu Tantular', 'Kitab Sutasoma karangan Mpu Kanwa', 'Kitab Hariwangsa karangan Mpu Panuluh', 'Kitab Bharatayuddha karangan Mpu Sedah', 'Kitab Negarakertagama karangan Mpu Prapanca', 0, 0, 0, 0, 5),
(171, 2, 'Rumusan masalah dasar negara Indonesia ini muncul pertama kali sewaktu dilaksanakannya sidang pertama Badan Penyelidik Usaha-Usaha Persiapan Kemerdekaan Indonesia (BPUPKI) pada tanggal 29 Mei 1945  1 Juni 1945. Terdapat 3 tokoh Nasional Indonesia ketika itu yang memaparkan Asas Dasar Negara Republik Indonesia. Selain Ir. Soekarno dan Mr. Muhammad Yamin, seorang tokoh lainnya adalah ....', 'Prof. Dr. Soepomo', 'Dr. Buntaran Martoatmodjo', 'Mr. A.D. Cokronegoro', 'Mr. Syafruddin Prawiranegara', 'Mr. Mohammad Roem', 5, 0, 0, 0, 0),
(172, 2, '<p>Pada Piagam Jakarta (Jakarta Charter) yang akan ditetapkan serta disahkan sebagai Undang-Undang Dasar 1945 masih terdapat masalah yang bisa mengganggu persatuan rakyat Indonesia, terutama pada alinea ke-4 tentang perumusan lima asas falsafah negara Indonesia Merdeka, dimana asas pertama menyebutkan: Ketuhanan dengan kewajiban menjalankan syariat Islam bagi pemeluk-pemeluknya. Berkat peran 4 tokoh Islam dalam memberikan pandangan dan pendapatnya hingga asas pertama falsafah negara tersebut akhirnya berbunyi: Ketuhanan Yang Maha Esa. Salah seorang dari 4 tokoh Islam tersebut adalah .<br></p>', 'Haji Abdul Malik Karim Amrullah', 'Ki Hajar Dewantara', 'Ki Bagus Hadikusumo', 'Tengku Daud Beureuh', 'Umar Said Cokroaminoto', 0, 0, 5, 0, 0),
(173, 2, 'Fungsi Pancasila di negara kita adalah sebagai .', 'Ideologi negara', 'Dasar negara', 'Sumber segala sumber hukum', 'Pegangan hidup', 'Semua jawaban A, B, C, dan D benar', 0, 0, 0, 0, 5),
(174, 2, 'Pancasila di negara kita merupakan sumber dari segala hukum di Indonesia. Penjelasan seperti tersebut tercantum pada .', 'TAP MPR NO IV/MPR/1973', 'TAP MPR NO IV/MPR/1978', 'TAP MPR NO V/MPR/1973', 'TAP MPR NO V/MPR/1978', 'TAP MPR NO VI/MPR/1978', 0, 5, 0, 0, 0),
(175, 2, 'Kata Indonesia berasal dari bahasa Yunani, yaitu <b>Indos</b> dan <b>nesos.</b> Apakah arti dua kata tersebut berikut maknanya secara keseluruhan berdasarkan asal katanya?', 'Indos berarti India dan nesos berarti pulau, sehingga Indonesia bermakna kepulauan yang berada di wilayah India', 'Indos berarti khatulistiwa dan nesos berarti pulau, sehingga Indonesia bermakna kepulauan yang berada di wilayah khatulistiwa', 'Indos berarti pulau dan nesos berarti khatulistiwa, sehingga Indonesia bermakna kepulauan yang berada di wilayah khatulistiwa', 'Indos berarti India dan nesos berarti wilayah yang dekat, sehingga Indonesia bermakna wilayah yang berdekatan dengan India', 'Indos berarti timur dan nesos berarti pulau sehingga Indonesia bermakna kepulauan yang berada di wilayah timur', 5, 0, 0, 0, 0),
(176, 2, 'Kalimat <b>Bhinneka Tunggal Ika</b> berasal dari kalimat yang terdapat di dalam sebuah kitab tulisan pujangga Indonesia masa lalu. Apa nama kitab tersebut dan siapakah pengarangnya?', 'Kitab Sutasoma karangan Mpu Kanwa', 'Kitab Bharatayuddha karangan Mpu Sedah', 'Kitab Hariwangsa karangan Mpu Panuluh', 'Kitab Sutasoma karangan Mpu Tantular', 'Kitab Negarakertagama karangan Mpu Prapanca', 0, 0, 0, 5, 0),
(177, 2, 'Riwayat Kerajaan Kediri berakhir pada tahun 1222 setelah raja terakhir Kerajaan Kediri ditaklukkan Ken Arok pada peperangan di Ganter. Siapakah raja terakhir Kerajaan Kediri tersebut?', 'Sri Maharaja Rakai Sirikan Sri Bameswara', 'Kameswara', 'Kertanegara', 'Kertajaya', 'Jayabhaya', 0, 0, 0, 5, 0),
(178, 2, 'Kitab Kekawin Bharatayuddha digubah oleh Mpu Sedah pada masa pemerintahan Raja Jayabhaya. Sebelum kitab tersebut selesai digubah, Mpu Sedah meninggal dunia. Penggubahan kitab Kekawin Bharatayudha kemudian dilanjutkan oleh .', 'Mpu Kanwa', 'Mpu Tanakung', 'Mpu Panuluh', 'Mpu Darmaja', 'Mpu Monaguna', 0, 0, 5, 0, 0),
(179, 2, 'Pada tahun 929, Mpu Sendok atau Maharaja Rakai Hino Sri Isyana Wikramadharmotunggadewa memindahkan pusat pemerintahan Kerajaan Mataram ke wilayah Jawa Timur serta membentuk wangsa Isyana. Nama kerajaan kemudian berubah menjadi kerajaan .', 'Singasari', 'Jenggala', 'Panjalu', 'Majapahit', 'Kahuripan', 0, 0, 0, 0, 5),
(180, 2, 'Salah satu sistem pemerintahan negara Indonesia menurut UUD 1945 adalah .', 'Negara berdasarkan kekuasaan', 'Negara berdasarkan sistem absolutisme', 'Negara berdasarkan kekuatan rakyat', 'Negara berdasarkan ketuhanan', 'Negara berdasarkan sistem konstitusi', 0, 0, 0, 0, 5),
(181, 2, 'Lembaga Yudikatif sejak masa reformasi dan adanya amandemen UUD 1945 dijalankan oleh .', 'Mahkamah Agung', 'Mahkamah Konstitusi', 'Dewan Perwakilan Rakyat (DPR)', 'Majelis Permusyawaratan Rakyat (MPR)', 'Dewan Pertimbangan Agung (DPA)', 5, 0, 0, 0, 0),
(182, 2, 'Dewan Perwakilan Daerah (DPD) merupakan dewan yang anggotaanggotanya mewakili daerah atau provinsi masing-masing. Bagaimana mekanisme pemilihan anggota Dewan Perwakilan Daerah (DPD) dan berapa orang jumlah mereka yang mewakili setiap daerah atau provinsi tersebut?', 'Ditunjuk langsung oleh gubernur di daerahnya masing-masing dan jumlah mereka 4 orang', 'Dipilih langsung oleh seluruh anggota Dewan Perwakilan Rakyat Daerah (DPRD) di daerahnya masingmasing dan jumlah mereka 4 orang', 'Dipilih langsung oleh rakyat di daerahnya masing-masing dan jumlah mereka 4 orang', 'Dipilih langsung oleh rakyat di daerahnya masing-masing dan jumlah mereka 5 orang', 'Dipilih berdasarkan prestasi dan ketokohan di daerahnya masingmasing dan jumlah mereka 5 orang', 0, 0, 5, 0, 0),
(183, 2, 'Komisi III Dewan Perwakilan Rakyat (DPR) membawahi bidang .', 'Pertanian dan pangan', 'Transportasi dan infrastruktur', 'Industri dan perdagangan', 'Hukum, HAM, dan keamanan', 'Kependudukan dan kesejahteraan', 0, 0, 0, 5, 0),
(184, 2, 'Anggota Komisi Yudisial diangkat dan diberhentikan oleh .', 'Presiden dengan persetujuan Dewan Perwakilan Rakyat', 'Presiden dengan persetujuan Majelis Permusyawaratan Rakyat', 'Mahkamah Konstitusi', 'Mahkamah Agung', 'Jaksa Agung', 5, 0, 0, 0, 0),
(185, 1, '<p>C, G, K, O, ...., .....<br></p>', 'T dan X', 'S dan V', 'S dan W', 'R dan V', 'R dan W', 0, 0, 5, 0, 0),
(186, 1, 'A, B, M, N, C, D, M, N, E, ...., .....', 'F dan M', 'M dan N', 'G dan M', 'G dan N', 'F dan G', 5, 0, 0, 0, 0),
(187, 1, 'E, D, U, G, F, V, I, H, W, ...., .....', 'J dan X', 'K dan J', 'L dan K', 'K dan L', 'J dan K', 0, 5, 0, 0, 0),
(188, 1, 'G, G, Z, J, J, Y, M, M, X, P, ...., ....', 'P dan V', 'V dan P', 'W dan P', 'P dan W', 'S dan W', 0, 0, 0, 5, 0),
(189, 1, 'G, H, I, I, J, K, L, L, M, N, O, ...., ....', 'P dan P', 'P dan Q', 'O dan O', 'O dan P', 'O dan Q', 0, 0, 0, 5, 0),
(190, 1, 'B, W, D, U, F, S, H, Q, ...., .....', 'K dan O', 'J dan P', 'J dan O', 'O dan J', 'J dan N', 0, 0, 5, 0, 0),
(191, 1, 'B, C, D, E, H, C, D, E, N, C, D, ...., .....', 'E dan T', 'D dan T', 'E dan U', 'D dan U', 'F dan T', 5, 0, 0, 0, 0),
(192, 1, '<p>KERIS : JAWA<br></p>', 'Badik : Bali', 'Madura : Celurit', 'Kujang : Sunda', 'Pisau : Dapur', 'Aceh : Rencong', 0, 0, 5, 0, 0),
(193, 1, 'BECAK : KENDARAAN', 'Gadis : Orang', 'Bengawan : Sungai', 'Guru : Murid', 'Baja : Belati', 'Kapal : Perahu', 5, 0, 0, 0, 0),
(194, 1, '<p>INDONESIA : PAPUA NUGINI&nbsp;&nbsp;&nbsp;&nbsp; </p><p>PERANCIS : .<br></p>', 'Inggris', 'Jerman', 'Spanyol', 'Portugal', 'Belanda', 0, 5, 0, 0, 0),
(195, 1, 'LELAH : ISTIRAHAT', 'Gadis : Orang', 'Makan : Lapar', 'Berolahraga : Sehat', 'Haus : Minum', 'Sakit : Obat', 0, 0, 0, 5, 0),
(196, 1, 'PELANGI : BIANGLALA', 'Kurus : Gemuk', 'Gelap : Terang', 'Alpa : Lengah', 'Banteng : Kerbau', 'Masinis : Nakhoda', 0, 0, 5, 0, 0),
(197, 1, 'DIAGONAL : SEGI EMPAT', 'Persegi panjang : Lebar', 'Segitiga : Sudut', 'Bujur sangkar : Luas', 'Trapesium : Jajaran genjang', 'Diameter : Lingkaran', 0, 0, 0, 0, 5),
(198, 1, 'HIU : LAUT', 'Kaktus : Gurun', 'Hutan : Harimau', 'Burung : Langit', 'Darah : Bakteri', 'Bunga : Taman', 5, 0, 0, 0, 0),
(199, 1, 'PERBUATAN : UCAPAN', 'Beras : Nasi', 'Bukti : Janji', 'Sakit : Opname', 'Hutang : Bayar', 'Sumpah : Perwujudan', 0, 5, 0, 0, 0),
(200, 1, '<p>CEPAT : LAJU</p><p>LAMBAT : .<br></p>', 'Laun', 'Mundur', 'Melemah', 'Berkurang', 'Pelan', 0, 0, 0, 0, 5),
(201, 1, 'Margaret Thatcher : Inggris', 'Kartini : Indonesia', 'Imelda Marcos : Philipina', 'Indira Gandhi : India', 'Cleopatra : Mesir', 'Bunda Teresa : Albania', 0, 0, 5, 0, 0),
(202, 3, '<p>Setelah meminta bantuan saya lembur semalam untuk kepentingan pribadinya, atasan membebaskan saya untuk tidak masuk kantor selama satu hari. Saya akan ....<br></p>', 'Menerimanya karena bisa saya gunakan untuk beristirahat', 'Tetap masuk kerja karena saya lembur bukan urusan kantor', 'Menerimanya karena memang saya telah membantunya', 'Meminta jatah libur pada saat saya membutuhkan saja', 'Tetap masuk kerja karena saya sudah mendapat imbalan uang', 3, 5, 2, 1, 4),
(203, 3, '<p>Seorang tamu merasa puas dengan pelayanan yang saya berikan dan ingin memberikan uang dengan nilai yang sangat menggiurkan kepada saya. Padahal peraturan kantor tidak memperbolehkan hal tersebut. Saya akan ....<br></p>', 'Menerima dan akan membaginya dengan teman di ruangan saya', 'Menolaknya, namun apabila memaksa akan saya terima', 'Memintanya untuk memberikan di luar kantor karena tidak enak dengan teman yang lain', 'Menerimanya untuk kemudian disampaikan kepada atasan', 'Menolak dengan halus dan memberitahukan tentang peraturan di kantor', 2, 4, 1, 3, 5),
(204, 3, 'Saat terjadi kekosongan pimpinan dibagian tempat saya bekerja, saya diberikan tugas untuk menjadi pelaksana tugas pimpinan. Saya akan ....<br>', 'Meminta waktu untuk memikirkannya', 'Menolaknya karena beban kerjanya sungguh berat', 'Menerima dan melaksanakan dengan sebaik mungkin', 'Menolak dan menyarankan teman lain untuk menggantikan saya', 'Menerima dan meminta bantuan teman untuk membantu saya', 3, 1, 5, 2, 4),
(205, 3, 'Saya sangat senang melakukan perjalanan dan berpetualang karena ....<br>', 'Memberikan energi baru untuk bekerja', 'Bisa melakukan hal hal baru', 'Bisa melupakan beban pekerjaan', 'Membuat hati menjadi tenang', 'Bisa bertemu dengan banyak orang baru', 3, 5, 1, 2, 4),
(206, 3, 'Dalam menghadapi sebuah permasalahan, biasanya saya mempunyai ide ide yang ....<br>', 'Sama dengan banyak orang', 'Segar dan memberi solusi', 'Sedikit ketinggalan jaman', 'Biasa saja', 'Biasa diterima banyak orang', 3, 5, 1, 2, 4),
(207, 3, 'Perusahaan membutuhkan masukan terkait sistem kerja baru dan faslitas karyawan untuk tahun depan. Saya akan ....<br>', 'Membiarkan orang lain mengajukan ide terlebih dahulu', 'Memberikan masukan hanya apabila diperintahkan oleh atasan', 'Tidak ikut memberikan masukan', 'Memberi masukan sistem kerja yang efektif untuk perusahaan dan karyawan', 'Mendukung ide dari teman dekat saya', 3, 4, 1, 5, 2),
(208, 3, 'Saat sedang menikmati makan siang pada jam istirahat, tiba tiba datang seorang tamu yang membutuhkan pelayanan dikantor saya. Kebetulan teman saya di bagian tersebut sedang keluar, saya akan ....<br>', 'Menelepon teman saya untuk segera kembali kekantor', 'Segera membantu tamu tersebut sebisa saya', 'Meminta teman yang lain untuk menemani tamu tersebut', 'Membiarkan saja karena itu bukan tanggung jawab saya', 'Menerima tamu tersebut dan memintanya untuk menunggu', 3, 5, 2, 1, 4),
(209, 3, 'Seorang pelanggan datang dan mengajukan komplain saat saya sedang sibuk mengerjakan pekerjaan saya. Yang saya lakukan adalah ....<br>', 'Menyarankan pelanggan tersebut untuk mengajukan permasalahannya ke teman saya', 'Menolak melayani karena sedang mengerjakan pekerjaan', 'Menghentikan pekerjaan dan melayani pelanggan tersebut terlebih dahulu', 'Tetap mengerjakan pekerjaan sambil mendengarkan permasalahan pelanggan', 'Meminta bantuan teman untuk mengerjakan pekerjaan saya karena saya harus melayani pelanggan', 3, 1, 5, 2, 4),
(210, 3, 'Saat pergantian jam kerja, rekan kerja saya belum datang. Sementara masih ada beberapa orang yang harus dilayani. Saya akan ....<br>', 'Meninggalkan pekerjaan karena jam kerja saya sudah habis', 'Melayani dengan sebal', 'Memintanya untuk menunggu teman saya melanjutkan pelayanan', 'Tetap melanjutkan pelayanan sambil menunggu teman saya datang', 'Berkonsultasi dengan atasan apa yang harus saya lakukan', 1, 4, 2, 5, 3),
(211, 3, 'Saat sedang mengerjakan sebuah proyek, anak teman kerja saya masuk rumah sakit. Saya akan ....<br>', 'Tetap melanjutkan pekerjaan sesuai dengan tugas masing masing', 'Ikut bersedih dan memikirkan keadaan teman saya', 'Menghibur teman saya', 'Memberinya waktu yang cukup untuk merawat anaknya dan membatu menyelesaikan pekerjaannya', 'Menemani teman saya dan menunda penyelesaian pekerjaan', 1, 4, 3, 5, 2),
(212, 3, 'Seorang teman kerja membutuhkan bantuan saya, sementara saat itu saya juga sibuk dengan pekerjaan saya. Saya akan ....<br>', 'Menolaknya karena saya sendiri sedang sibuk', 'Memintanya untuk mencari bantuan teman lain', 'Tidak memedulikannya karena fokus dengan pekerjaan saya', 'Akan membantunya setelah pekerjaan saya selesai', 'Memarahinya karena telah mengganggu saya', 3, 4, 2, 5, 1),
(213, 3, 'Saya sedang melakukan pembayaran di sebuah supermarket saya menyadari bahwa uang kembalian yang saya terima kurang dari seharusnya. Saya akan ....<br>', 'Memberitahu kasir dan memintanya untuk lebih berhati hati', 'Marah dan meminta kasir untuk segera mengembalikan uang saya', 'Mengabaikannya karena mungkin tidak sengaja berbuat kesalahan', 'Membiarkan saja karena tidak seberapa', 'Melakukan konfirmasi untuk mengecek kebebaran uang kembalian', 4, 1, 3, 2, 5),
(214, 3, '<p>Saya akan ditugaskan untuk melakukan sebuah pekerjaan di daerah yang belum saya datangi sama sekali. Saya akan ....<br></p>', 'Menolak tugas tersebut', 'Mencari informaasi selengkap mungkin tentang daerah tersebut ', 'Memikirkannya saat akan berangkat', 'Bertanya kepada teman yang pernah ditugaskan disana', 'Mendatangi kota tersebut sebelum mulai bertugas untuk melakukan survei', 1, 4, 2, 3, 5),
(215, 3, 'Menghadapi sebuah kondisi baru, saya selalu merasa ....<br>', 'Takut', 'Tidak yakin', 'Biasa saja', 'Senang', 'Antusias', 1, 2, 3, 5, 4),
(216, 3, 'Saya harus berbagi ruangan dengan rekan kerja. PAdahal saya merasa lebih nyaman dan bekerja sendiri dalam ruangan. Yang saya lakukan adalah ....<br>', 'Membuat rekan kerja saya tidak nyaman', 'Pindah ke ruangan lain yang kosong', 'Membiasakan diri dan membangun suasanan kerja yang menyenangkan', 'Bekerja dengan setengah hati', 'Melakukan protes kepada atasan karena menempatkan orang di ruangan saya', 1, 4, 5, 3, 2),
(217, 3, 'Atasan saya memberikan penilaian kinerja yang buruk terhadap diri saya, Maka saya akan ....<br>', 'Bekerja dengan baik', 'Merasa sedih', 'Intropeksi diri dan memperbaiki kekuranagn saya', 'Membenci atasan saya', 'Menjadi malas bekerja', 4, 3, 5, 1, 2),
(218, 3, 'Banyak orang yang membicarakan kekurangan dan kelemahan saya dalam bekerja dibelakang saya. Sikap saya adalah ....<br>', 'Merasa marah dan membenci orang yang membicarakan saya', 'Berusaha memperbaiki kekurangan saya tersebut', 'Menegur mereka yang membicarakan saya', 'Biasa saja karena semua orang mempunyai kekurangan dan kelemahan', 'Berusaha mencari kekurangan dan kelemahan orang yang membicarakan saya itu', 1, 5, 3, 4, 2),
(219, 3, 'Saya mengalami kegagalan dalam tes seleksi CPNS, padahal itu merupakan cita cita saya sejak lama. Saya ....<br>', 'Tidak menyerah dan tetap mempersiapkan diri untuk tes selanjutnya', 'Merasa sedih namun hanya sebentar saja', 'Merasa sangat bodoh dan meratapi nasib saya', 'Meninggalkan cita cita saya tersebut dan merasa ini bukan jalan saya', 'Tidak terima dan merasa ada yang salah dalam tes seleksi', 5, 4, 3, 1, 2),
(220, 3, 'Dalam melaksanakan suatu tugas yang telah dipercayakan kepada saya, saya akan ....<br>', 'Selalu menunggu keputusan pimpinan', 'Berani mengambil keputusan sendiri', 'Membuat keputusan dengan bantuan teman yang lain', 'Tidak berani mengambil keputusan sendiri', 'Hanya mengambil keputusan yang berada dalam wewenang saya', 2, 5, 3, 1, 4),
(221, 3, 'Saya tiba tiba mendapat tugas keluar kota sampai dengan delapan bulan. Padahal saya belum membuat laporan kerja bulanan. Saya akan ....<br>', 'Membuat laporan kerja bulanan setelah pulang dari tugas keluar kota', 'Tidak membuat laporan kerja bulanan', 'Menyelesaikan laporan kerja bulanan sebelum sebelum berangkat tugas', 'Meminta bantuan teman untuk mengerjakan laporan kerja bulanan', 'Meminta pertimbangan atasan', 3, 1, 5, 2, 4),
(222, 3, '<p>Disaat kami menyelesaikan sebuah proyek, patner saya mendadak sakit, padahal target waktu yang diberikan sudah sangat dekat. Saya akan ....<br></p>', 'Menyelesaikan pekerjaan sendirian dan memberi kesempatan patner untek beristirahat', 'Segera mencari patner baru', 'Tidak menyelesaikan proyek tersebut', 'Meminta pengunduran teggat waktu', 'Mencari tenaga sementara yang dapat membantu mengerjakan pekerjaan patner saya', 5, 2, 1, 3, 4),
(223, 3, 'Beberapa hari saya akan menghadapi ujian kompetensi, dimana pada ujian sebelumnya saya gagal dengan hasil yang kurang baik. Saya akan ....<br>', 'Belajar berdasarkan soal ujian kompetensi yang kemarin', 'Mempersiapkan diri dengan lebih baik supaya berhasil lolos dengan hasil yang memuaskan', 'Melakukan persiapan dan belajar sewajarnya', 'Mencari kemungkinan jalan pintas untuk lolos uji kompetensi', 'Tidak belajar karena itu tidak berpengaruh terhadap karier saya', 4, 5, 3, 1, 2),
(224, 3, 'Menurut saya, kuliah dan menuntut ilmu saat sudah bekerja adalah ....<br>', 'Sauatu yang sia sia', 'Harus kita lakukan karena tuntutan kantor', 'Boleh dilakukan kalau tidak banyak pekerjaan', 'Dilakukan untuk mendapatkan kenaikan jabatan', 'Penting untuk meningkatkan pengetahuan kita', 1, 2, 4, 3, 5),
(225, 3, 'Saya mendapat tugas untuk melanjutkan pendidikan diluar kota, sementara anak anak saya masih kecil. Yang saya lakukan ....<br>', 'Mempertimbangkannya dengan keluarga', 'Menolak tugas tersebut', 'Menerima tugas tersebut dan membawa keluarga untuk pindah dan tinggal bersama', 'Meminta atasan untuk menunda tugas tersebut', 'Menerima tugas tersebut dan menjalani jauh dari keluarga untuk sementara', 3, 1, 5, 2, 4),
(226, 3, 'Dalam sebuah tim sepak bola, saya memiliki kemampuan dibawah teman teman anggota tim lainnya. Saya akan ....<br>', 'Merasa Minder', 'Malas Berlatih', 'Berlatih lebih giat', 'Keluar dari tim', 'Berlatih sesuai jadwal', 3, 2, 5, 1, 4),
(227, 3, 'Divisi tempat saya bekerja sedang mengalami samalah manajemen keuangan yang sangat serius. Saya akan ....<br>', 'Mencari peluang untuk pindah ke divisi lain yang lebih sehat manajemennya', 'Mencoba mencari solusi dari divisi lain yang pernah mengalami hal serupa', 'Tetap bekerja seperti biasa dan tidak ikut memikirkannya', 'Membiarkan itu menjadi urusan manajer keuangan', 'Menganalisis sumber masalah dan membantu mencari alternatif solusi', 1, 4, 3, 2, 5),
(228, 3, 'Secara ideal saya ingin bekerja dalam sebuah tim yang ....<br>', 'Berprestasi tinggi', 'Tidak menyita banyak waktu', 'Terdiri atas bagian bagian terpisah', 'Saling menopang', 'Memberikan keuntungan', 4, 2, 3, 5, 1),
(229, 3, 'anak buah saya mengerjakan pekerjaannya dengan sangat baik melebihi target yang diberikan. Yang saya lakukan ....<br>', 'Memujinya dan menyemangatinya supaya dia semakin termotivasi', 'Memberikan sedikit penghargaan dan memintanya untuk menjaga prestasi kerjanya', 'Memberikannya target yang sedikit lebih tinggi', 'Mengusulkannya untuk promosi jabatan', 'Biasa saja dan mengganggap itu sebagai prestasi yang wajar', 4, 5, 1, 3, 2),
(230, 3, 'Beberapa anggota kelompok saya cendrung malas dan susah bekerja sama dengan yang lain. Yang saya lakukan ....<br>', 'Langsung mengeluarkan mereka', 'Mencari solusi sendiri dan membuat kebijakan untuk mereka', 'Memarahi dan meminta mereka untuk bekerja serius ', 'Memanggil mereka dan menanyakan apa masalah mereka', 'Membiarkan saja', 2, 4, 3, 5, 1),
(231, 3, 'Kawasan di sekitar perumahan saya banyak rumput yang tinggi sehingga terlihat kumuh dan mengganggu kenyamanan. Yang saya lakukan ....<br>', 'Memanggil orang untuk membersihkannya', 'Membiarkan saja karena bukan urusan saya sendiri', 'Melaporkan kondisi yang ada kepada kepada ketua RT', 'Mengajak warga sekitar untuk bersama sama membersihkan', 'Membersihkan rumput tersebut sendirian', 3, 1, 2, 5, 4),
(232, 3, 'Saya sedang dalam perjalanan ke kantor menggunakan kendaraan umum, Tiba tiba kendaraan tersebut mogok di jalan. Saya akan ....<br>', 'Menggunkan kendaraan tersebut selesai diperbaiki', 'Berusaha mencari kendaraan lain untuk ke kantor', 'Mengabari teman dikantor dan menyampaikan bahwa saya akan terlambat', 'Meminta teman kantor untuk menjemput saya', 'merusaha secepatnya untuk ke kantor supaya tidak terlambat', 1, 4, 2, 3, 5),
(233, 3, 'Saat melaksanakan tugas yang menurut saya berat dan diluar kemampuan, biasanya saya ....<br>', 'Meminta teman untuk membantu saya mengerjakannya', 'Menyerah dan meninggalkan tugas tersebut', 'Belajar dari orang yang lebih mengerti tentang tugas tersebut', 'Berusaha menyelesaikannya sedikit demi sedikit', 'Meminta teman untuk menggantikannya', 3, 1, 4, 5, 2),
(234, 3, 'Suatu hari terjadi kesalah pahaman antara saya dengan rekan kerja saya, saya akan ....<br>', 'Tidak mau peduili selama tidak menggangu pekerjaan', 'Mencari akar permasalahan dan menyelesaikannya dengan baik baik', 'Membiarkan saja', 'Merasa bingung dan cemas', 'Tidak mau bertemu dengan rekan kerja tersebut', 4, 5, 3, 2, 1),
(235, 3, 'Ketika mendapatkan suatu hasil yang buruk atas perbuatan saya, saya bisanya ....<br>', 'Menyalahkan orang lain karean tidak mengingatkan saya', 'Menerima dengan ikhlas segala akibatnya', 'Menerima dengan setengah menyesal ', 'Menyesali terus menerus', 'Menyalahkan orang lain yang mengajak saya melakukan perbuatan tersebut', 2, 5, 4, 3, 1),
(236, 3, 'Saat orang alin menilai saya jelek saya akan ....<br>', 'Tidak peduli', 'Sedih', 'Intropeksi diri', 'Tidak terima dan meminta penjelasan', 'Mencari kejelekan orang tersebut', 2, 4, 5, 3, 1),
(237, 3, 'Patner kerja yang baik menurut saya adalah yang ....<br>', 'Menurut kepada saya', 'Lebih pintar dari pada saya', 'Saling melengkapi dengan saya', 'Berani dan tegas', 'Jujur dan santun', 1, 2, 4, 3, 5),
(238, 3, 'Saya baru saja menerima penghargaan dari kantor atas kinerja saya selama ini. Saya akan ....<br>', 'Bekerja lebih giat untuk memotivasi teman teman kantor yang lain', 'Tetap bekerja seperti biasa', 'Bekerja lebih giat agar mendapat penghargaan lagi', 'Bersyukur dan berusaha mempertahankannya', 'Menunjukkan penghargaan tersebut kepada teman teman kantor', 4, 2, 3, 5, 1),
(239, 3, '<p>Jika harus menilai diri sendiri, saya merupakan tipe orang yang ....<br></p>', 'Senang bekerja keras', 'Santun dan taat peraturan', 'Penuh tanggung jawab', 'Senang menerima tantangan baru', 'Memiliki ambisi tinggi', 4, 1, 3, 5, 2),
(240, 3, 'Hasil survei menunjukan bahwa saat ini perusahaan kami berada di urutan ketiga perusahaan terbaik di kota kami. Untuk menjadi yang terbaik cara yang harus dilakukan menurut saya adalah ....<br>', 'Meningkatkan kinerja perusahaan', 'Membentuk opini publik yang akan dapat mempengaruhi hasil survei', 'Mendekati lembaga survei untuk memenangkan perusahan kami', 'Berusaha mencari kelemahan perusahaan lawan dan mengeksplornya ke masyarakat', 'Tetap seperti biasa, karena hasil survei itu tidak begitu signifikan terhadap perkembangan perusahaan', 5, 4, 2, 3, 1),
(241, 3, '<p>Atasan meminta saya untuk melakukan sebuah pekerjaan yang di luar kemampuan saya. Saya akan ....<br></p>', 'Mempertimbangkan sebelum memutuskan untuk menerima', 'Mencoba setelah sebelumnya menjelaskan kondisi kemampuan saya', 'Menerimanya dengan setengah hati', 'Menolak pekerjaan tersebut', 'Menerimanya dan kemudian meminta bantuan teman untuk menyelesaikannya', 4, 5, 2, 1, 3),
(242, 3, 'Dalam perjalan karir saya, saya mengalami banyak keberhasilan karena saya ....<br>', 'Memiliki nasib yang sangat baik', 'Berani mengambil risiko', 'Saya memiliki sikap yang layak untuk meraih keberhasilan', 'Ulet dan tidak pernah menyerah', 'Banyak orang orang yang membantu', 1, 3, 5, 4, 2),
(243, 3, 'Saat sedang menghadapi suatu masalah saya adalah tipikal orang yang ....<br>', 'Mudah tersinggung', 'Tetap seperti saya yang biasanya', 'Peurung', 'Bingung dan suka cemas', 'Tidak mau bertemu orang', 2, 5, 4, 3, 1),
(244, 3, 'Anak buah saya menolak dan tidak mau melaksanakan tugas yang saya berikan kepadanya. Sikap saya terhadapnya adalah ....<br>', 'Berlapang dada dan membiarkan', 'Langsung memberikan hukuman kepadanya', 'Menanyakan alasan keberatannya dan membuat keputusan dari situ', 'Memindahkannya ke bagian lain yang lebih rendah kedudukannya', 'Memberinya peringatan untuk tidak menolak tugas lagi', 3, 2, 5, 1, 4),
(245, 3, 'Pada saat saya membutuhkan bantuan, teman dekat saya menolak untuk memberikan bantuan. Saya akan ....<br>', 'Sakit hati dan tidak mau membantunya jika dia memerlukannya', 'Menerima keputusannya', 'Tidak mau berteman lagi dengannya', 'Merasa kecewa dengannya', 'Memohon dan memaksa ia untuk membantu saya', 2, 5, 1, 4, 3),
(246, 3, 'Perusahaan membuat kebijakan untuk memotong uang lembur karyawan tanpa pemberitahuan terlebih dahulu. Saya akan ....<br>', 'Tetap bekerja seperti biasa', 'Bekerja dengan malas malasan', 'Mengajak teman sekantor untuk mengadakan demo', 'Mengundurkan diri sendiri perusahan', 'Meminta penjelasan dari atasan terkait kebijakan tersebut', 4, 3, 2, 1, 5);

-- --------------------------------------------------------

--
-- Table structure for table `tbl_kategori_soal`
--

CREATE TABLE `tbl_kategori_soal` (
  `id` int(11) NOT NULL,
  `nama_kategori` varchar(128) NOT NULL,
  `singkatan` varchar(128) NOT NULL,
  `butir_soal` int(11) NOT NULL,
  `ambang_batas` int(11) NOT NULL
) ENGINE=InnoDB DEFAULT CHARSET=latin1;

--
-- Dumping data for table `tbl_kategori_soal`
--

INSERT INTO `tbl_kategori_soal` (`id`, `nama_kategori`, `singkatan`, `butir_soal`, `ambang_batas`) VALUES
(1, 'Tes Intelegensi Umum', 'TIU', 35, 80),
(2, 'Tes Wawasan Kebangsaan', 'TWK', 30, 65),
(3, 'Tes Karakteristik Pribadi', 'TKP', 35, 126);

-- --------------------------------------------------------

--
-- Table structure for table `tbl_nilai`
--

CREATE TABLE `tbl_nilai` (
  `id` int(11) NOT NULL,
  `simulasi_id` int(11) NOT NULL,
  `kategori_id` int(11) NOT NULL,
  `nilai` int(11) NOT NULL
) ENGINE=InnoDB DEFAULT CHARSET=latin1;

--
-- Dumping data for table `tbl_nilai`
--

INSERT INTO `tbl_nilai` (`id`, `simulasi_id`, `kategori_id`, `nilai`) VALUES
(7, 11, 1, 50),
(8, 11, 2, 25),
(9, 11, 3, 104),
(10, 12, 1, 20),
(11, 12, 2, 50),
(12, 12, 3, 95),
(13, 13, 1, 30),
(14, 13, 2, 50),
(15, 13, 3, 90),
(31, 19, 1, 20),
(32, 19, 2, 30),
(33, 19, 3, 104),
(34, 20, 1, 35),
(35, 20, 2, 50),
(36, 20, 3, 95),
(37, 21, 1, 0),
(38, 21, 2, 0),
(39, 21, 3, 0);

-- --------------------------------------------------------

--
-- Table structure for table `tbl_simulasi`
--

CREATE TABLE `tbl_simulasi` (
  `id` int(11) NOT NULL,
  `user_id` int(11) NOT NULL,
  `list_jawaban` longtext NOT NULL,
  `waktu_mulai` datetime NOT NULL,
  `waktu_selesai` datetime NOT NULL,
  `token_simulasi` varchar(256) NOT NULL,
  `status_simulasi` varchar(128) NOT NULL
) ENGINE=InnoDB DEFAULT CHARSET=latin1;

--
-- Dumping data for table `tbl_simulasi`
--

INSERT INTO `tbl_simulasi` (`id`, `user_id`, `list_jawaban`, `waktu_mulai`, `waktu_selesai`, `token_simulasi`, `status_simulasi`) VALUES
(11, 18, '150:1:A:0:T,147:1:E:0:T,146:1:C:0:T,185:1:C:5:T,199:1:B:5:T,148:1:C:0:T,155:1:A:0:T,193:1:C:0:T,188:1:D:5:T,136:1:D:0:T,60:1:A:5:T,144:1:D:0:T,138:1:E:0:T,142:1:E:0:T,187:1:E:0:T,134:1:B:0:T,201:1:C:5:T,194:1:D:0:T,149:1:D:0:T,153:1:C:0:T,135:1:D:5:T,92:1:C:0:T,198:1:D:0:T,151:1:C:0:T,137:1:D:0:T,195:1:B:0:T,132:1:E:0:T,191:1:E:0:T,88:1:C:0:T,139:1:C:5:T,59:1:A:0:T,145:1:B:0:T,152:1:D:5:T,140:1:E:5:T,192:1:C:5:T,171:2:A:5:T,119:2:D:0:T,170:2:A:0:T,184:2:A:5:T,112:2:B:0:T,162:2:B:0:T,169:2:D:0:T,110:2:C:0:T,114:2:B:0:T,77:2:D:0:T,126:2:E:0:T,97:2:D:0:T,163:2:B:0:T,98:2:D:0:T,109:2:B:0:T,174:2:B:5:T,182:2:A:0:T,100:2:A:0:T,121:2:C:0:T,166:2:E:0:T,63:2:C:5:T,108:2:B:0:T,178:2:D:0:T,161:2:A:0:T,64:2:A:0:T,177:2:C:0:T,82:2:D:0:T,131:2:D:5:T,130:2:A:0:T,105:2:C:0:T,219:3:B:4:T,228:3:D:5:T,221:3:E:4:T,211:3:E:2:T,157:3:B:3:T,204:3:A:3:T,246:3:B:3:T,245:3:A:2:T,243:3:D:3:T,213:3:A:4:T,214:3:E:5:T,220:3:D:1:T,232:3:B:4:T,212:3:C:2:T,231:3:C:2:T,203:3:D:3:T,218:3:C:3:T,159:3:E:1:T,242:3:E:2:T,238:3:D:5:T,237:3:A:1:T,240:3:D:3:T,202:3:E:4:T,235:3:E:1:T,215:3:E:4:T,233:3:B:1:T,244:3:E:4:T,236:3:D:3:T,222:3:E:4:T,224:3:E:5:T,234:3:E:1:T,156:3:B:4:T,216:3:E:2:T,223:3:E:2:T,205:3:E:4:T', '2020-01-24 19:41:25', '2020-01-24 21:11:25', 'UOBKYacwscfXPJf0OO13qNCRoZU9Lht/i/MZO+HBW6g=', 'Selesai'),
(12, 18, '151:1:A:0:T,189:1:B:0:T,134:1:D:0:T,185:1:B:0:T,186:1:C:0:T,201:1:D:0:T,89:1:B:0:T,137:1:C:5:T,142:1:E:0:T,187:1:C:0:T,194:1:A:0:T,153:1:A:0:T,152:1:C:0:T,133:1:D:0:T,144:1:D:0:T,154:1:B:0:T,94:1:A:0:T,62:1:B:0:T,136:1:C:0:T,92:1:B:0:T,199:1:E:0:T,59:1:B:0:T,198:1:D:0:T,139:1:D:0:T,196:1:D:0:T,193:1:B:0:T,132:1:C:0:T,197:1:B:0:T,135:1:D:5:T,146:1:D:5:T,148:1:C:0:T,143:1:E:5:T,140:1:D:0:T,147:1:B:0:T,200:1:B:0:T,97:2:C:5:T,117:2:E:0:T,118:2:E:5:T,160:2:E:0:T,170:2:A:0:T,176:2:C:0:T,166:2:E:0:T,119:2:B:0:T,77:2:C:0:T,99:2:C:5:T,177:2:D:5:T,162:2:E:5:T,82:2:E:5:T,101:2:B:0:T,183:2:C:0:T,184:2:D:0:T,112:2:D:5:T,174:2:C:0:T,107:2:D:0:T,168:2:B:0:T,104:2:B:0:T,130:2:B:5:T,128:2:C:0:T,163:2:C:0:T,178:2:B:0:T,126:2:E:0:T,172:2:A:0:T,161:2:E:0:T,120:2:C:5:T,64:2:D:5:T,244:3:D:1:T,232:3:D:3:T,241:3:C:2:T,238:3:E:1:T,230:3:A:2:T,208:3:B:5:T,243:3:D:3:T,235:3:E:1:T,224:3:D:3:T,202:3:B:5:T,237:3:B:2:T,156:3:B:4:T,157:3:D:5:T,221:3:B:1:T,236:3:C:5:T,218:3:A:1:T,204:3:A:3:T,234:3:E:1:T,231:3:A:3:T,240:3:B:4:T,211:3:D:5:T,246:3:B:3:T,226:3:C:5:T,222:3:C:1:T,210:3:E:3:T,214:3:E:5:T,225:3:E:4:T,212:3:C:2:T,96:3:E:1:T,220:3:B:5:T,227:3:A:1:T,229:3:C:1:T,159:3:E:1:T,217:3:D:1:T,213:3:D:2:T', '2020-01-24 21:15:45', '2020-01-24 22:45:45', 'cKC8Vp5x/LZ5RPGbNzwj96IppABuPfQIBuNp49iLBbo=', 'Selesai'),
(13, 16, '152:1:A:0:T,59:1:B:0:T,139:1:B:0:T,88:1:B:0:T,149:1:A:0:T,197:1:A:0:T,136:1:E:0:T,185:1:E:0:T,193:1:E:0:T,92:1:C:0:T,138:1:E:0:T,146:1:D:5:T,200:1:A:0:T,147:1:B:0:T,144:1:B:5:T,137:1:E:0:T,198:1:E:0:T,196:1:D:0:T,192:1:B:0:T,135:1:B:0:T,151:1:D:0:T,199:1:E:0:T,187:1:D:0:T,189:1:D:5:T,194:1:B:5:T,86:1:B:0:T,148:1:C:0:T,188:1:B:0:T,186:1:E:0:T,143:1:D:0:T,145:1:E:0:T,60:1:A:5:T,190:1:D:0:T,140:1:D:0:T,133:1:E:5:T,130:2:B:5:T,128:2:D:0:T,116:2:B:0:T,100:2:D:5:T,173:2:E:5:T,127:2:B:0:T,125:2:B:0:T,121:2:A:5:T,164:2:A:0:T,98:2:A:0:T,85:2:C:0:T,82:2:B:0:T,105:2:C:0:T,109:2:E:0:T,123:2:C:5:T,175:2:A:5:T,163:2:B:0:T,124:2:B:5:T,107:2:E:0:T,106:2:C:5:T,64:2:A:0:T,178:2:B:0:T,111:2:B:5:T,174:2:B:5:T,126:2:A:0:T,131:2:B:0:T,180:2:A:0:T,115:2:D:0:T,101:2:B:0:T,176:2:C:0:T,226:3:D:1:T,227:3:E:5:T,242:3:B:3:T,218:3:A:1:T,232:3:A:1:T,231:3:A:3:T,233:3:A:3:T,212:3:A:3:T,228:3:A:4:T,245:3:A:2:T,221:3:A:3:T,241:3:A:4:T,222:3:A:5:T,214:3:A:1:T,234:3:D:2:T,246:3:A:4:T,213:3:A:4:T,235:3:B:5:T,208:3:D:1:T,243:3:E:1:T,207:3:B:4:T,159:3:C:3:T,202:3:A:3:T,224:3:B:2:T,230:3:A:2:T,217:3:D:1:T,204:3:C:5:T,156:3:A:1:T,215:3:B:2:T,210:3:B:4:T,237:3:D:3:T,225:3:B:1:T,205:3:C:1:T,157:3:C:1:T,236:3:E:1:T', '2020-01-25 10:39:37', '2020-01-25 12:09:37', 'qPjU0UsRtZ+J05RtmvMwAOMqkeTilb9K6qorV43L7Kg=', 'Selesai'),
(19, 16, '190:1:D:0:T,191:1:E:0:T,195:1:E:0:T,145:1:E:0:T,135:1:E:0:T,192:1:E:0:T,60:1:E:0:T,94:1:D:0:T,199:1:E:0:T,132:1:D:0:T,150:1:D:0:T,137:1:D:0:T,134:1:E:0:T,154:1:E:0:T,186:1:D:0:T,62:1:D:0:T,193:1:E:0:T,188:1:E:0:T,140:1:A:0:T,136:1:E:0:T,144:1:E:0:T,92:1:D:0:T,148:1:E:5:T,151:1:E:0:T,147:1:D:0:T,153:1:E:0:T,201:1:E:0:T,196:1:E:0:T,59:1:D:0:T,185:1:E:0:T,200:1:E:5:T,189:1:E:0:T,146:1:D:5:T,61:1:C:5:T,198:1:E:0:T,63:2:E:0:T,177:2:E:0:T,163:2:E:0:T,183:2:D:5:T,171:2:A:5:T,107:2:E:0:T,112:2:C:0:T,105:2:D:0:T,123:2:D:0:T,167:2:E:0:T,100:2:C:0:T,126:2:C:5:T,120:2:E:0:T,176:2:C:0:T,130:2:C:0:T,174:2:E:0:T,99:2:B:0:T,170:2:A:0:T,128:2:E:5:T,106:2:E:0:T,115:2:E:0:T,124:2:D:0:T,114:2:D:5:T,64:2:E:0:T,181:2:E:0:T,173:2:E:5:T,104:2:C:0:T,102:2:E:0:T,77:2:D:0:T,164:2:E:0:T,224:3:E:5:T,225:3:D:2:T,218:3:E:2:T,226:3:D:1:T,210:3:E:3:T,220:3:E:4:T,238:3:B:2:T,239:3:A:4:T,214:3:E:5:T,211:3:E:2:T,237:3:C:4:T,227:3:E:5:T,243:3:E:1:T,217:3:E:2:T,246:3:E:5:T,241:3:E:3:T,236:3:E:1:T,230:3:E:1:T,207:3:E:2:T,232:3:B:4:T,235:3:E:1:T,240:3:A:5:T,213:3:B:1:T,157:3:C:1:T,158:3:D:4:T,204:3:A:3:T,245:3:D:4:T,205:3:E:4:T,222:3:C:1:T,208:3:B:5:T,233:3:E:2:T,156:3:B:4:T,221:3:C:5:T,203:3:D:3:T,212:3:A:3:T', '2020-02-06 14:17:25', '2020-02-06 15:47:25', 'TbH4yam1b/1cqNcqodytQVHlU8OwIjqc+xmitBPLmaY=', 'Selesai'),
(20, 15, '142:1:A:0:T,200:1:C:0:T,149:1:A:0:T,146:1:B:0:T,148:1:C:0:T,196:1:D:0:T,185:1:E:0:T,89:1:E:0:T,193:1:D:0:T,190:1:C:5:T,192:1:B:0:T,195:1:A:0:T,92:1:A:0:T,138:1:B:5:T,199:1:C:0:T,151:1:D:0:T,60:1:A:5:T,143:1:D:0:T,155:1:D:0:T,194:1:E:0:T,62:1:A:5:T,86:1:A:0:T,188:1:B:0:T,198:1:B:0:T,201:1:C:5:T,144:1:C:0:T,154:1:C:0:T,145:1:E:0:T,139:1:B:0:T,133:1:E:5:T,135:1:B:0:T,189:1:C:0:T,152:1:B:0:T,153:1:D:5:T,94:1:B:0:T,166:2:E:0:T,77:2:B:5:T,174:2:D:0:T,110:2:E:0:T,184:2:B:0:T,161:2:D:0:T,118:2:C:0:T,125:2:C:0:T,63:2:B:0:T,102:2:D:0:T,100:2:A:0:T,116:2:C:5:T,177:2:B:0:T,123:2:C:5:T,85:2:B:0:T,120:2:C:5:T,97:2:C:5:T,104:2:C:0:T,129:2:B:5:T,82:2:D:0:T,160:2:D:0:T,171:2:A:5:T,121:2:B:0:T,64:2:D:5:T,101:2:C:5:T,181:2:D:0:T,172:2:A:0:T,127:2:A:0:T,170:2:B:0:T,114:2:D:5:T,227:3:C:3:T,215:3:E:4:T,241:3:A:4:T,226:3:B:2:T,219:3:D:1:T,235:3:E:1:T,210:3:D:5:T,225:3:C:5:T,209:3:D:2:T,242:3:C:5:T,229:3:C:1:T,202:3:B:5:T,221:3:B:1:T,230:3:C:3:T,238:3:D:5:T,232:3:C:2:T,211:3:C:3:T,234:3:C:3:T,206:3:C:1:T,222:3:C:1:T,214:3:A:1:T,156:3:A:1:T,244:3:D:1:T,231:3:B:1:T,157:3:B:3:T,240:3:B:4:T,216:3:E:2:T,237:3:C:4:T,213:3:B:1:T,220:3:E:4:T,243:3:D:3:T,204:3:E:4:T,239:3:A:4:T,212:3:E:1:T,218:3:D:4:T', '2020-02-07 07:56:31', '2020-02-07 09:26:31', '1h0P+BYf/fEFj9RB1dnwx1A1JbSr8fbB5Yqu9E/AV8Q=', 'Selesai'),
(21, 15, '86:1:A:0:T,138:1:X:0:F,139:1:X:0:F,142:1:X:0:F,132:1:X:0:F,59:1:X:0:F,140:1:X:0:F,186:1:X:0:F,185:1:X:0:F,145:1:X:0:F,201:1:X:0:F,148:1:X:0:F,149:1:X:0:F,190:1:X:0:F,191:1:X:0:F,196:1:X:0:F,197:1:X:0:F,147:1:X:0:F,143:1:X:0:F,199:1:X:0:F,188:1:X:0:F,133:1:X:0:F,88:1:X:0:F,187:1:X:0:F,94:1:X:0:F,195:1:X:0:F,137:1:X:0:F,144:1:X:0:F,150:1:X:0:F,193:1:X:0:F,154:1:X:0:F,134:1:X:0:F,194:1:X:0:F,60:1:X:0:F,62:1:X:0:F,172:2:X:0:F,112:2:X:0:F,123:2:X:0:F,113:2:X:0:F,129:2:X:0:F,183:2:X:0:F,122:2:X:0:F,116:2:X:0:F,85:2:X:0:F,160:2:X:0:F,121:2:X:0:F,110:2:X:0:F,107:2:X:0:F,114:2:X:0:F,119:2:X:0:F,102:2:X:0:F,167:2:X:0:F,125:2:X:0:F,100:2:X:0:F,169:2:X:0:F,98:2:X:0:F,179:2:X:0:F,184:2:X:0:F,108:2:X:0:F,174:2:X:0:F,64:2:X:0:F,82:2:X:0:F,117:2:X:0:F,182:2:X:0:F,101:2:X:0:F,235:3:X:0:F,159:3:X:0:F,214:3:X:0:F,222:3:X:0:F,232:3:X:0:F,217:3:X:0:F,96:3:X:0:F,242:3:X:0:F,231:3:X:0:F,206:3:X:0:F,210:3:X:0:F,219:3:X:0:F,213:3:X:0:F,226:3:X:0:F,212:3:X:0:F,220:3:X:0:F,239:3:X:0:F,236:3:X:0:F,228:3:X:0:F,223:3:X:0:F,208:3:X:0:F,229:3:X:0:F,246:3:X:0:F,225:3:X:0:F,218:3:X:0:F,202:3:X:0:F,158:3:X:0:F,234:3:X:0:F,157:3:X:0:F,204:3:X:0:F,240:3:X:0:F,243:3:X:0:F,203:3:X:0:F,209:3:X:0:F,216:3:X:0:F', '2023-05-01 17:23:10', '2023-05-01 18:53:10', '7eNjqQFuJjYyrNvL2GxGlFFgAKc5Bcbk+AZdj15RMcE=', 'Selesai');

-- --------------------------------------------------------

--
-- Table structure for table `tbl_user`
--

CREATE TABLE `tbl_user` (
  `id` int(11) NOT NULL,
  `role_id` int(11) NOT NULL,
  `nama` varchar(128) NOT NULL,
  `email` varchar(128) NOT NULL,
  `password` varchar(256) NOT NULL,
  `is_active` int(11) NOT NULL,
  `date_created` int(11) NOT NULL
) ENGINE=InnoDB DEFAULT CHARSET=latin1;

--
-- Dumping data for table `tbl_user`
--

INSERT INTO `tbl_user` (`id`, `role_id`, `nama`, `email`, `password`, `is_active`, `date_created`) VALUES
(14, 1, 'Bang Ambo', 'adminsimulasi@simulasi.com', '779e67af1412d15878ed0b6fc605a0e6a3519fd91db7ec2ca903d5eca8465d6cc0147a71d19e7e0235755234b5334ac44b6577939b4069a4933ee45c8cd68335oXKJ8XEslLL3NH4I+YW0DgZdpYtC0kptIRWbyRNIxdw=', 1, 1577627079),
(15, 2, 'Babang Tamvan', 'babangtamvannew@simulasi.com', '779e67af1412d15878ed0b6fc605a0e6a3519fd91db7ec2ca903d5eca8465d6cc0147a71d19e7e0235755234b5334ac44b6577939b4069a4933ee45c8cd68335oXKJ8XEslLL3NH4I+YW0DgZdpYtC0kptIRWbyRNIxdw=', 1, 1577627630),
(16, 2, 'Sobat Ambyar', 'sobatambyar@simulasi.com', 'c8294181c257836383727ed9ee59a3bffcfd92d34ede09d184970dce43c2757b16894b93ce7e5afcf77edf6480c393ee812d6173e0205df81744a66d52a7e71aI4ULyGbYRP2I0xjBT3il16EHZaTuVPKDTy+aEc5VlhY=', 1, 1577628763),
(18, 2, 'Lelah Mishquen Otewe Kaya', 'otewekaya@simulasi.com', '75e439ddc2c538b7ff1bb97fb8852a8802b6373b5fa126de7b11818e7aa694000a7ce290d6541bfddd9caaf1ff9a409e1ea024c636793342ee9665618303b8195xCRYcOyw1lYeVgwhDQLy49wokMb5VxvzDSb8dq16Gg=', 1, 1579868902);

-- --------------------------------------------------------

--
-- Table structure for table `tbl_user_role`
--

CREATE TABLE `tbl_user_role` (
  `id` int(11) NOT NULL,
  `role` varchar(128) NOT NULL
) ENGINE=InnoDB DEFAULT CHARSET=latin1;

--
-- Dumping data for table `tbl_user_role`
--

INSERT INTO `tbl_user_role` (`id`, `role`) VALUES
(1, 'Admin'),
(2, 'Member');

-- --------------------------------------------------------

--
-- Table structure for table `vendor_category`
--

CREATE TABLE `vendor_category` (
  `id` int(11) NOT NULL,
  `category` varchar(128) NOT NULL
) ENGINE=InnoDB DEFAULT CHARSET=utf8mb4;

--
-- Dumping data for table `vendor_category`
--

INSERT INTO `vendor_category` (`id`, `category`) VALUES
(1, 'PROCUREMENT');

-- --------------------------------------------------------

--
-- Table structure for table `v_frs_journal`
--

CREATE TABLE `v_frs_journal` (
  `journal_no` char(25) DEFAULT NULL,
  `journal_date` date DEFAULT NULL,
  `description` char(150) DEFAULT NULL,
  `category` char(25) DEFAULT NULL,
  `account_customer` char(15) DEFAULT NULL,
  `name_customer` varchar(100) DEFAULT NULL,
  `account_vendor` char(15) DEFAULT NULL,
  `name_vendor` varchar(50) DEFAULT NULL,
  `reference_no` char(25) DEFAULT NULL,
  `source_no` char(25) DEFAULT NULL,
  `currency` char(3) DEFAULT NULL,
  `status_id` char(2) DEFAULT NULL,
  `status` varchar(25) DEFAULT NULL,
  `category_book` char(1) DEFAULT NULL
) ENGINE=InnoDB DEFAULT CHARSET=latin1;

-- --------------------------------------------------------

--
-- Table structure for table `v_frs_journal_credit`
--

CREATE TABLE `v_frs_journal_credit` (
  `journal_no` char(25) DEFAULT NULL,
  `journal_date` date DEFAULT NULL,
  `category` char(25) DEFAULT NULL,
  `amount_credit` double DEFAULT NULL
) ENGINE=InnoDB DEFAULT CHARSET=latin1;

-- --------------------------------------------------------

--
-- Table structure for table `v_frs_journal_debit`
--

CREATE TABLE `v_frs_journal_debit` (
  `journal_no` char(25) DEFAULT NULL,
  `journal_date` date DEFAULT NULL,
  `category` char(25) DEFAULT NULL,
  `amount_debit` double DEFAULT NULL
) ENGINE=InnoDB DEFAULT CHARSET=latin1;

--
-- Indexes for dumped tables
--

--
-- Indexes for table `frs_general_company_profile`
--
ALTER TABLE `frs_general_company_profile`
  ADD PRIMARY KEY (`account`);

--
-- Indexes for table `frs_general_menu`
--
ALTER TABLE `frs_general_menu`
  ADD PRIMARY KEY (`id`);

--
-- Indexes for table `frs_log_activity`
--
ALTER TABLE `frs_log_activity`
  ADD PRIMARY KEY (`log_id`);

--
-- Indexes for table `frs_marketing_customer`
--
ALTER TABLE `frs_marketing_customer`
  ADD PRIMARY KEY (`account`);

--
-- Indexes for table `frs_purchase_vendor`
--
ALTER TABLE `frs_purchase_vendor`
  ADD PRIMARY KEY (`account`);

--
-- Indexes for table `tbl_bank_soal`
--
ALTER TABLE `tbl_bank_soal`
  ADD PRIMARY KEY (`id`),
  ADD KEY `kategori_id` (`kategori_id`);

--
-- Indexes for table `tbl_kategori_soal`
--
ALTER TABLE `tbl_kategori_soal`
  ADD PRIMARY KEY (`id`);

--
-- Indexes for table `tbl_nilai`
--
ALTER TABLE `tbl_nilai`
  ADD PRIMARY KEY (`id`),
  ADD KEY `simulasi_id` (`simulasi_id`),
  ADD KEY `kategori_id` (`kategori_id`);

--
-- Indexes for table `tbl_simulasi`
--
ALTER TABLE `tbl_simulasi`
  ADD PRIMARY KEY (`id`),
  ADD KEY `user_id` (`user_id`);

--
-- Indexes for table `tbl_user`
--
ALTER TABLE `tbl_user`
  ADD PRIMARY KEY (`id`),
  ADD KEY `role_id` (`role_id`);

--
-- Indexes for table `tbl_user_role`
--
ALTER TABLE `tbl_user_role`
  ADD PRIMARY KEY (`id`);

--
-- Indexes for table `vendor_category`
--
ALTER TABLE `vendor_category`
  ADD PRIMARY KEY (`id`);

--
-- AUTO_INCREMENT for dumped tables
--

--
-- AUTO_INCREMENT for table `tbl_bank_soal`
--
ALTER TABLE `tbl_bank_soal`
  MODIFY `id` int(11) NOT NULL AUTO_INCREMENT, AUTO_INCREMENT=249;

--
-- AUTO_INCREMENT for table `tbl_kategori_soal`
--
ALTER TABLE `tbl_kategori_soal`
  MODIFY `id` int(11) NOT NULL AUTO_INCREMENT, AUTO_INCREMENT=4;

--
-- AUTO_INCREMENT for table `tbl_nilai`
--
ALTER TABLE `tbl_nilai`
  MODIFY `id` int(11) NOT NULL AUTO_INCREMENT, AUTO_INCREMENT=40;

--
-- AUTO_INCREMENT for table `tbl_simulasi`
--
ALTER TABLE `tbl_simulasi`
  MODIFY `id` int(11) NOT NULL AUTO_INCREMENT, AUTO_INCREMENT=22;

--
-- AUTO_INCREMENT for table `tbl_user`
--
ALTER TABLE `tbl_user`
  MODIFY `id` int(11) NOT NULL AUTO_INCREMENT, AUTO_INCREMENT=20;

--
-- AUTO_INCREMENT for table `tbl_user_role`
--
ALTER TABLE `tbl_user_role`
  MODIFY `id` int(11) NOT NULL AUTO_INCREMENT, AUTO_INCREMENT=3;

--
-- AUTO_INCREMENT for table `vendor_category`
--
ALTER TABLE `vendor_category`
  MODIFY `id` int(11) NOT NULL AUTO_INCREMENT, AUTO_INCREMENT=2;

--
-- Constraints for dumped tables
--

--
-- Constraints for table `tbl_bank_soal`
--
ALTER TABLE `tbl_bank_soal`
  ADD CONSTRAINT `tbl_bank_soal_ibfk_1` FOREIGN KEY (`kategori_id`) REFERENCES `tbl_kategori_soal` (`id`) ON DELETE CASCADE ON UPDATE CASCADE;

--
-- Constraints for table `tbl_nilai`
--
ALTER TABLE `tbl_nilai`
  ADD CONSTRAINT `tbl_nilai_ibfk_1` FOREIGN KEY (`simulasi_id`) REFERENCES `tbl_simulasi` (`id`) ON DELETE CASCADE ON UPDATE CASCADE,
  ADD CONSTRAINT `tbl_nilai_ibfk_2` FOREIGN KEY (`kategori_id`) REFERENCES `tbl_kategori_soal` (`id`) ON DELETE CASCADE ON UPDATE CASCADE;

--
-- Constraints for table `tbl_simulasi`
--
ALTER TABLE `tbl_simulasi`
  ADD CONSTRAINT `tbl_simulasi_ibfk_1` FOREIGN KEY (`user_id`) REFERENCES `tbl_user` (`id`) ON DELETE CASCADE ON UPDATE CASCADE;

--
-- Constraints for table `tbl_user`
--
ALTER TABLE `tbl_user`
  ADD CONSTRAINT `tbl_user_ibfk_1` FOREIGN KEY (`role_id`) REFERENCES `tbl_user_role` (`id`) ON DELETE CASCADE ON UPDATE CASCADE;
COMMIT;

/*!40101 SET CHARACTER_SET_CLIENT=@OLD_CHARACTER_SET_CLIENT */;
/*!40101 SET CHARACTER_SET_RESULTS=@OLD_CHARACTER_SET_RESULTS */;
/*!40101 SET COLLATION_CONNECTION=@OLD_COLLATION_CONNECTION */;
